,,,70,90,53,16,89,40,8,27,29,15,28,9,,,,,COLORBLIND,,,27,34,19,9,37,10,3,21,5,18,3
ID,Colorblind - Yes/1 or No/0,Pink Party: How did you inform your answer?,Color perception,Color associations,Emotional exp,Past experiences,Stereotype/Culture,Meaning/Context,Past usage/responses,Logic/abstract instinct,Embodied Instinct,Misunderstanding,Arb/Guess,No answer,"Painter (1), ChatGPT(2), Colorseeing (3), Colorblind (4)",,,,ID,Colorblind - Yes/1 or No/0,Pink Party: How did you inform your answer?,Color perception,Color associations,Emotional exp,Past experiences,Stereotype/Culture,Meaning/Context,Past usage/responses,Instinct,Misunderstanding,Arb/Guess,No answer
CM002,0,The color pink made me think of frilly things,1,1,,,,,,,,,,,3,,,,,,,,,,,,,,,,,
CM004,0,"I thought of what the color ""pink"" is usually associated with",1,1,,,,,,,,,,,3,,,,,,,,,,,,,,,,,
CM005,0,I based it off of the color pink and its associations.,1,1,,,,,,,,,,,3,,,,,,,,,,,,,,,,,
CM006,0,By thinking about the color.,1,,,,,,,,,,,,3,,,,,,,,,,,,,,,,,
CM007,0,Associating the color with the theme of the party,1,1,,,,,,,,,,,3,,,,,,,,,,,,,,,,,
CM008,0,The feeling and imagery associated with pink,1,,,,,,,,,,,,3,,,,,,,,,,,,,,,,,
CM009,0,"I associate pink with happiness and cuteness, possibly from social stigma and other social influences",,,1,,1,,,,,,,,3,,,,,,,,,,,,,,,,,
CM010,0,I thought of expensive things when I heard the word pink,1,1,,,,,,,,,,,3,,,,,,,,,,,,,,,,,
CM011,0,What society has said about the color pink,,,,,1,,,,,,,,3,,,,,,,,,,,,,,,,,
cm013,0,Based on references in pop culture.,,,,,1,,,,,,,,3,,,,,,,,,,,,,,,,,
CM015,0,I thought about the emotions that pink inspires in people and what I interpret pink to mean.,,1,1,,,1,,,,,,,3,,,,,,,,,,,,,,,,,
CM016,0,"colors of clothes and lights, chatter",1,,,,,,,,,,,,3,,,,,,,,,,,,,,,,,
CM017,0,Pink is associated with lighthearted fun in my mind; blushing,,1,1,,,,,,,,,,3,,,,,,,,,,,,,,,,,
CM018,0,Pink is affection,,,1,,,,,,,,,,3,,,,,,,,,,,,,,,,,
CM019,0,pink is warm and fuzzy,,,1,,,,,,,,,,3,,,,,,,,,,,,,,,,,
CM020,0,associates pink with feelings of happiness,,1,1,,,,,,,,,,3,,,,,,,,,,,,,,,,,
CM021,1,Pink is bright and makes me think of happiness,,1,1,,,,,,,,,,4,,,,CM021,1,Pink is bright and makes me think of happiness,,1,1,,,,,,,,
CM022,1,Pink is a positive color,,,1,,,,,,,,,,4,,,,CM022,1,Pink is a positive color,,,1,,,,,,,,
CM023,1,Flamingos are pink and flamboyant,1,,,,,,,,,,,,4,,,,CM023,1,Flamingos are pink and flamboyant,1,,,,,,,,,,
CM024,1,I thought of the color pink as flamboyant like flamingos,1,,,,,,,,,,,,4,,,,CM024,1,I thought of the color pink as flamboyant like flamingos,1,,,,,,,,,,
CM025,0,"Pink is associated with innocence, infantile",,1,,,1,,,,,,,,3,,,,,,,,,,,,,,,,,
CM026,1,Past experience,,,,1,,,,,,,,,4,,,,CM026,1,Past experience,,,,1,,,,,,,
CM027,1,pink is associated with certain activities,,1,,,1,,,,,,,,4,,,,CM027,1,pink is associated with certain activities,,1,,,1,,,,,,
CM028,1,Pink is the color of love,,1,,,,,,,,,,,4,,,,CM028,1,Pink is the color of love,,1,,,,,,,,,
CM029,1,pink is vivid,1,,,,,,,,,,,,4,,,,CM029,1,pink is vivid,1,,,,,,,,,,
CM030,1,Based on the generic symbols for a man and women. In this case the women is pink.,,,,,1,,,,,,,,4,,,,CM030,1,Based on the generic symbols for a man and women. In this case the women is pink.,,,,,1,,,,,,
CM031,1,"I thought of the general vibes of. ""pink"" personality",,1,1,,1,,,,,,,,4,,,,CM031,1,"I thought of the general vibes of. ""pink"" personality",,1,1,,1,,,,,,
CM032,1,"I know that pink is typically associated with happier activities and is a ""bright"" color",1,1,1,,,,,,,,,,4,,,,CM032,1,"I know that pink is typically associated with happier activities and is a ""bright"" color",1,1,1,,,,,,,,
CM033,1,pink is associated with feminine traits and extraversion,,1,,,1,,,,,,,,4,,,,CM033,1,pink is associated with feminine traits and extraversion,,1,,,1,,,,,,
CM034,1,Pink is commonly a feminine characteristic,,,,,1,,,,,,,,4,,,,CM034,1,Pink is commonly a feminine characteristic,,,,,1,,,,,,
CM035,1,If it was pink party then it must have had pink colors as the theme.,1,,,,,,,,,,,,4,,,,CM035,1,If it was pink party then it must have had pink colors as the theme.,1,,,,,,,,,,
CM036,1,Pink is commonly a feminine characteristic,,,,,1,,,,,,,,4,,,,CM036,1,Pink is commonly a feminine characteristic,,,,,1,,,,,,
CM038,1,tried to think of what 'pink' represents in society as other may trying to express with their words - common beliefs about 'pink',,,,,1,1,,,,,,,4,,,,CM038,1,tried to think of what 'pink' represents in society as other may trying to express with their words - common beliefs about 'pink',,,,,1,1,,,,,
CM039,1,Social constructs around pink being related to femininity,,,,,1,,,,,,,,4,,,,CM039,1,Social constructs around pink being related to femininity,,,,,1,,,,,,
CM040,1,pink makes me think of blushing,1,,1,,,,,,,,,,4,,,,CM040,1,pink makes me think of blushing,1,,1,,,,,,,,
CM041,1,Stereotypes of pink being associated with girls + having seen my younger sister's very pink birthday parties + having seen barbie,1,1,,1,1,,,,,,,,4,,,,CM041,1,Stereotypes of pink being associated with girls + having seen my younger sister's very pink birthday parties + having seen barbie,1,1,,1,1,,,,,,
P001,0,By feeling,,,,,,,,,1,,,,1,,,,,,,,,,,,,,,,,
P002,0,Personal social experiences and feelings of friends,,,1,1,,,,,,,,,1,,,,,,,,,,,,,,,,,
P003,0,none,,,,,,,,,,,,1,1,,,,,,,,,,,,,,,,,
P004,0,full of love,,,1,,,,,,,,,,1,,,,,,,,,,,,,,,,,
P005,0,Party,,,,,,1,,,,,,,1,,,,,,,,,,,,,,,,,
P006,0,I informed my answer by using the same method that was used to inform the question.,,,,,,,,,,1,,,1,,,,,,,,,,,,,,,,,
P007,0,My feeling,,,,,,,,,1,,,,1,,,,,,,,,,,,,,,,,
P008,0,You also should not feel pressured into working overtime because the company makes you feel like you need to or else they will fire you.,,,,,,,,,,1,,,1,,,,,,,,,,,,,,,,,
P009,0,First reaction,,,,,,,,1,1,,,,1,,,,,,,,,,,,,,,,,
P010,0,"I think that when somebody says, ""It was a very pink party,"" they mean the party was very light and airy. They were probably using a lot of pastel colors and maybe even some white. The whole thing probably looked really soft, like something from a beach vacation ad. When I think about pink, I think about the color of cotton candy or bubble gum‚Äîit's bright and sweet, but it also has a little bit of sadness to it because it reminds me of toys that are too old for me anymore. That's why I think this person might have used pastel colors (like pink) or white‚Äîto make the room look like an ice cream cone or cotton candy or something else sweetly nostalgic.",1,1,1,,,,,,,,,,1,,,,,,,,,,,,,,,,,
P011,0,A pink party might conjure up images of Girls' Generation's dreamy and happy days,,1,1,,,,,,,,,,1,,,,,,,,,,,,,,,,,
P012,0,It's a party that is very pink.,1,,,,,,,,,,,,1,,,,,,,,,,,,,,,,,
P013,0,I informed my answer by looking at the question and thinking about how it would be answered. I also used a dictionary to find out what words meant.,,,,,,,,,,1,,,1,,,,,,,,,,,,,,,,,
P014,0,I felt it's right,,,,,,,,1,1,,,,1,,,,,,,,,,,,,,,,,
P015,0,brain,,,,,,,,1,,,,,1,,,,,,,,,,,,,,,,,
P016,0,In my own mind,,,,,,,,1,,,,,1,,,,,,,,,,,,,,,,,
P017,0,Pink being a colour,1,,,,,,,,,,,,1,,,,,,,,,,,,,,,,,
P018,0,Pink colour means acctrativeness,,1,,,,,,,,,,,1,,,,,,,,,,,,,,,,,
P019,0,"The bright pink color is usually associated with happy and cheerful one. It gives a person a kind of relaxed, sweet and happy feeling, often with girls, fairy tales, and romantic feelings together.",,1,1,,1,,,,,,,,1,,,,,,,,,,,,,,,,,
P020,0,Color perception,1,,,,,,,,,,,,1,,,,,,,,,,,,,,,,,
P021,0,I used the internet to find information about the topic.,,,,,,,,,,1,,,1,,,,,,,,,,,,,,,,,
P022,0,Based on color,1,1,,,,,,,,,,,1,,,,,,,,,,,,,,,,,
P023,0,Through my understanding and perception of the sentence,,,,,,1,,,,,,,1,,,,,,,,,,,,,,,,,
P024,0,According to the literal meaning of this sentence.,,,,,,1,,,,,,,1,,,,,,,,,,,,,,,,,
P025,0,"As a male painter, I know that the word ""pink"" has two meanings. The first is a color. It's a bright red color, so it's not really very pink at all. The second meaning is that it has to do with female anatomy, which I am not too familiar with (I like girls, but don't know too much about their bodies). So when someone says, ""It was a very pink party,"" they are saying that there were lots of women at this party.",1,,,,1,,,,,,,,1,,,,,,,,,,,,,,,,,
P026,0,Pink is great in my heart,,1,1,,,,,,,,,,1,,,,,,,,,,,,,,,,,
P027,0,Moment of intimacy and warmth.,,,1,,,,,,,,,,1,,,,,,,,,,,,,,,,,
P028,0,idea,,,,,,,,1,,,,,1,,,,,,,,,,,,,,,,,
P029,0,I thought about it,,,,,,,,,,1,,,1,,,,,,,,,,,,,,,,,
P030,0,Based on the colour view feeling,1,,1,,,,,,,,,,1,,,,,,,,,,,,,,,,,
P031,0,Double Dating,,,1,,,,,,,,,,1,,,,,,,,,,,,,,,,,
P032,0,"I would imagine a party that's very pink would be full of women in hot pink dresses, with lots of tissue paper and streamers floating through the air. There might also be a lot of red wine and other party foods, with pink tablecloths and napkins.",1,,,,1,,,,,,,,1,,,,,,,,,,,,,,,,,
P033,0,"I would explain that it is a very pink party because I can see the party reflected on the wall. The wall is pink and has been painted pink, so when I look at the wall, it looks like the party.",1,,,,,,,,,,,,1,,,,,,,,,,,,,,,,,
P034,0,the hue itself brings a calm feeling to me. My personal reaction to the color.,,,1,,,,,,,,,,1,,,,,,,,,,,,,,,,,
PR_001,0,Just my association with the colour in relation to a party,,1,,,,,,,,,,,3,,,,,,,,,,,,,,,,,
PR_002,0,It just comes up,,,,,,,,1,1,,,,3,,,,,,,,,,,,,,,,,
PR_003,0,The personalities of the people that enjoy/wear those colors.,,1,,,1,,,,,,,,3,,,,,,,,,,,,,,,,,
PR_004,0,I associated pink with girls,,1,,,1,,,,,,,,3,,,,,,,,,,,,,,,,,
PR_005,1,assumption,,,,,,,,,,,1,,4,,,,PR_005,1,assumption,,,,,,,,,,1,
PR_006,1,I use how the colour looked to give my answer,1,,,,,,,,,,,,4,,,,PR_006,1,I use how the colour looked to give my answer,1,,,,,,,,,,
PR_007,0,n/a,,,,,,,,,,,,1,3,,,,,,,,,,,,,,,,,
PR_008,0,Stereotypical,,,,,1,,,,,,,,3,,,,,,,,,,,,,,,,,
PR_009,1,Guessed,,,,,,,,,,,1,,4,,,,PR_009,1,Guessed,,,,,,,,,,1,
PR_010,0,I just see pink as a lively colour,1,1,,,,,,,,,,,3,,,,,,,,,,,,,,,,,
PR_011,0,As i felt it was the most best option,,,,,,,,1,1,,,,3,,,,,,,,,,,,,,,,,
PR_012,0,Pink is bright and so I associated the party as being quite upbeat and energetic,1,1,1,,,,,,,,,,3,,,,,,,,,,,,,,,,,
PR_013,0,pink associate with girls typically,,1,,,1,,,,,,,,3,,,,,,,,,,,,,,,,,
PR_014,0,I thought how the colour would represent the event,1,1,,,,,,,,,,,3,,,,,,,,,,,,,,,,,
PR_015,1,usually pink is associated with positivity such as Valentine's,,1,1,,1,,,,,,,,4,,,,PR_015,1,usually pink is associated with positivity such as Valentine's,,1,1,,1,,,,,,
PR_016,0,pink is traditionally associated with female things.,,1,,,1,,,,,,,,3,,,,,,,,,,,,,,,,,
PR_017,0,I thought about what the atmosphere of a party is usually like and matched it with how I felt about the colour pink,,1,1,,,,,,,,,,3,,,,,,,,,,,,,,,,,
PR_018,0,Pink is associated with happiness and love so that's how I came up with my anwer,,1,1,,,,,,,,,,3,,,,,,,,,,,,,,,,,
PR_019,0,Associated the color with what I would believe the mood would be.,,1,1,,,,,,,,,,3,,,,,,,,,,,,,,,,,
PR_020,1,I took what the sentence would mean to me,,,,,,1,,,,,,,4,,,,PR_020,1,I took what the sentence would mean to me,,,,,,1,,,,,
PR_021,0,It was first thing that came to mind,,,,,,,,1,1,,,,3,,,,,,,,,,,,,,,,,
PR_022,0,pink always strikes me as a frivolous and female colour,,,,,1,,,,,,,,3,,,,,,,,,,,,,,,,,
PR_023,0,The images of what I thought it was appeared visually in my mind. In this case a girl birthday party surrounded in in pink decorations then it went onto an hen party with a group of women dressed in over revealing pink clothing.,1,,,,1,,,,,,,,3,,,,,,,,,,,,,,,,,
PR_024,0,Logic,,,,,,,,1,,,,,3,,,,,,,,,,,,,,,,,
PR_025,1,The only colour association I have with pink is with gender stereotypes,,1,,,1,,,,,,,,4,,,,PR_025,1,The only colour association I have with pink is with gender stereotypes,,1,,,1,,,,,,
PR_026,0,Pink seems a very stereotypical colour and is used in many products to indicate a soft feminine character. Not much variety in pink for me.,,1,,,1,,,,,,,,3,,,,,,,,,,,,,,,,,
PR_027,1,My knowledge,,,,,,,,1,,,,,4,,,,PR_027,1,My knowledge,,,,,,,,1,,,
PR_028,0,its just how i felt,,,,,,,,,1,,,,3,,,,,,,,,,,,,,,,,
PR_029,0,From the colour of pink which is bright and connotes excitement,1,1,1,,,,,,,,,,3,,,,,,,,,,,,,,,,,
PR_030,1,I didn’t,,,,,,,,,,,,1,4,,,,PR_030,1,I didn’t,,,,,,,,,,,1
PR_031,0,Pink and party reminds me of Pinkie Pie from MLP.,,1,,,1,,,,,,,,3,,,,,,,,,,,,,,,,,
PR_032,0,Thought how I'd mean it if I said it myself.,,,,,,1,,,,,,,3,,,,,,,,,,,,,,,,,
PR_033,1,"How the colour made me feel, my association of it",,1,1,,,,,,,,,,4,,,,PR_033,1,"How the colour made me feel, my association of it",,1,1,,,,,,,,
PR_034,0,i tried to guess the meaning,,,,,,,,,,,1,,3,,,,,,,,,,,,,,,,,
PR_035,0,pink is a traditionally feminine colour,,,,,1,,,,,,,,3,,,,,,,,,,,,,,,,,
PR_036,1,"Most of the time the colour pink is associated with girls. So if is a pink party, is must be a party with girls playing around",,1,,,1,,,,,,,,4,,,,PR_036,1,"Most of the time the colour pink is associated with girls. So if is a pink party, is must be a party with girls playing around",,1,,,1,,,,,,
PR_037,0,Just my thoughts,,,,,,,,1,,,,,3,,,,,,,,,,,,,,,,,
PR_038,1,I thought of the first correlation with the colour pink,,1,,,,,,,1,,,,4,,,,PR_038,1,I thought of the first correlation with the colour pink,,1,,,,,,1,,,
PR_039,0,NA,,,,,,,,,,,,1,3,,,,,,,,,,,,,,,,,
PR_040,0,I went with a gut feeling reaction,,,,,,,,,1,,,,3,,,,,,,,,,,,,,,,,
PR_041,0,My perception of the color pink and what I feel its associated with informed my answer.,1,1,,,,,,,,,,,3,,,,,,,,,,,,,,,,,
PR_042,1,I imagined the party,1,,,,,,,,,,,,4,,,,PR_042,1,I imagined the party,1,,,,,,,,,,
PR_043,0,Just from my experience of parties,,,,1,,,,,,,,,3,,,,,,,,,,,,,,,,,
PR_044,0,I just thought of the most reasonable and logical explanation.,,,,,,,,1,,,,,3,,,,,,,,,,,,,,,,,
PR_045,1,Not too sure,,,,,,,,,,,1,,4,,,,PR_045,1,Not too sure,,,,,,,,,,1,
PR_046,0,I know loads of mates' young daughters who all enjoy a girlie party when they are nippers. very stereotyped !!,,,,1,1,,,,,,,,3,,,,,,,,,,,,,,,,,
PR_047,0,Because it's the kind of thing that students do,,,,,1,,,,,,,,3,,,,,,,,,,,,,,,,,
PR_048,0,By using how I would feel.,,,,,,,,,1,,,,3,,,,,,,,,,,,,,,,,
PR_049,0,General knowledge,,,,,1,,,1,,,,,3,,,,,,,,,,,,,,,,,
PR_050,0,I answered what came to mind.,,,,,,,,1,1,,,,3,,,,,,,,,,,,,,,,,
PR_051,1,Just a gut instinct,,,,,,,,,1,,,,4,,,,PR_051,1,Just a gut instinct,,,,,,,,1,,,
PR_052,0,Just on what I thought,,,,,,,,1,,,,,3,,,,,,,,,,,,,,,,,
PR_053,0,I just think pink is the color that is associated with being in a happy mood.,,1,1,,,,,,,,,,3,,,,,,,,,,,,,,,,,
PR_054,0,I wrote it down.,,,,,,,,,,1,,,3,,,,,,,,,,,,,,,,,
PR_055,0,A joyfull colour,,,1,,,,,,,,,,3,,,,,,,,,,,,,,,,,
PR_056,1,I more guessed,,,,,,,,,,,1,,4,,,,PR_056,1,I more guessed,,,,,,,,,,1,
PR_057,0,Gender stereotypes,,,,,1,,,,,,,,3,,,,,,,,,,,,,,,,,
PR_058,0,I just said what I felt,,,,,,,,,1,,,,3,,,,,,,,,,,,,,,,,
PR_059,0,Very pink to me indicating a young girls preferred colour maybe,,,,,1,,,,,,,,3,,,,,,,,,,,,,,,,,
PR_060,0,Based on observatons regarding the characters involved and their actions.,1,,,,,,,,,,,,3,,,,,,,,,,,,,,,,,
PR_061,0,Pink is generally associated as a girl's colour,,1,,,1,,,,,,,,3,,,,,,,,,,,,,,,,,
PR_062,1,Associations with pink and parties,,1,,,1,,,,,,,,4,,,,PR_062,1,Associations with pink and parties,,1,,,1,,,,,,
PR_063,1,By writing it,,,,,,,,,,1,,,4,,,,PR_063,1,By writing it,,,,,,,,,1,,
PR_064,0,Just how I felt about it if I was at a pink party,1,,,,,,,,,,,,3,,,,,,,,,,,,,,,,,
PR_065,1,IT WAS THE ONLY THOUGHT THAT CAME TO MIND,,,,,,,,1,,,,,4,,,,PR_065,1,IT WAS THE ONLY THOUGHT THAT CAME TO MIND,,,,,,,,1,,,
PR_066,1,It feels like that color doesnt have much meaning to me as far as excitement.,,,,,,1,,,,,1,,4,,,,PR_066,1,It feels like that color doesnt have much meaning to me as far as excitement.,,,,,,1,,,,1,
PR_067,1,Thinking,,,,,,,,,,1,,,4,,,,PR_067,1,Thinking,,,,,,,,,1,,
PR_068,0,Pink and party usually indicates youth and fun,,1,,,1,,,,,,,,3,,,,,,,,,,,,,,,,,
PR_069,1,I have no idea,,,,,,,,,,,1,,4,,,,PR_069,1,I have no idea,,,,,,,,1,,1,
PR_070,0,societal bias,,,,,1,,,,,,,,3,,,,,,,,,,,,,,,,,
PR_071,0,A guess on what pink could mean in that context,,,,,,1,,,,,,,3,,,,,,,,,,,,,,,,,
PR_072,1,Just what I associate the color pink with.,,1,,,,,,,,,,,4,,,,PR_072,1,Just what I associate the color pink with.,,1,,,,,,,,,
PR_073,0,Thinking,,,,,,,,,,1,,,3,,,,,,,,,,,,,,,,,
PR_074,1,don't know,,,,,,,,,,,1,,4,,,,PR_074,1,don't know,,,,,,,,1,,1,
PR_075,0,by relating the colour,,1,,,,,,,,,,,3,,,,,,,,,,,,,,,,,
PR_076,0,i associate pink with femininity,,1,,,1,,,,,,,,3,,,,,,,,,,,,,,,,,
PR_077,0,Pink ü©∑ is a colour that girls love,,,,,1,,,,,,,,3,,,,,,,,,,,,,,,,,
PR_078,0,Based it on pink being a stereotypical female colour,,,,,1,,,,,,,,3,,,,,,,,,,,,,,,,,
PR_079,0,NA,,,,,,,,,,,,1,3,,,,,,,,,,,,,,,,,
PR_080,0,First thing that appeared in my head,1,,,,,,,1,1,,,,3,,,,,,,,,,,,,,,,,
PR_081,0,Brightness of the colour,1,,,,,,,,,,,,3,,,,,,,,,,,,,,,,,
PR_082,0,Girls like the colour pink,,,,,1,,,,,,,,3,,,,,,,,,,,,,,,,,
PR_083,0,Pink tends to be a very bright and pleasant colour.,1,,1,,,,,,,,,,3,,,,,,,,,,,,,,,,,
PR_084,0,From the fact that historically the colour pink is associated with femininity.,,1,,,1,,,,,,,,3,,,,,,,,,,,,,,,,,
PR_085,0,I know what pink usually means,,,,,,1,,,,,,,3,,,,,,,,,,,,,,,,,
PR_086,0,I associate the colour pink with being happy,,1,1,,,,,,,,,,3,,,,,,,,,,,,,,,,,
PR_087,1,"i've always thought in colors, they define situations better. there is no logic to this kind of definitions, so there is no need to worry if I'm wrong, I can only be right for me and wrong for others",1,,,,,,,,1,,,,4,,,,PR_087,1,"i've always thought in colors, they define situations better. there is no logic to this kind of definitions, so there is no need to worry if I'm wrong, I can only be right for me and wrong for others",1,,,,,,,1,,,
PR_088,1,Pink is associated with girls,,1,,,1,,,,,,,,4,,,,PR_088,1,Pink is associated with girls,,1,,,1,,,,,,
PR_089,1,Through previous responses,,,,,,,1,,,,,,4,,,,PR_089,1,Through previous responses,,,,,,,1,,,,
PR_090,1,Experience.,,,,1,,,,,,,,,4,,,,PR_090,1,Experience.,,,,1,,,,,,,
PR_091,1,it was a guess..,,,,,,,,,,,1,,4,,,,PR_091,1,it was a guess..,,,,,,,,,,1,
PR_092,0,I guessed what pink is in the context,,,,,,1,,,,,1,,3,,,,,,,,,,,,,,,,,
PR_093,1,Based on experience of family parties,,,,1,,,,,,,,,4,,,,PR_093,1,Based on experience of family parties,,,,1,,,,,,,
PR_094,0,Simply an association with the colour pink.,,1,,,,,,,,,,,3,,,,,,,,,,,,,,,,,
PR_095,0,I can tell from the content.,,,,,,1,,,,,,,3,,,,,,,,,,,,,,,,,
PR_096,1,Gut reaction to sentence,,,,,,1,,,1,,,,4,,,,PR_096,1,Gut reaction to sentence,,,,,,1,,1,,,
PR_097,0,It was based on one instance I heard it in a social context.,,,,1,,,,,,,,,3,,,,,,,,,,,,,,,,,
PR_098,0,I couldn't,,,,,,,,,,,1,,3,,,,,,,,,,,,,,,,,
PR_099,0,I associate pink colour with females being playful,,1,,,1,,,,,,,,3,,,,,,,,,,,,,,,,,
PR_100,1,Pink is for girls usually.,,,,,1,,,,,,,,4,,,,PR_100,1,Pink is for girls usually.,,,,,1,,,,,,
PR_101,0,I based it on a lifetime of speaking English as my first language,,,,,,1,1,,,,,,3,,,,,,,,,,,,,,,,,
PR_102,0,Stereotypes,,,,,1,,,,,,,,3,,,,,,,,,,,,,,,,,
PR_103,0,A wild guess,,,,,,,,,,,1,,3,,,,,,,,,,,,,,,,,
PR_104,1,"I just thought about what pink might mean in the context of a party, contrasted with what a party of a different colour might mean.",,,,,,1,,,,,,,4,,,,PR_104,1,"I just thought about what pink might mean in the context of a party, contrasted with what a party of a different colour might mean.",,,,,,1,,,,,
PR_105,1,Past experiences of stereotypes.,,,,1,1,,,,,,,,4,,,,PR_105,1,Past experiences of stereotypes.,,,,1,1,,,,,,
PR_106,0,Boldly,,,,,,,,,,1,,,3,,,,,,,,,,,,,,,,,
PR_107,0,Just an instant guess really.,,,,,,,,1,1,,,,3,,,,,,,,,,,,,,,,,
PR_108,1,Gut feeling,,,,,,,,,1,,,,4,,,,PR_108,1,Gut feeling,,,,,,,,1,,,
PR_109,0,Thought about it,,,,,,,,,,1,,,3,,,,,,,,,,,,,,,,,
PR_110,0,I guessed what the colour could mean in the context of the sentence.,,,,,,1,,,,,1,,3,,,,,,,,,,,,,,,,,
PR_111,1,Gender roles and culture,,,,,1,,,,,,,,4,,,,PR_111,1,Gender roles and culture,,,,,1,,,,,,
PR_112,0,associations with the colour from nature and culture,,1,,,1,,,,,,,,3,,,,,,,,,,,,,,,,,
PR_113,1,Guess,,,,,,,,,,,1,,4,,,,PR_113,1,Guess,,,,,,,,,,1,
PR_114,0,based on my own experiences,,,,1,,,,,,,,,3,,,,,,,,,,,,,,,,,
PR_115,0,how i felt with the color,,,1,,,,,,,,,,3,,,,,,,,,,,,,,,,,
PR_116,1,Pink is a happy color,,,1,,,,,,,,,,4,,,,PR_116,1,Pink is a happy color,,,1,,,,,,,,
PR_117,0,Just from imagination and past perceptions.,1,,,1,,,,,,,,,3,,,,,,,,,,,,,,,,,
PR_118,0,Pink is usually related to feminine things,,1,,,1,,,,,,,,3,,,,,,,,,,,,,,,,,
PR_119,1,Colours are often associated with gender (pink = girls) and in some instances they are associated with emotions (blue = sad),,1,1,,1,,,,,,,,4,,,,PR_119,1,Colours are often associated with gender (pink = girls) and in some instances they are associated with emotions (blue = sad),,1,1,,1,,,,,,
PR_120,1,Imagined a 'pink party'.,1,,,,,,,,,,,,4,,,,PR_120,1,Imagined a 'pink party'.,1,,,,,,,,,,
PR_121,0,I answered based on my perception of the color pink and how bright it is as well as its traditional link as a feminine color.,1,,,,1,,,,,,,,3,,,,,,,,,,,,,,,,,
PR_122,0,Thinking of the colour,1,,,,,,,,,,,,3,,,,,,,,,,,,,,,,,
PR_123,0,"Based on my feelings towards an old saying ""tickled pink"".",,,,,,1,1,,,,,,3,,,,,,,,,,,,,,,,,
PR_124,0,Preconceived ideas,,,,1,,,,,,,,,3,,,,,,,,,,,,,,,,,
PR_125,1,Just a guess,,,,,,,,,,,1,,4,,,,PR_125,1,Just a guess,,,,,,,,,,1,
PR_126,0,I had a picture in my mind of people talking and socialising,1,,,,,,,,,,,,3,,,,,,,,,,,,,,,,,
PR_127,0,pink thought in the pink happy,,,1,,,,,,,,,,3,,,,,,,,,,,,,,,,,
PR_128,0,informative,,,,,,,,,,1,,,3,,,,,,,,,,,,,,,,,
PR_129,0,Natural association,,,,,,,,,1,,,,3,,,,,,,,,,,,,,,,,
PR_130,0,Just what i think,,,,,,,,1,,,,,3,,,,,,,,,,,,,,,,,
PR_131,1,I have no idea,,,,,,,,,,,1,,4,,,,PR_131,1,I have no idea,,,,,,,,1,,1,
PR_132,1,Pink feels like it would describe something relaxing and chilled out.,,,1,,,,,,,,,,4,,,,PR_132,1,Pink feels like it would describe something relaxing and chilled out.,,,1,,,,,,,,
PR_133,0,I guessed,,,,,,,,,,,1,,3,,,,,,,,,,,,,,,,,
PR_134,0,Saw it in my mind,1,,,,,,,,,,,,3,,,,,,,,,,,,,,,,,
PR_135,1,I just thought what could mean,,,,,,1,,,,,,,4,,,,PR_135,1,I just thought what could mean,,,,,,1,,,,,
PR_136,1,Stereotypes,,,,,1,,,,,,,,4,,,,PR_136,1,Stereotypes,,,,,1,,,,,,
PR_137,0,"Traditional colour favoured by females in our society, altough these stereotypes are changing",,,,,1,,,,,,,,3,,,,,,,,,,,,,,,,,
PR_138,0,I guessed,,,,,,,,,,,1,,3,,,,,,,,,,,,,,,,,
PR_139,1,it is what i associate with pink,,1,,,,,,,,,,,4,,,,PR_139,1,it is what i associate with pink,,1,,,,,,,,,
PR_140,0,In the context I interpreted pink as fun / light hearted,,,1,,,1,,,,,,,3,,,,,,,,,,,,,,,,,
PR_141,1,Feeling and deduction,,,,,,1,,1,1,,,,4,,,,PR_141,1,Feeling and deduction,,,,,,1,,1,,,
PR_142,1,Colour association,,1,,,,,,,,,,,4,,,,PR_142,1,Colour association,,1,,,,,,,,,
PR_143,0,a general feeling,,,,,,,,1,1,,,,3,,,,,,,,,,,,,,,,,
PR_144,0,I used my perception of the color pink to infer what a pink party is.,1,,,,,1,,,,,,,3,,,,,,,,,,,,,,,,,
PR_145,0,From the Pink Picnic l wrote about in 1b,,,,,,,1,,,,,,3,,,,,,,,,,,,,,,,,
PR_146,1,The colour of objects at the party,1,,,,,,,,,,,,4,,,,PR_146,1,The colour of objects at the party,1,,,,,,,,,,
PR_147,1,Not sure what it means fully,,,,,,,,,,1,1,,4,,,,PR_147,1,Not sure what it means fully,,,,,,,,,1,1,
PR_148,0,Because that's what the stereotype is - think Barbie & whatnot.,,,,,1,,,,,,,,3,,,,,,,,,,,,,,,,,
PR_149,1,Its what felt right,,,,,,,,1,1,,,,4,,,,PR_149,1,Its what felt right,,,,,,,,1,,,
PR_150,1,I looked into my mind to see what sort of picture arose - and there wasn't any,1,,,,,,,,,,1,,4,,,,PR_150,1,I looked into my mind to see what sort of picture arose - and there wasn't any,1,,,,,,,,,1,
PR_151,1,Social bigotry,,,,,1,,,,,,,,4,,,,PR_151,1,Social bigotry,,,,,1,,,,,,
PR_152,1,Associate pink with gin,1,1,,,,,,,,,,,4,,,,PR_152,1,Associate pink with gin,1,1,,,,,,,,,
PR_153,1,Based on my perception of the colour,1,,,,,,,,,,,,4,,,,PR_153,1,Based on my perception of the colour,1,,,,,,,,,,
PR_154,1,"it didn't seem to be a bad colour, so I took it as being a good colour.",,,1,,,,,,,,,,4,,,,PR_154,1,"it didn't seem to be a bad colour, so I took it as being a good colour.",,,1,,,,,,,,
PR_155,1,based on preferences for party themes,,,,,1,,,,,,,,4,,,,PR_155,1,based on preferences for party themes,,,,,1,,,,,,
PR_156,1,Intuition,,,,,,,,1,,,,,4,,,,PR_156,1,Intuition,,,,,,,,1,,,
PR_157,1,Pink is a happy colour,,,1,,,,,,,,,,4,,,,PR_157,1,Pink is a happy colour,,,1,,,,,,,,
PR_158,1,Thought,,,,,,,,,,1,,,4,,,,PR_158,1,Thought,,,,,,,,,1,,
PR_159,1,"I imagined what a pink party would look, sound and feel like",1,,1,,,,,,,,,,4,,,,PR_159,1,"I imagined what a pink party would look, sound and feel like",1,,1,,,,,,,,
PR_160,1,Hoiw the colour made me feel,,,1,,,,,,,,,,4,,,,PR_160,1,Hoiw the colour made me feel,,,1,,,,,,,,
PR_161,1,pink suggests a bright colourful party,1,,,,,,,,,,,,4,,,,PR_161,1,pink suggests a bright colourful party,1,,,,,,,,,,
PR_162,1,I‚Äôve said that exact phrase before.,,,,,,,1,,,,,,4,,,,PR_162,1,I‚Äôve said that exact phrase before.,,,,,,,1,,,,
PR_163,1,Guess,,,,,,,,,,,1,,4,,,,PR_163,1,Guess,,,,,,,,,,1,
PR_164,1,"Just the cliche of pink being fluffy, delicate ""girly""",,,,,1,,,,,,,,4,,,,PR_164,1,"Just the cliche of pink being fluffy, delicate ""girly""",,,,,1,,,,,,
PR_165,1,Just a gut feeling,,,,,,,,,1,,,,4,,,,PR_165,1,Just a gut feeling,,,,,,,,1,,,
PR_166,1,"The colour pink always seems, to me, to be associated with a less intense feeling or vatmosphere",,1,1,,,,,,,,,,4,,,,PR_166,1,"The colour pink always seems, to me, to be associated with a less intense feeling or vatmosphere",,1,1,,,,,,,,
PR_167,1,"Traditionally pink = girls, blue = boys.",,,,,1,,,,,,,,4,,,,PR_167,1,"Traditionally pink = girls, blue = boys.",,,,,1,,,,,,
PR_168,1,Feeling t,,,1,,,,,,1,,,,4,,,,PR_168,1,Feeling t,,,1,,,,,1,,,
PR_169,1,Feel like I may have seen somebody actually have a pink party,1,,,1,,,,,,,,,4,,,,PR_169,1,Feel like I may have seen somebody actually have a pink party,1,,,1,,,,,,,
PR_170,1,Everyday knowledge,,,,,1,,,1,,,,,4,,,,PR_170,1,Everyday knowledge,,,,,1,,,1,,,
PR_171,1,Gut instinct,,,,,,,,,1,,,,4,,,,PR_171,1,Gut instinct,,,,,,,,1,,,
PR_172,1,Pink is usually associated with girls for my generation.,,1,,,1,,,,,,,,4,,,,PR_172,1,Pink is usually associated with girls for my generation.,,1,,,1,,,,,,
PR_173,1,Guesswork,,,,,,,,,,,1,,4,,,,PR_173,1,Guesswork,,,,,,,,,,1,
PR_174,1,NA,,,,,,,,,,,,1,4,,,,PR_174,1,NA,,,,,,,,,,,1
PR_175,1,I must admit I went with gender stereotype,,,,,1,,,,,,,,4,,,,PR_175,1,I must admit I went with gender stereotype,,,,,1,,,,,,
PR_176,1,Based on the perception of pink and pink being associated with hen parties,1,1,,,1,,,,,,,,4,,,,PR_176,1,Based on the perception of pink and pink being associated with hen parties,1,1,,,1,,,,,,
PR_177,1,I thought about what I think pink things mean.,1,1,,,,,,,,,,,4,,,,PR_177,1,I thought about what I think pink things mean.,1,1,,,,,,,,,
PR_178,1,Pink is often sued to identify a girl.,,,,,1,,,,,,,,4,,,,PR_178,1,Pink is often sued to identify a girl.,,,,,1,,,,,,
PR_179,1,what's pink associated with,,1,,,,,,,,,,,4,,,,PR_179,1,what's pink associated with,,1,,,,,,,,,
PR_180,1,Association with the colour,,1,,,,,,,,,,,4,,,,PR_180,1,Association with the colour,,1,,,,,,,,,
PR_181,1,From my own opinion,,,,,,,,1,,,,,4,,,,PR_181,1,From my own opinion,,,,,,,,1,,,
PR_182,1,Pink is normally associated with girls.,,1,,,1,,,,,,,,4,,,,PR_182,1,Pink is normally associated with girls.,,1,,,1,,,,,,
PR_183,1,"I imagined being at the party and what the ""pink"" meant",1,,,,,1,,,,,,,4,,,,PR_183,1,"I imagined being at the party and what the ""pink"" meant",1,,,,,1,,,,,
PR_184,1,from previous parties I have frequented,,,,1,,,,,,,,,4,,,,PR_184,1,from previous parties I have frequented,,,,1,,,,,,,
PR_185,1,It‚Äôs the first thing that I thought of,,,,,,,,1,,,,,4,,,,PR_185,1,It‚Äôs the first thing that I thought of,,,,,,,,1,,,
PR_186,1,My 6yo daughter likes a lot of pink,1,,,1,,,,,,,,,4,,,,PR_186,1,My 6yo daughter likes a lot of pink,1,,,1,,,,,,,
PR_187,1,pink is normally associated with girls,,1,,,1,,,,,,,,4,,,,PR_187,1,pink is normally associated with girls,,1,,,1,,,,,,
PR_188,1,Pink is considered to be making things very feminine,,1,,,1,,,,,,,,4,,,,PR_188,1,Pink is considered to be making things very feminine,,1,,,1,,,,,,
PR_189,1,Wasn‚Äôt sure,,,,,,,,,,,1,,4,,,,PR_189,1,Wasn‚Äôt sure,,,,,,,,,,1,
PR_190,1,pink makes me feel excited,,,1,,,,,,,,,,4,,,,PR_190,1,pink makes me feel excited,,,1,,,,,,,,
PR_191,1,Don't understand the question,,,,,,,,,,1,,,4,,,,PR_191,1,Don't understand the question,,,,,,,,,1,,
PR_192,1,Pink is assosiated with feemales,,1,,,1,,,,,,,,4,,,,PR_192,1,Pink is assosiated with feemales,,1,,,1,,,,,,
PR_193,1,from life experiences,,,,1,,,,,,,,,4,,,,PR_193,1,from life experiences,,,,1,,,,,,,
PR_194,1,Pink is associated with girls,,1,,,1,,,,,,,,4,,,,PR_194,1,Pink is associated with girls,,1,,,1,,,,,,
PR_195,1,Guess,,,,,,,,,,,1,,4,,,,PR_195,1,Guess,,,,,,,,,,1,
PR_196,1,I just think of pink as being girly and cute,,1,,,1,,,,,,,,4,,,,PR_196,1,I just think of pink as being girly and cute,,1,,,1,,,,,,
PR_197,1,"A party is usually happy, so went with a theme",,,1,,,,,,,,,,4,,,,PR_197,1,"A party is usually happy, so went with a theme",,,1,,,,,,,,
PR_198,1,tried to picture the party in my mind,1,,,,,,,,,,,,4,,,,PR_198,1,tried to picture the party in my mind,1,,,,,,,,,,
PR_199,1,i associated it with my previous answers,,,,,,,1,,,,,,4,,,,PR_199,1,i associated it with my previous answers,,,,,,,1,,,,
PR_200,1,Thinking of the colour and what is assicoated with that colour,1,1,,,,,,,,,,,4,,,,PR_200,1,Thinking of the colour and what is assicoated with that colour,1,1,,,,,,,,,
PR_201,1,used my perception of colour,1,,,,,,,,,,,,4,,,,PR_201,1,used my perception of colour,1,,,,,,,,,,
PR_202,1,guess,,,,,,,,,,,1,,4,,,,PR_202,1,guess,,,,,,,,,,1,
PR_203,1,Based on the colour of the party it would be associated as feminine,,1,,,1,,,,,,,,4,,,,PR_203,1,Based on the colour of the party it would be associated as feminine,,1,,,1,,,,,,
PR_204,0,past traditional sayng,,,,,,,1,,,,,,3,,,,,,,,,,,,,,,,,
PR_205,0,NA,,,,,,,,,,,,1,3,,,,,,,,,,,,,,,,,
PR_206,0,Read the sentence a few times and tried to picture it,1,,,,,1,,,,,,,3,,,,,,,,,,,,,,,,,
PR_207,0,I thought of what the colour pink represents to me,,1,,,,,,,,,,,3,,,,,,,,,,,,,,,,,
PR_208,1,It felt right to me.,,,,,,,,1,1,,,,4,,,,PR_208,1,It felt right to me.,,,,,,,,1,,,
PR_209,0,"I thought of ways it was pink, literally or to represent a feeling",1,,1,,,,,,,,,,3,,,,,,,,,,,,,,,,,
PR_210,0,Thought about what Pink usually means.,,,,,,1,,,,,,,3,,,,,,,,,,,,,,,,,
PR_211,0,My perception of this colour.,1,,,,,,,,,,,,3,,,,,,,,,,,,,,,,,
PR_212,0,Not sure,,,,,,,,,,,1,,3,,,,,,,,,,,,,,,,,
PR_213,0,Girls like pink,,,,,1,,,,,,,,3,,,,,,,,,,,,,,,,,
PR_214,1,Imagining a pink party,1,,,,,,,,,,,,4,,,,PR_214,1,Imagining a pink party,1,,,,,,,,,,
PR_215,0,i guessed,,,,,,,,,,,1,,3,,,,,,,,,,,,,,,,,
PR_216,1,Pink feel like a light item of clothing. Therefore casual attire.,1,,,,,,,,,,,,4,,,,PR_216,1,Pink feel like a light item of clothing. Therefore casual attire.,1,,,,,,,,,,
PR_217,1,It was the first thing that came to mind that made me laugh,,,,,,,,,1,,,,4,,,,PR_217,1,It was the first thing that came to mind that made me laugh,,,,,,,,1,,,
PR_218,0,By what Ivfee the colour pink means,,,,,,1,,,,,,,3,,,,,,,,,,,,,,,,,
PR_219,1,Used my biases about gender roles and colours,,,,,1,,,,,,,,4,,,,PR_219,1,Used my biases about gender roles and colours,,,,,1,,,,,,
PR_220,0,I guessed what the answer could be.,,,,,,,,,,,1,,3,,,,,,,,,,,,,,,,,
PR_221,0,just a feeling,,,,,,,,,1,,,,3,,,,,,,,,,,,,,,,,
PR_222,0,Based on my previous answers and what i thought the colour meant,,,,,,1,1,,,,,,3,,,,,,,,,,,,,,,,,
PR_223,0,Pink is the colour associated with the gay community,,1,,,1,,,,,,,,3,,,,,,,,,,,,,,,,,
PR_224,1,no,,,,,,,,,,,,1,4,,,,PR_224,1,no,,,,,,,,,,,1
PR_225,1,I just tried to think of what I would associate the word pink a party being held and what emotions I might associate pink with,,1,1,,,1,,,,,,,4,,,,PR_225,1,I just tried to think of what I would associate the word pink a party being held and what emotions I might associate pink with,,1,1,,,1,,,,,
PR_226,1,pink = girl,,,,,1,,,,,,,,4,,,,PR_226,1,pink = girl,,,,,1,,,,,,
PR_227,1,I used a play on words to describe the party,,,,,,1,,,,,,,4,,,,PR_227,1,I used a play on words to describe the party,,,,,,1,,,,,
CH_01,0,"As an AI language model, I do not have personal beliefs or emotions, but metaphorically, the sentence \""It was a very pink party\"" could mean that the party was very lively, vibrant, and full of energy. Alternatively, it could also mean that the party was overly feminine or girly in nature, depending on the context in which it is used."", ""85."", ""As an AI language model, I informed my answer by analyzing the phrase \""very pink party\"" with my language algorithms and using my knowledge of common metaphors and figures of speech. Based on this analysis, I provided possible interpretations of what the sentence could mean metaphorically. However, since the interpretation of metaphors can be subjective and context-dependent, my confidence level is not 100%.""",,,,,,1,,,,,,,2,,,,,,,,,,,,,,,,,
CH_02,0,"As an AI language model, I cannot gauge emotions, but metaphorically, the sentence \""It was a very pink party\"" can suggest that the party was excessively or exaggeratedly feminine or girly in its atmosphere, decorations, or activities."", ""90"", ""I based my answer on the common use of the color pink as a symbol of femininity and girliness in contemporary culture. The use of the word \""very\"" also suggests that the party was particularly intense in its level of pinkness, implying a metaphorical meaning of excess or exaggeration in the feminine elements of the gathering.""",1,1,,,1,,,,,,,,2,,,,,,,,,,,,,,,,,
CH_03,0,"As an AI language model, I cannot infer the context and interpret the meaning metaphorically without additional information as it can differ in different contexts and situations. Please provide more information so that I can assist you better."", ""0"", ""As an AI language model, I couldn't infer the context of the sentence, so I couldn't provide a metaphorical meaning without additional information. Without sufficient context and information, I cannot form a proper answer. My previous answer was simply acknowledging this lack of information.",,,,,,,,,,,,1,2,,,,,,,,,,,,,,,,,
CH_04,0,"As an AI language model, I cannot provide personal opinions or beliefs, but metaphorically, the sentence could suggest that the party was very feminine, whimsical, delicate, or excessively decorated with the color pink."", ""90."", ""As an AI language model, I use natural language processing algorithms to analyze the language used in the sentence and determine the possible meanings based on common associations and contextual clues. The sentence suggests a metaphorical meaning of the phrase, which I further interpreted in my response by analyzing the semantic associations of the adjective \""pink\",,,,,,1,,,,,,,2,,,,,,,,,,,,,,,,,
CH_05,0,"As an AI language model, I do not have personal beliefs and emotions, but metaphorically, the sentence \""It was a very pink party\"" could mean that the party was overly feminine or girly in nature. It could also mean that the party was very upbeat and cheerful."", ""80"", ""I based my answer on common cultural associations with the color pink, as well as understanding of the sentence structure and the use of vivid language to describe the party. The phrase \""very pink\"" suggests an abundance of pink decorations, perhaps even to the point of overwhelming the senses, which could metaphorically relate to the gendered associations of pink or the excitement level at the party.",1,1,,,1,,,,,,,,2,,,,,,,,,,,,,,,,,
CH_06,0,"As an AI language model, I do not have personal beliefs and emotions, but metaphorically, \""It was a very pink party\"" could mean that the party was excessively or blatantly feminine, luxurious, or celebratory in nature. The color pink is often associated with femininity and extravagance, so the sentence could be conveying a sense of flamboyance or indulgence",,1,,,1,,,,,,,,2,,,,,,,,,,,,,,,,,
CH_07,0,"As an AI language model, I analyzed the sentence and used my programmed knowledge of language and cultural associations to make an interpretation of the phrase \""It was a very pink party.\"" Pink is often associated with femininity and luxury, and it is also a vibrant color that tends to attract attention. Therefore, based on this analysis, I suggested the metaphorical interpretation that the party was excessively or blatantly feminine, luxurious, or celebratory. While my response is based on common associations, it may not be a perfect interpretation as context can play a big role in the meaning of language.",,1,,,1,,,,,,,,2,,,,,,,,,,,,,,,,,
CH_08,0,"As an AI language model, I cannot interpret metaphors or meaning beyond the surface level, but to the best of my knowledge, the sentence \""It was a very pink party\"" could suggest that the party was especially girly or feminine, or that it had a lot of decorations, clothing or atmosphere that were pink."", ""85."", ""I informed my answer based on my understanding of the literal meaning of the words \""pink\"" and \""party\"" and the common connotations that people associate with them. Additionally, I drew upon my training data and my language processing algorithms that analyze language usage patterns to provide the most likely interpretations of the sentence. Although I cannot fully understand metaphors or nuances in language like a human can, using sophisticated algorithms, training data and contextual information provides me with the ability to provide a probabilistic answer that is mostly accurate.",,,,,,1,,,,,,,2,,,,,,,,,,,,,,,,,
CH_09,0,"As an AI language model, I don't have personal opinions or thoughts. However, metaphorically, \""It was a very pink party\"" may mean that the party was overly feminine, flamboyant, or excessively focused on appearances rather than substance."", ""80"", ""As an AI language model, my response was informed by the interpretation of the word \""pink\"" in the context of the sentence. Pink is typically associated with feminine and delicate qualities, and when used to describe a party, it may connote a similar atmosphere. Additionally, the use of the word \""very\"" before \""pink\"" suggests an emphasis on the color, which could imply an excessive emphasis on superficial and decorative aspects of the party. Therefore, my response is based on these interpretations and the typical connotations associated with the color pink.""",,1,,,1,,,,,,,,2,,,,,,,,,,,,,,,,,
CH_10,0,"As an AI language model, I cannot infer metaphorical interpretations beyond literal meanings. The sentence 'It was a very pink party' may mean that the party was decorated predominantly in the color pink or that the participants were wearing pink-colored clothes."", ""90"", ""As an AI language model, I can provide a straightforward answer based on the interpretation of the sentence, \""It was a very pink party.\"" Interpreting the sentence with a metaphorical meaning would involve taking contextual information into account, including the social and cultural contexts in which the sentence was spoken, as well as information about the speaker and the audience. However, the sentence itself does not provide any clear indication of a metaphorical interpretation.",,,,,1,,,,,,,,2,,,,,,,,,,,,,,,,,
CH_11,0,"As an AI language model, I don't have any information about the context of this sentence to give an accurate metaphorical interpretation. However, \""pink\"" is often associated with femininity, love, and affection, so it could possibly mean that the party was overly girly and focused on romantic or affectionate themes."", ""60"", ""I based my answer on the common associations with the color pink and the possible interpretations of the phrase \""very pink.\"" However, since there is no proper context provided that could give a more specific interpretation, my confidence level is not very high.",,1,,,,,,,,,,,2,,,,,,,,,,,,,,,,,
CH_12,0,"As an AI language model, I do not have personal beliefs or interpretations. However, the sentence \""It was a very pink party\"" can be interpreted metaphorically as a representation of a celebration that was lively, festive, and full of joy. Pink is often associated with happiness, love, and kindness, which could suggest that the party was filled with positive emotions and good vibes."", ""90"", ""I provided an interpretation of the sentence \""It was a very pink party\"" based on the common associations and connotations of the color pink. Pink is often associated with light-heartedness, joy, and euphoria, which suggests that the party was lively and celebratory. I am confident in this answer because it is a common metaphorical usage of the color pink and the context of the word \""party\"" supports this interpretation. However, it is also possible that the sentence is meant to be taken literally, and the party was simply decorated with a lot of pink.""],",1,1,1,,,,,,,,,,2,,,,,,,,,,,,,,,,,
CH_13,0,"As an AI language model, I cannot interpret metaphors since they are subjective and context-dependent. However, literally, \""It was a very pink party\"" means that the party was decorated with a lot of pink decorations or the people attending the party were wearing or using a lot of pink items."", ""65."", ""As an AI language model, my answer was based on a literal interpretation of the sentence \""It was a very pink party\"" since there was no clear context provided which could suggest otherwise. However, I am aware that the sentence can also have metaphorical interpretations that could affect the confidence of the answer, but since there was no context given to suggest such interpretations, my confidence level is moderate.",,,,,,1,,,,,,,2,,,,,,,,,,,,,,,,,
CH_14,0,"As an AI language model, I do not have personal views, feelings, or opinions. However, the metaphorical meaning of the sentence \""It was a very pink party\"" could be that the party was very feminine, girly, or flamboyant. It could also indicate that the party was very cheerful, playful, or lively, just like the color pink."", ""75."", ""I informed my answer based on my understanding of the common associations and connotations of the color pink, which is often associated with femininity, cheerfulness, playfulness, and liveliness. Therefore, when someone describes a party as \""very pink,\"" it could mean that the party had those qualities or characteristics. However, as an AI language model, I cannot be absolutely certain about the context or intention of the speaker, so my answer is not 100% confident.""",,1,1,,1,,,,,,,,2,,,,,,,,,,,,,,,,,
CH_15,0,"As an AI language model, I don't have access to the context around the sentence you provided. However, metaphorically speaking, 'It was a very pink party' could mean that the party was very feminine, delicate, or frivolous. The color pink is often associated with femininity and lightheartedness, so the sentence could imply that the party was full of these qualities. It could also suggest that the party had a romantic or love-themed atmosphere, as pink is often associated with love and affection."", ""80"", ""I considered the common associations and meanings behind the color pink, which includes femininity, lightheartedness, love, and affection. Given the sentence provided, \""It was a very pink party,\"" it suggests that the party had a lot of pink decorations or was themed around the color pink. In this context, the sentence could be understood metaphorically to imply the party was feminine, full of love and affection, and perhaps had a light, playful atmosphere. However, since I am an AI language model and don't have access to the full context, my answer is based on the most common understanding and associations of the given words",1,1,1,,1,,,,,,,,2,,,,,,,,,,,,,,,,,
CH_16,0,"As an AI language model, I do not have personal beliefs or emotions. However, metaphorically, \""It was a very pink party\"" could mean that the party was very feminine, flamboyant, or extravagant, indicating a celebration that was vibrant and lively. It could also mean that the party had a specific theme or aesthetic that revolved around the color pink, creating a specific vibe and atmosphere."", ""90"", ""As an AI language model, my response is informed by the analysis of a large corpus of written text data and statistical patterns of language usage. I have learned and been trained on a vast array of texts, and my output represents the probability of the most likely interpretation of this metaphorical phrase based on my understanding of commonly used language patterns",,,,,,1,,,,,,,2,,,,,,,,,,,,,,,,,
CH_17,0,"As an AI language model, I do not have personal beliefs or interpret things metaphorically, but the sentence \""It was a very pink party\"" could possibly imply that the party was overly feminine, cheerful, bright, or exuberant in nature, inspired by the color pink."", ""80"", ""I analyzed the sentence structure and meaning of the words used in the sentence to make an educated guess of the intended meaning. Pink is often associated with femininity, cheerfulness, and vibrancy, which are commonly associated with parties. Therefore, it is likely that such a party would be perceived in a similarly positive and lively manner",,1,1,,1,1,,,,,,,2,,,,,,,,,,,,,,,,,
CH_18,0,"As an AI language model, I am unable to make assumptions or interpretations beyond the literal meaning of a sentence. The sentence \""It was a very pink party\"" means that the party had a lot of pink color in its decoration, attire, or theme."", ""100"", ""I informed my answer based on my programming and understanding of the literal meaning of the sentence. The sentence \""It was a very pink party\"" states that the party was characterized by the color pink, which is the most likely interpretation of the sentence.",1,,,,,1,,,,,,,2,,,,,,,,,,,,,,,,,
CH_19,0,"As an AI language model, I do not interpret meanings beyond their literal definitions. \""It was a very pink party\"" could metaphorically mean that the party was overly feminine or excessively cheerful or colorful. However, the context and intention of the speaker should be taken into consideration to fully understand the metaphorical meaning."", ""70"", ""As an AI language model, I am trained to provide possible meanings and interpretations of a given sentence or phrase based on my language database. In this case, I provided possible metaphorical meanings of the sentence \""It was a very pink party\"" based on common cultural associations of the color pink and the context in which the sentence was presented. However, the interpretation of metaphors can vary depending on the individual and context, so my answer is an estimation.",,1,,,1,1,,,,,,,2,,,,,,,,,,,,,,,,,
CH_20,0,"There is no metaphorical interpretation of this sentence as it is a straightforward statement describing a party that was predominantly decorated or themed with the color pink."", ""100"", ""I parsed and analyzed the given sentence, taking into consideration the meaning of the words used and the lack of any other context suggesting a metaphorical interpretation.",,,,,,1,,,,,,,2,,,,,,,,,,,,,,,,,
CH_21,0,"As an AI language model, I cannot interpret metaphors like humans do as it requires a human-like understanding of the context, culture, and idioms. However, the literal meaning of the sentence is that the party had a lot of pink decorations, clothing, or other items which were predominantly pink in color."", ""85"", ""As an AI language model, my response was based on the understanding that the sentence \""It was a very pink party\"" means a party with a lot of pink decorations, clothing, or other items which were predominantly pink in color. I do not have the human-like understanding of metaphors, so I provided a literal interpretation of the sentence",1,,,,,,,,,,,,2,,,,,,,,,,,,,,,,,
CH_22,0,"As an AI language model, I have no opinions or emotions, but metaphorically, it could mean that the party was very lively, fun, and cheerful, as pink is often associated with happiness and femininity. Alternatively, it could also mean that the party was overly feminine or girly."", ""85"", ""As an AI language model, I informed my answer based on my understanding of common cultural associations with the color pink as well as common use of metaphors in language. However, since the interpretation of metaphors can be subjective, the confidence level in my answer is not 100%.",,,,,1,,,,,,,,2,,,,,,,,,,,,,,,,,
CH_23,0,"As an AI language model, I cannot infer metaphorical meaning without additional context. Can you please provide more details or context for the sentence?"", ""50"", ""My answer was based on my understanding that the sentence \""It was a very pink party\"" could be interpreted both literally and figuratively, and without further context, it is difficult to determine which interpretation is intended. If the sentence is to be interpreted figuratively, it could mean that the party was very feminine or girlish in nature, or that there was a lot of excitement or enthusiasm at the party.",,1,1,,1,,,,,,,,2,,,,,,,,,,,,,,,,,
CH_24,0,"As an AI language model, I cannot infer the metaphorical meaning as it requires certain contextual and cultural knowledge. However, the literal meaning of the sentence is that the party had a lot of decor and items that were pink in color."", ""90"", ""As an AI language model, I do not have emotions or personal biases. I provided an answer based on the most common understanding of the literal meaning of the sentence \""It was a very pink party\"".",,,,,,1,,,,,,,2,,,,,,,,,,,,,,,,,
CH_25,0,"As an AI language model, I don't have personal views or emotions, but metaphorically, \""It was a very pink party\"" could mean that it was a very feminine or overly frilly party, with excessive decorations, in a manner that could be seen as clich\u00e9d or overly indulgent. It may imply an excessive or superficial indulgence in luxury or extravagant lifestyle."", ""90"", ""I analyzed the literal meaning of the sentence and then tried to infer its metaphorical meaning based on the common cultural associations and potential connotations of the color pink. Additionally, my training data includes a large corpus of English text, which helps me understand common idioms and expressions from context.",,1,,,1,1,,,,,,,2,,,,,,,,,,,,,,,,,
CH_26,0,"As an AI language model, I don't have personal opinions or emotions. The sentence \""It was a very pink party\"" is a descriptive sentence that means the party had a lot of decor, clothing, or themes that were predominantly pink in color. There is no metaphorical meaning to this sentence."", ""100."", ""I provided my answer based on my understanding of the literal meaning of the sentence \""It was a very pink party.\"" Using my language processing and interpretation capabilities, I analyzed the sentence structure, vocabulary, and context to determine the most likely meaning of the sentence",,,,,,1,,,,,,,2,,,,,,,,,,,,,,,,,
,,,,,,,,,,,,,,,,,,,,,,,,,,,,,,,,
,,,,,,,,,,,,,,,,,,,COLORSEEING,,,37,43,29,7,39,18,5,26,10,10,6
,,,,,,,,,,,,,,,,,,,ID,Colorblind - Yes/1 or No/0,Pink Party: How did you inform your answer?,Color perception,Color associations,Emotional exp,Past experiences,Stereotype/Culture,Meaning/Context,Past usage/responses,Instinct,Misunderstanding,Arb/Guess,No answer
,,,,,,,,,,,,,,,,,,,CM002,0,The color pink made me think of frilly things,1,1,,,,,,,,,
,,,,,,,,,,,,,,,,,,,CM004,0,"I thought of what the color ""pink"" is usually associated with",1,1,,,,,,,,,
,,,,,,,,,,,,,,,,,,,CM005,0,I based it off of the color pink and its associations.,1,1,,,,,,,,,
,,,,,,,,,,,,,,,,,,,CM006,0,By thinking about the color.,1,,,,,,,,,,
,,,,,,,,,,,,,,,,,,,CM007,0,Associating the color with the theme of the party,1,1,,,,,,,,,
,,,,,,,,,,,,,,,,,,,CM008,0,The feeling and imagery associated with pink,1,,,,,,,,,,
,,,,,,,,,,,,,,,,,,,CM009,0,"I associate pink with happiness and cuteness, possibly from social stigma and other social influences",,,1,,1,,,,,,
,,,,,,,,,,,,,,,,,,,CM010,0,I thought of expensive things when I heard the word pink,1,1,,,,,,,,,
,,,,,,,,,,,,,,,,,,,CM011,0,What society has said about the color pink,,,,,1,,,,,,
,,,,,,,,,,,,,,,,,,,cm013,0,Based on references in pop culture.,,,,,1,,,,,,
,,,,,,,,,,,,,,,,,,,CM015,0,I thought about the emotions that pink inspires in people and what I interpret pink to mean.,,1,1,,,1,,,,,
,,,,,,,,,,,,,,,,,,,CM016,0,"colors of clothes and lights, chatter",1,,,,,,,,,,
,,,,,,,,,,,,,,,,,,,CM017,0,Pink is associated with lighthearted fun in my mind; blushing,,1,1,,,,,,,,
,,,,,,,,,,,,,,,,,,,CM018,0,Pink is affection,,,1,,,,,,,,
,,,,,,,,,,,,,,,,,,,CM019,0,pink is warm and fuzzy,,,1,,,,,,,,
,,,,,,,,,,,,,,,,,,,CM020,0,associates pink with feelings of happiness,,1,1,,,,,,,,
,,,,,,,,,,,,,,,,,,,,,,,,,,,,,,,,
,,,,,,,,,,,,,,,,,,,,,,,,,,,,,,,,
,,,,,,,,,,,,,,,,,,,,,,,,,,,,,,,,
,,,,,,,,,,,,,,,,,,,,,,,,,,,,,,,,
,,,,,,,,,,,,,,,,,,,CM025,0,"Pink is associated with innocence, infantile",,1,,,1,,,,,,
,,,,,,,,,,,,,,,,,,,,,,,,,,,,,,,,
,,,,,,,,,,,,,,,,,,,,,,,,,,,,,,,,
,,,,,,,,,,,,,,,,,,,,,,,,,,,,,,,,
,,,,,,,,,,,,,,,,,,,,,,,,,,,,,,,,
,,,,,,,,,,,,,,,,,,,,,,,,,,,,,,,,
,,,,,,,,,,,,,,,,,,,,,,,,,,,,,,,,
,,,,,,,,,,,,,,,,,,,,,,,,,,,,,,,,
,,,,,,,,,,,,,,,,,,,,,,,,,,,,,,,,
,,,,,,,,,,,,,,,,,,,,,,,,,,,,,,,,
,,,,,,,,,,,,,,,,,,,,,,,,,,,,,,,,
,,,,,,,,,,,,,,,,,,,,,,,,,,,,,,,,
,,,,,,,,,,,,,,,,,,,,,,,,,,,,,,,,
,,,,,,,,,,,,,,,,,,,,,,,,,,,,,,,,
,,,,,,,,,,,,,,,,,,,,,,,,,,,,,,,,
,,,,,,,,,,,,,,,,,,,,,,,,,,,,,,,,
,,,,,,,,,,,,,,,,,,,P001,0,By feeling,,,,,,,,1,,,
,,,,,,,,,,,,,,,,,,,P002,0,Personal social experiences and feelings of friends,,,1,1,,,,,,,
,,,,,,,,,,,,,,,,,,,P003,0,none,,,,,,,,,,,1
,,,,,,,,,,,,,,,,,,,P004,0,full of love,,,1,,,,,,,,
,,,,,,,,,,,,,,,,,,,P005,0,Party,,,,,,1,,,,,
,,,,,,,,,,,,,,,,,,,P006,0,I informed my answer by using the same method that was used to inform the question.,,,,,,,,,1,,
,,,,,,,,,,,,,,,,,,,P007,0,My feeling,,,,,,,,1,,,
,,,,,,,,,,,,,,,,,,,P008,0,You also should not feel pressured into working overtime because the company makes you feel like you need to or else they will fire you.,,,,,,,,,1,,
,,,,,,,,,,,,,,,,,,,P009,0,First reaction,,,,,,,,1,,,
,,,,,,,,,,,,,,,,,,,P010,0,"I think that when somebody says, ""It was a very pink party,"" they mean the party was very light and airy. They were probably using a lot of pastel colors and maybe even some white. The whole thing probably looked really soft, like something from a beach vacation ad. When I think about pink, I think about the color of cotton candy or bubble gum‚Äîit's bright and sweet, but it also has a little bit of sadness to it because it reminds me of toys that are too old for me anymore. That's why I think this person might have used pastel colors (like pink) or white‚Äîto make the room look like an ice cream cone or cotton candy or something else sweetly nostalgic.",1,1,1,,,,,,,,
,,,,,,,,,,,,,,,,,,,P011,0,A pink party might conjure up images of Girls' Generation's dreamy and happy days,,1,1,,,,,,,,
,,,,,,,,,,,,,,,,,,,P012,0,It's a party that is very pink.,1,,,,,,,,,,
,,,,,,,,,,,,,,,,,,,P013,0,I informed my answer by looking at the question and thinking about how it would be answered. I also used a dictionary to find out what words meant.,,,,,,,,,1,,
,,,,,,,,,,,,,,,,,,,P014,0,I felt it's right,,,,,,,,1,,,
,,,,,,,,,,,,,,,,,,,P015,0,brain,,,,,,,,1,,,
,,,,,,,,,,,,,,,,,,,P016,0,In my own mind,,,,,,,,1,,,
,,,,,,,,,,,,,,,,,,,P017,0,Pink being a colour,1,,,,,,,,,,
,,,,,,,,,,,,,,,,,,,P018,0,Pink colour means acctrativeness,,1,,,,,,,,,
,,,,,,,,,,,,,,,,,,,P019,0,"The bright pink color is usually associated with happy and cheerful one. It gives a person a kind of relaxed, sweet and happy feeling, often with girls, fairy tales, and romantic feelings together.",,1,1,,1,,,,,,
,,,,,,,,,,,,,,,,,,,P020,0,Color perception,1,,,,,,,,,,
,,,,,,,,,,,,,,,,,,,P021,0,I used the internet to find information about the topic.,,,,,,,,,1,,
,,,,,,,,,,,,,,,,,,,P022,0,Based on color,1,1,,,,,,,,,
,,,,,,,,,,,,,,,,,,,P023,0,Through my understanding and perception of the sentence,,,,,,1,,,,,
,,,,,,,,,,,,,,,,,,,P024,0,According to the literal meaning of this sentence.,,,,,,1,,,,,
,,,,,,,,,,,,,,,,,,,P025,0,"As a male painter, I know that the word ""pink"" has two meanings. The first is a color. It's a bright red color, so it's not really very pink at all. The second meaning is that it has to do with female anatomy, which I am not too familiar with (I like girls, but don't know too much about their bodies). So when someone says, ""It was a very pink party,"" they are saying that there were lots of women at this party.",1,,,,1,,,,,,
,,,,,,,,,,,,,,,,,,,P026,0,Pink is great in my heart,,1,1,,,,,,,,
,,,,,,,,,,,,,,,,,,,P027,0,Moment of intimacy and warmth.,,,1,,,,,,,,
,,,,,,,,,,,,,,,,,,,P028,0,idea,,,,,,,,1,,,
,,,,,,,,,,,,,,,,,,,P029,0,I thought about it,,,,,,,,,1,,
,,,,,,,,,,,,,,,,,,,P030,0,Based on the colour view feeling,1,,1,,,,,,,,
,,,,,,,,,,,,,,,,,,,P031,0,Double Dating,,,1,,,,,,,,
,,,,,,,,,,,,,,,,,,,P032,0,"I would imagine a party that's very pink would be full of women in hot pink dresses, with lots of tissue paper and streamers floating through the air. There might also be a lot of red wine and other party foods, with pink tablecloths and napkins.",1,,,,1,,,,,,
,,,,,,,,,,,,,,,,,,,P033,0,"I would explain that it is a very pink party because I can see the party reflected on the wall. The wall is pink and has been painted pink, so when I look at the wall, it looks like the party.",1,,,,,,,,,,
,,,,,,,,,,,,,,,,,,,P034,0,the hue itself brings a calm feeling to me. My personal reaction to the color.,,,1,,,,,,,,
,,,,,,,,,,,,,,,,,,,PR_001,0,Just my association with the colour in relation to a party,,1,,,,,,,,,
,,,,,,,,,,,,,,,,,,,PR_002,0,It just comes up,,,,,,,,1,,,
,,,,,,,,,,,,,,,,,,,PR_003,0,The personalities of the people that enjoy/wear those colors.,,1,,,1,,,,,,
,,,,,,,,,,,,,,,,,,,PR_004,0,I associated pink with girls,,1,,,1,,,,,,
,,,,,,,,,,,,,,,,,,,,,,,,,,,,,,,,
,,,,,,,,,,,,,,,,,,,,,,,,,,,,,,,,
,,,,,,,,,,,,,,,,,,,PR_007,0,n/a,,,,,,,,,,,1
,,,,,,,,,,,,,,,,,,,PR_008,0,Stereotypical,,,,,1,,,,,,
,,,,,,,,,,,,,,,,,,,,,,,,,,,,,,,,
,,,,,,,,,,,,,,,,,,,PR_010,0,I just see pink as a lively colour,1,1,,,,,,,,,
,,,,,,,,,,,,,,,,,,,PR_011,0,As i felt it was the most best option,,,,,,,,1,,,
,,,,,,,,,,,,,,,,,,,PR_012,0,Pink is bright and so I associated the party as being quite upbeat and energetic,1,1,1,,,,,,,,
,,,,,,,,,,,,,,,,,,,PR_013,0,pink associate with girls typically,,1,,,1,,,,,,
,,,,,,,,,,,,,,,,,,,PR_014,0,I thought how the colour would represent the event,1,1,,,,,,,,,
,,,,,,,,,,,,,,,,,,,,,,,,,,,,,,,,
,,,,,,,,,,,,,,,,,,,PR_016,0,pink is traditionally associated with female things.,,1,,,1,,,,,,
,,,,,,,,,,,,,,,,,,,PR_017,0,I thought about what the atmosphere of a party is usually like and matched it with how I felt about the colour pink,,1,1,,,,,,,,
,,,,,,,,,,,,,,,,,,,PR_018,0,Pink is associated with happiness and love so that's how I came up with my anwer,,1,1,,,,,,,,
,,,,,,,,,,,,,,,,,,,PR_019,0,Associated the color with what I would believe the mood would be.,,1,1,,,,,,,,
,,,,,,,,,,,,,,,,,,,,,,,,,,,,,,,,
,,,,,,,,,,,,,,,,,,,PR_021,0,It was first thing that came to mind,,,,,,,,1,,,
,,,,,,,,,,,,,,,,,,,PR_022,0,pink always strikes me as a frivolous and female colour,,,,,1,,,,,,
,,,,,,,,,,,,,,,,,,,PR_023,0,The images of what I thought it was appeared visually in my mind. In this case a girl birthday party surrounded in in pink decorations then it went onto an hen party with a group of women dressed in over revealing pink clothing.,1,,,,1,,,,,,
,,,,,,,,,,,,,,,,,,,PR_024,0,Logic,,,,,,,,1,,,
,,,,,,,,,,,,,,,,,,,,,,,,,,,,,,,,
,,,,,,,,,,,,,,,,,,,PR_026,0,Pink seems a very stereotypical colour and is used in many products to indicate a soft feminine character. Not much variety in pink for me.,,1,,,1,,,,,,
,,,,,,,,,,,,,,,,,,,,,,,,,,,,,,,,
,,,,,,,,,,,,,,,,,,,PR_028,0,its just how i felt,,,,,,,,1,,,
,,,,,,,,,,,,,,,,,,,PR_029,0,From the colour of pink which is bright and connotes excitement,1,1,1,,,,,,,,
,,,,,,,,,,,,,,,,,,,,,,,,,,,,,,,,
,,,,,,,,,,,,,,,,,,,PR_031,0,Pink and party reminds me of Pinkie Pie from MLP.,,1,,,1,,,,,,
,,,,,,,,,,,,,,,,,,,PR_032,0,Thought how I'd mean it if I said it myself.,,,,,,1,,,,,
,,,,,,,,,,,,,,,,,,,,,,,,,,,,,,,,
,,,,,,,,,,,,,,,,,,,PR_034,0,i tried to guess the meaning,,,,,,,,,,1,
,,,,,,,,,,,,,,,,,,,PR_035,0,pink is a traditionally feminine colour,,,,,1,,,,,,
,,,,,,,,,,,,,,,,,,,,,,,,,,,,,,,,
,,,,,,,,,,,,,,,,,,,PR_037,0,Just my thoughts,,,,,,,,1,,,
,,,,,,,,,,,,,,,,,,,,,,,,,,,,,,,,
,,,,,,,,,,,,,,,,,,,PR_039,0,NA,,,,,,,,,,,1
,,,,,,,,,,,,,,,,,,,PR_040,0,I went with a gut feeling reaction,,,,,,,,1,,,
,,,,,,,,,,,,,,,,,,,PR_041,0,My perception of the color pink and what I feel its associated with informed my answer.,1,1,,,,,,,,,
,,,,,,,,,,,,,,,,,,,,,,,,,,,,,,,,
,,,,,,,,,,,,,,,,,,,PR_043,0,Just from my experience of parties,,,,1,,,,,,,
,,,,,,,,,,,,,,,,,,,PR_044,0,I just thought of the most reasonable and logical explanation.,,,,,,,,1,,,
,,,,,,,,,,,,,,,,,,,,,,,,,,,,,,,,
,,,,,,,,,,,,,,,,,,,PR_046,0,I know loads of mates' young daughters who all enjoy a girlie party when they are nippers. very stereotyped !!,,,,1,1,,,,,,
,,,,,,,,,,,,,,,,,,,PR_047,0,Because it's the kind of thing that students do,,,,,1,,,,,,
,,,,,,,,,,,,,,,,,,,PR_048,0,By using how I would feel.,,,,,,,,1,,,
,,,,,,,,,,,,,,,,,,,PR_049,0,General knowledge,,,,,1,,,1,,,
,,,,,,,,,,,,,,,,,,,PR_050,0,I answered what came to mind.,,,,,,,,1,,,
,,,,,,,,,,,,,,,,,,,,,,,,,,,,,,,,
,,,,,,,,,,,,,,,,,,,PR_052,0,Just on what I thought,,,,,,,,1,,,
,,,,,,,,,,,,,,,,,,,PR_053,0,I just think pink is the color that is associated with being in a happy mood.,,1,1,,,,,,,,
,,,,,,,,,,,,,,,,,,,PR_054,0,I wrote it down.,,,,,,,,,1,,
,,,,,,,,,,,,,,,,,,,PR_055,0,A joyfull colour,,,1,,,,,,,,
,,,,,,,,,,,,,,,,,,,,,,,,,,,,,,,,
,,,,,,,,,,,,,,,,,,,PR_057,0,Gender stereotypes,,,,,1,,,,,,
,,,,,,,,,,,,,,,,,,,PR_058,0,I just said what I felt,,,,,,,,1,,,
,,,,,,,,,,,,,,,,,,,PR_059,0,Very pink to me indicating a young girls preferred colour maybe,,,,,1,,,,,,
,,,,,,,,,,,,,,,,,,,PR_060,0,Based on observatons regarding the characters involved and their actions.,1,,,,,,,,,,
,,,,,,,,,,,,,,,,,,,PR_061,0,Pink is generally associated as a girl's colour,,1,,,1,,,,,,
,,,,,,,,,,,,,,,,,,,,,,,,,,,,,,,,
,,,,,,,,,,,,,,,,,,,,,,,,,,,,,,,,
,,,,,,,,,,,,,,,,,,,PR_064,0,Just how I felt about it if I was at a pink party,1,,,,,,,,,,
,,,,,,,,,,,,,,,,,,,,,,,,,,,,,,,,
,,,,,,,,,,,,,,,,,,,,,,,,,,,,,,,,
,,,,,,,,,,,,,,,,,,,,,,,,,,,,,,,,
,,,,,,,,,,,,,,,,,,,PR_068,0,Pink and party usually indicates youth and fun,,1,,,1,,,,,,
,,,,,,,,,,,,,,,,,,,,,,,,,,,,,,,,
,,,,,,,,,,,,,,,,,,,PR_070,0,societal bias,,,,,1,,,,,,
,,,,,,,,,,,,,,,,,,,PR_071,0,A guess on what pink could mean in that context,,,,,,1,,,,,
,,,,,,,,,,,,,,,,,,,,,,,,,,,,,,,,
,,,,,,,,,,,,,,,,,,,PR_073,0,Thinking,,,,,,,,,1,,
,,,,,,,,,,,,,,,,,,,,,,,,,,,,,,,,
,,,,,,,,,,,,,,,,,,,PR_075,0,by relating the colour,,1,,,,,,,,,
,,,,,,,,,,,,,,,,,,,PR_076,0,i associate pink with femininity,,1,,,1,,,,,,
,,,,,,,,,,,,,,,,,,,PR_077,0,Pink ü©∑ is a colour that girls love,,,,,1,,,,,,
,,,,,,,,,,,,,,,,,,,PR_078,0,Based it on pink being a stereotypical female colour,,,,,1,,,,,,
,,,,,,,,,,,,,,,,,,,PR_079,0,NA,,,,,,,,,,,1
,,,,,,,,,,,,,,,,,,,PR_080,0,First thing that appeared in my head,1,,,,,,,1,,,
,,,,,,,,,,,,,,,,,,,PR_081,0,Brightness of the colour,1,,,,,,,,,,
,,,,,,,,,,,,,,,,,,,PR_082,0,Girls like the colour pink,,,,,1,,,,,,
,,,,,,,,,,,,,,,,,,,PR_083,0,Pink tends to be a very bright and pleasant colour.,1,,1,,,,,,,,
,,,,,,,,,,,,,,,,,,,PR_084,0,From the fact that historically the colour pink is associated with femininity.,,1,,,1,,,,,,
,,,,,,,,,,,,,,,,,,,PR_085,0,I know what pink usually means,,,,,,1,,,,,
,,,,,,,,,,,,,,,,,,,PR_086,0,I associate the colour pink with being happy,,1,1,,,,,,,,
,,,,,,,,,,,,,,,,,,,,,,,,,,,,,,,,
,,,,,,,,,,,,,,,,,,,,,,,,,,,,,,,,
,,,,,,,,,,,,,,,,,,,,,,,,,,,,,,,,
,,,,,,,,,,,,,,,,,,,,,,,,,,,,,,,,
,,,,,,,,,,,,,,,,,,,,,,,,,,,,,,,,
,,,,,,,,,,,,,,,,,,,PR_092,0,I guessed what pink is in the context,,,,,,1,,,,1,
,,,,,,,,,,,,,,,,,,,,,,,,,,,,,,,,
,,,,,,,,,,,,,,,,,,,PR_094,0,Simply an association with the colour pink.,,1,,,,,,,,,
,,,,,,,,,,,,,,,,,,,PR_095,0,I can tell from the content.,,,,,,1,,,,,
,,,,,,,,,,,,,,,,,,,,,,,,,,,,,,,,
,,,,,,,,,,,,,,,,,,,PR_097,0,It was based on one instance I heard it in a social context.,,,,1,,,,,,,
,,,,,,,,,,,,,,,,,,,PR_098,0,I couldn't,,,,,,,,,,1,
,,,,,,,,,,,,,,,,,,,PR_099,0,I associate pink colour with females being playful,,1,,,1,,,,,,
,,,,,,,,,,,,,,,,,,,,,,,,,,,,,,,,
,,,,,,,,,,,,,,,,,,,PR_101,0,I based it on a lifetime of speaking English as my first language,,,,,,1,1,,,,
,,,,,,,,,,,,,,,,,,,PR_102,0,Stereotypes,,,,,1,,,,,,
,,,,,,,,,,,,,,,,,,,PR_103,0,A wild guess,,,,,,,,,,1,
,,,,,,,,,,,,,,,,,,,,,,,,,,,,,,,,
,,,,,,,,,,,,,,,,,,,,,,,,,,,,,,,,
,,,,,,,,,,,,,,,,,,,PR_106,0,Boldly,,,,,,,,,1,,
,,,,,,,,,,,,,,,,,,,PR_107,0,Just an instant guess really.,,,,,,,,1,,,
,,,,,,,,,,,,,,,,,,,,,,,,,,,,,,,,
,,,,,,,,,,,,,,,,,,,PR_109,0,Thought about it,,,,,,,,,1,,
,,,,,,,,,,,,,,,,,,,PR_110,0,I guessed what the colour could mean in the context of the sentence.,,,,,,1,,,,1,
,,,,,,,,,,,,,,,,,,,,,,,,,,,,,,,,
,,,,,,,,,,,,,,,,,,,PR_112,0,associations with the colour from nature and culture,,1,,,1,,,,,,
,,,,,,,,,,,,,,,,,,,,,,,,,,,,,,,,
,,,,,,,,,,,,,,,,,,,PR_114,0,based on my own experiences,,,,1,,,,,,,
,,,,,,,,,,,,,,,,,,,PR_115,0,how i felt with the color,,,1,,,,,,,,
,,,,,,,,,,,,,,,,,,,,,,,,,,,,,,,,
,,,,,,,,,,,,,,,,,,,PR_117,0,Just from imagination and past perceptions.,1,,,1,,,,,,,
,,,,,,,,,,,,,,,,,,,PR_118,0,Pink is usually related to feminine things,,1,,,1,,,,,,
,,,,,,,,,,,,,,,,,,,,,,,,,,,,,,,,
,,,,,,,,,,,,,,,,,,,,,,,,,,,,,,,,
,,,,,,,,,,,,,,,,,,,PR_121,0,I answered based on my perception of the color pink and how bright it is as well as its traditional link as a feminine color.,1,,,,1,,,,,,
,,,,,,,,,,,,,,,,,,,PR_122,0,Thinking of the colour,1,,,,,,,,,,
,,,,,,,,,,,,,,,,,,,PR_123,0,"Based on my feelings towards an old saying ""tickled pink"".",,,,,,1,1,,,,
,,,,,,,,,,,,,,,,,,,PR_124,0,Preconceived ideas,,,,1,,,,,,,
,,,,,,,,,,,,,,,,,,,,,,,,,,,,,,,,
,,,,,,,,,,,,,,,,,,,PR_126,0,I had a picture in my mind of people talking and socialising,1,,,,,,,,,,
,,,,,,,,,,,,,,,,,,,PR_127,0,pink thought in the pink happy,,,1,,,,,,,,
,,,,,,,,,,,,,,,,,,,PR_128,0,informative,,,,,,,,,1,,
,,,,,,,,,,,,,,,,,,,PR_129,0,Natural association,,,,,,,,1,,,
,,,,,,,,,,,,,,,,,,,PR_130,0,Just what i think,,,,,,,,1,,,
,,,,,,,,,,,,,,,,,,,,,,,,,,,,,,,,
,,,,,,,,,,,,,,,,,,,,,,,,,,,,,,,,
,,,,,,,,,,,,,,,,,,,PR_133,0,I guessed,,,,,,,,,,1,
,,,,,,,,,,,,,,,,,,,PR_134,0,Saw it in my mind,1,,,,,,,,,,
,,,,,,,,,,,,,,,,,,,,,,,,,,,,,,,,
,,,,,,,,,,,,,,,,,,,,,,,,,,,,,,,,
,,,,,,,,,,,,,,,,,,,PR_137,0,"Traditional colour favoured by females in our society, altough these stereotypes are changing",,,,,1,,,,,,
,,,,,,,,,,,,,,,,,,,PR_138,0,I guessed,,,,,,,,,,1,
,,,,,,,,,,,,,,,,,,,,,,,,,,,,,,,,
,,,,,,,,,,,,,,,,,,,PR_140,0,In the context I interpreted pink as fun / light hearted,,,1,,,1,,,,,
,,,,,,,,,,,,,,,,,,,,,,,,,,,,,,,,
,,,,,,,,,,,,,,,,,,,,,,,,,,,,,,,,
,,,,,,,,,,,,,,,,,,,PR_143,0,a general feeling,,,,,,,,1,,,
,,,,,,,,,,,,,,,,,,,PR_144,0,I used my perception of the color pink to infer what a pink party is.,1,,,,,1,,,,,
,,,,,,,,,,,,,,,,,,,PR_145,0,From the Pink Picnic l wrote about in 1b,,,,,,,1,,,,
,,,,,,,,,,,,,,,,,,,,,,,,,,,,,,,,
,,,,,,,,,,,,,,,,,,,,,,,,,,,,,,,,
,,,,,,,,,,,,,,,,,,,PR_148,0,Because that's what the stereotype is - think Barbie & whatnot.,,,,,1,,,,,,
,,,,,,,,,,,,,,,,,,,,,,,,,,,,,,,,
,,,,,,,,,,,,,,,,,,,,,,,,,,,,,,,,
,,,,,,,,,,,,,,,,,,,,,,,,,,,,,,,,
,,,,,,,,,,,,,,,,,,,,,,,,,,,,,,,,
,,,,,,,,,,,,,,,,,,,,,,,,,,,,,,,,
,,,,,,,,,,,,,,,,,,,,,,,,,,,,,,,,
,,,,,,,,,,,,,,,,,,,,,,,,,,,,,,,,
,,,,,,,,,,,,,,,,,,,,,,,,,,,,,,,,
,,,,,,,,,,,,,,,,,,,,,,,,,,,,,,,,
,,,,,,,,,,,,,,,,,,,,,,,,,,,,,,,,
,,,,,,,,,,,,,,,,,,,,,,,,,,,,,,,,
,,,,,,,,,,,,,,,,,,,,,,,,,,,,,,,,
,,,,,,,,,,,,,,,,,,,,,,,,,,,,,,,,
,,,,,,,,,,,,,,,,,,,,,,,,,,,,,,,,
,,,,,,,,,,,,,,,,,,,,,,,,,,,,,,,,
,,,,,,,,,,,,,,,,,,,,,,,,,,,,,,,,
,,,,,,,,,,,,,,,,,,,,,,,,,,,,,,,,
,,,,,,,,,,,,,,,,,,,,,,,,,,,,,,,,
,,,,,,,,,,,,,,,,,,,,,,,,,,,,,,,,
,,,,,,,,,,,,,,,,,,,,,,,,,,,,,,,,
,,,,,,,,,,,,,,,,,,,,,,,,,,,,,,,,
,,,,,,,,,,,,,,,,,,,,,,,,,,,,,,,,
,,,,,,,,,,,,,,,,,,,,,,,,,,,,,,,,
,,,,,,,,,,,,,,,,,,,,,,,,,,,,,,,,
,,,,,,,,,,,,,,,,,,,,,,,,,,,,,,,,
,,,,,,,,,,,,,,,,,,,,,,,,,,,,,,,,
,,,,,,,,,,,,,,,,,,,,,,,,,,,,,,,,
,,,,,,,,,,,,,,,,,,,,,,,,,,,,,,,,
,,,,,,,,,,,,,,,,,,,,,,,,,,,,,,,,
,,,,,,,,,,,,,,,,,,,,,,,,,,,,,,,,
,,,,,,,,,,,,,,,,,,,,,,,,,,,,,,,,
,,,,,,,,,,,,,,,,,,,,,,,,,,,,,,,,
,,,,,,,,,,,,,,,,,,,,,,,,,,,,,,,,
,,,,,,,,,,,,,,,,,,,,,,,,,,,,,,,,
,,,,,,,,,,,,,,,,,,,,,,,,,,,,,,,,
,,,,,,,,,,,,,,,,,,,,,,,,,,,,,,,,
,,,,,,,,,,,,,,,,,,,,,,,,,,,,,,,,
,,,,,,,,,,,,,,,,,,,,,,,,,,,,,,,,
,,,,,,,,,,,,,,,,,,,,,,,,,,,,,,,,
,,,,,,,,,,,,,,,,,,,,,,,,,,,,,,,,
,,,,,,,,,,,,,,,,,,,,,,,,,,,,,,,,
,,,,,,,,,,,,,,,,,,,,,,,,,,,,,,,,
,,,,,,,,,,,,,,,,,,,,,,,,,,,,,,,,
,,,,,,,,,,,,,,,,,,,,,,,,,,,,,,,,
,,,,,,,,,,,,,,,,,,,,,,,,,,,,,,,,
,,,,,,,,,,,,,,,,,,,,,,,,,,,,,,,,
,,,,,,,,,,,,,,,,,,,,,,,,,,,,,,,,
,,,,,,,,,,,,,,,,,,,,,,,,,,,,,,,,
,,,,,,,,,,,,,,,,,,,,,,,,,,,,,,,,
,,,,,,,,,,,,,,,,,,,,,,,,,,,,,,,,
,,,,,,,,,,,,,,,,,,,,,,,,,,,,,,,,
,,,,,,,,,,,,,,,,,,,,,,,,,,,,,,,,
,,,,,,,,,,,,,,,,,,,,,,,,,,,,,,,,
,,,,,,,,,,,,,,,,,,,,,,,,,,,,,,,,
,,,,,,,,,,,,,,,,,,,,,,,,,,,,,,,,
,,,,,,,,,,,,,,,,,,,PR_204,0,past traditional sayng,,,,,,,1,,,,
,,,,,,,,,,,,,,,,,,,PR_205,0,NA,,,,,,,,,,,1
,,,,,,,,,,,,,,,,,,,PR_206,0,Read the sentence a few times and tried to picture it,1,,,,,1,,,,,
,,,,,,,,,,,,,,,,,,,PR_207,0,I thought of what the colour pink represents to me,,1,,,,,,,,,
,,,,,,,,,,,,,,,,,,,,,,,,,,,,,,,,
,,,,,,,,,,,,,,,,,,,PR_209,0,"I thought of ways it was pink, literally or to represent a feeling",1,,1,,,,,,,,
,,,,,,,,,,,,,,,,,,,PR_210,0,Thought about what Pink usually means.,,,,,,1,,,,,
,,,,,,,,,,,,,,,,,,,PR_211,0,My perception of this colour.,1,,,,,,,,,,
,,,,,,,,,,,,,,,,,,,PR_212,0,Not sure,,,,,,,,,,1,
,,,,,,,,,,,,,,,,,,,PR_213,0,Girls like pink,,,,,1,,,,,,
,,,,,,,,,,,,,,,,,,,,,,,,,,,,,,,,
,,,,,,,,,,,,,,,,,,,PR_215,0,i guessed,,,,,,,,,,1,
,,,,,,,,,,,,,,,,,,,,,,,,,,,,,,,,
,,,,,,,,,,,,,,,,,,,,,,,,,,,,,,,,
,,,,,,,,,,,,,,,,,,,PR_218,0,By what Ivfee the colour pink means,,,,,,1,,,,,
,,,,,,,,,,,,,,,,,,,,,,,,,,,,,,,,
,,,,,,,,,,,,,,,,,,,PR_220,0,I guessed what the answer could be.,,,,,,,,,,1,
,,,,,,,,,,,,,,,,,,,PR_221,0,just a feeling,,,,,,,,1,,,
,,,,,,,,,,,,,,,,,,,PR_222,0,Based on my previous answers and what i thought the colour meant,,,,,,1,1,,,,
,,,,,,,,,,,,,,,,,,,PR_223,0,Pink is the colour associated with the gay community,,1,,,1,,,,,,
,,,,,,,,,,,,,,,,,,,,,,,,,,,,,,,,
,,,,,,,,,,,,,,,,,,,,,,,,,,,,,,,,
,,,,,,,,,,,,,,,,,,,,,,,,,,,,,,,,
,,,,,,,,,,,,,,,,,,,,,,,,,,,,,,,,
,,,,,,,,,,,,,,,,,,,,,,,,,,,,,,,,
,,,,,,,,,,,,,,,,,,,,,,,,,,,,,,,,
,,,,,,,,,,,,,,,,,,,,,,,,,,,,,,,,1