,,,,27,47,2,7,15,21,28,52,163,14,12,13,8,5,,,,,,COLORBLIND,,,10,2,4,17,9,6,8,12,71,9,5,3,5
ID,,Colorblind - Yes/1 or No/0,Red Alert: How did you inform your answer?,Color perception,Color association,Auditory perception,Emotional experience,Past experiences,Stereotype/Culture,Media,Meaning/Context,Past usage/responses,Logic/abstract instinct,Embodied Instinct,Misunderstanding,Arb/Guess,No answer,"Painter (1), ChatGPT(2), Colorseeing (3), Colorblind (4)",,,,,ID,Colorblind - Yes/1 or No/0,Red Alert: How did you inform your answer?,Color perception,Auditory perception,Emotional experience,Color association,Past experiences,Stereotype/Culture,Media,Meaning/Context,Past usage/responses,Instinct,Misunderstanding,Arb/Guess,No answer
CM002,,0,It's a phrase I've heard before,,,,,,,,,1,,,,,,3,,,,,,,,,,,,,,,,,,,,
CM004,,0,"I think I may have heard this phrase before used in this way, also ""code red"" is usually used as the highest level of danger",,,,,,,,1,1,,,,,,3,,,,,,,,,,,,,,,,,,,,
CM005,,0,I based it off the fact that red is associated with alarms and bad situations.,,1,,,,,,,,,,,,,3,,,,,,,,,,,,,,,,,,,,
CM006,,0,I've heard the phrase before,,,,,,,,,1,,,,,,3,,,,,,,,,,,,,,,,,,,,
CM007,,0,"Red is associated with extreme, emergent",,1,,,,,,,,,,,,,3,,,,,,,,,,,,,,,,,,,,
CM008,,0,"Knowledge of the phrase above, and strong cultural association with the color red, entertainment as well",,,,,,1,1,,1,,,,,,3,,,,,,,,,,,,,,,,,,,,
CM009,,0,"Context was taken from the common phrase ""red alert""",,,,,,,,1,1,,,,,,3,,,,,,,,,,,,,,,,,,,,
CM010,,0,Heard the saying before,,,,,,,,,1,,,,,,3,,,,,,,,,,,,,,,,,,,,
CM011,,0,Scenarios dealing with danger associated with the color red,,1,,,,,,,,,,,,,3,,,,,,,,,,,,,,,,,,,,
cm013,,0,Based off of movies.,,,,,,,1,,,,,,,,3,,,,,,,,,,,,,,,,,,,,
CM015,,0,"When there are alert systems, red is typically the highest/most dangerous level of alert.",,,,,,1,,,,,,,,,3,,,,,,,,,,,,,,,,,,,,
CM016,,0,Considered red as having high priority,,1,,,,,,,,,,,,,3,,,,,,,,,,,,,,,,,,,,
CM017,,0,I've heard red alert used in movies to refer to an alarm for a disastrous event,,,,,,,1,,1,,,,,,3,,,,,,,,,,,,,,,,,,,,
CM018,,0,Red is very noticeable to everyone,1,,,,,,,,,,,,,,3,,,,,,,,,,,,,,,,,,,,
CM019,,0,I've heard this phrase before and know how it is used,,,,,,,,,1,,,,,,3,,,,,,,,,,,,,,,,,,,,
CM020,,0,usually red alert is tied with a code relaying matters of high importance,,,,,,1,,,1,,,,,,3,,,,,,,,,,,,,,,,,,,,
CM021,,1,This is a common phrase,,,,,,,,,1,,,,,,4,,,,,CM021,1,This is a common phrase,,,,,,,,,1,,,,
CM022,,1,Red alert means to be aware of something that might happen,,,,,,,,1,,,,,,,4,,,,,CM022,1,Red alert means to be aware of something that might happen,,,,,,,,1,,,,,
CM023,,1,I think of an red alarm going off,1,,1,,,,,,,,,,,,4,,,,,CM023,1,I think of an red alarm going off,1,1,,,,,,,,,,,
CM024,,1,I think of a red siren/alarm going off,1,,1,,,,,,,,,,,,4,,,,,CM024,1,I think of a red siren/alarm going off,1,1,,,,,,,,,,,
CM025,,0,"Red is alarming, attention grabber",1,,,1,,,,,,,,,,,3,,,,,,,,,,,,,,,,,,,,
CM026,,1,Scenes from movies/films,,,,,,,1,,,,,,,,4,,,,,CM026,1,Scenes from movies/films,,,,,,,1,,,,,,
CM027,,1,this is a common phrase,,,,,,,,,1,,,,,,4,,,,,CM027,1,this is a common phrase,,,,,,,,,1,,,,
CM028,,1,Red means something is serious and should paid attention to.,,1,,,,,,,,,,,,,4,,,,,CM028,1,Red means something is serious and should paid attention to.,,,,1,,,,,,,,,
CM029,,1,red is stressful,1,,,1,,,,,,,,,,,4,,,,,CM029,1,red is stressful,1,,1,,,,,,,,,,
CM030,,1,this is a common phrase,,,,,,,,,1,,,,,,4,,,,,CM030,1,this is a common phrase,,,,,,,,,1,,,,
CM031,,1,I thought of the red in firetrucks,1,,,,,,,,,,,,,,4,,,,,CM031,1,I thought of the red in firetrucks,1,,,,,,,,,,,,
CM032,,1,I have heard it before,,,,,,,,,1,,,,,,4,,,,,CM032,1,I have heard it before,,,,,,,,,1,,,,
CM033,,1,"colloquial, I've heard this before",,,,,,,,,1,,,,,,4,,,,,CM033,1,"colloquial, I've heard this before",,,,,,,,,1,,,,
CM034,,1,I've heard the expression many times,,,,,,,,,1,,,,,,4,,,,,CM034,1,I've heard the expression many times,,,,,,,,,1,,,,
CM035,,1,this is a common phrase,,,,,,,,,1,,,,,,4,,,,,CM035,1,this is a common phrase,,,,,,,,,1,,,,
CM036,,1,this is a common phrase,,,,,,,,,1,,,,,,4,,,,,CM036,1,this is a common phrase,,,,,,,,,1,,,,
CM038,,1,Common phrase that is used and I've used to describe the exact situation,,,,,,,,,1,,,,,,4,,,,,CM038,1,Common phrase that is used and I've used to describe the exact situation,,,,,,,,,1,,,,
CM039,,1,"Red is a stress symbol, physical red alert lights and signs",1,,,1,,,,,,,,,,,4,,,,,CM039,1,"Red is a stress symbol, physical red alert lights and signs",1,,1,,,,,,,,,,
CM040,,1,Danger signs are red,1,1,,,,,,,,,,,,,4,,,,,CM040,1,Danger signs are red,1,,,1,,,,,,,,,
CM041,,1,Red typically implies danger or an extreme,,1,,,,1,,,,,,,,,4,,,,,CM041,1,Red typically implies danger or an extreme,,,,1,,1,,,,,,,
P001,,0,I know it,,,,,,,,,1,,,,,,1,,,,,,,,,,,,,,,,,,,,
P002,,0,Normality,,,,,,,,,,1,,,,,1,,,,,,,,,,,,,,,,,,,,
P003,,0,color,1,,,,,,,,,,,,,,1,,,,,,,,,,,,,,,,,,,,
P004,,0,This can cause people to feel anxious and worried.,,,,1,,,,,,,,,,,1,,,,,,,,,,,,,,,,,,,,
P005,,0,conditioned reflex,,,,,,,,,,,,1,,,1,,,,,,,,,,,,,,,,,,,,
P006,,0,That's what I was thinking,,,,,,,,,,,,1,,,1,,,,,,,,,,,,,,,,,,,,
P007,,0,According to the words' red 'and' warning '.,,,,,,,,1,,,,,,,1,,,,,,,,,,,,,,,,,,,,
P009,,0,About what happens in everyday life,,,,,,1,,,,,,,,,1,,,,,,,,,,,,,,,,,,,,
P010,,0,From the first impression of the color,1,,,,,,,,,,,,,,1,,,,,,,,,,,,,,,,,,,,
P011,,0,Common knowledge,,,,,,,,,1,,,,,,1,,,,,,,,,,,,,,,,,,,,
P012,,0,About my inner vision of red,1,,,,,,,,,,,,,,1,,,,,,,,,,,,,,,,,,,,
P013,,0,Your own personal judgment.,,,,,,,,,,1,,,,,1,,,,,,,,,,,,,,,,,,,,
P014,,0,By feeling,,,,,,,,,,,1,,,,1,,,,,,,,,,,,,,,,,,,,
P015,,0,My feeling,,,,,,,,,,,1,,,,1,,,,,,,,,,,,,,,,,,,,
P016,,0,imaginary,1,,,,,,,,,,,,,,1,,,,,,,,,,,,,,,,,,,,
P017,,0,concept of colors,1,,,,,,,,,,,,,,1,,,,,,,,,,,,,,,,,,,,
P018,,0,The experience from the book,,,,,,,1,,,,,,,,1,,,,,,,,,,,,,,,,,,,,
P019,,0,Red,1,,,,,,,1,,,,,,,1,,,,,,,,,,,,,,,,,,,,
P020,,0,"Through my understanding and perception of the sentence, from which I get",,,,,,,,1,,,,,,,1,,,,,,,,,,,,,,,,,,,,
P021,,0,Red represents importance and gives people a sense of crisis,,1,,,,1,,,,,,,,,1,,,,,,,,,,,,,,,,,,,,
P022,,0,A red alert is an indication of danger,,1,,,,1,,,,,,,,,1,,,,,,,,,,,,,,,,,,,,
P023,,0,For TV experience and news,,,,,,,1,,,,,,,,1,,,,,,,,,,,,,,,,,,,,
P024,,0,Red always means danger in colors so i used the knowledge i have in colors,,,,,,1,,,,,,,,,1,,,,,,,,,,,,,,,,,,,,
P026,,0,Red always for emergencies or danger,,1,,,,1,,,,,,,,,1,,,,,,,,,,,,,,,,,,,,
P027,,0,First reaction,,,,,,,,,,1,,,,,1,,,,,,,,,,,,,,,,,,,,
P028,,0,Associative reality,,,,,,,,,,,,,1,,1,,,,,,,,,,,,,,,,,,,,
P029,,0,subconsciousness,,,,,,,,,,1,1,,,,1,,,,,,,,,,,,,,,,,,,,
P030,,0,by feeling,,,,,,,,,,,1,,,,1,,,,,,,,,,,,,,,,,,,,
P031,,0,The bright red color corresponds to the sense of danger,1,1,,,,,,,,,,,,,1,,,,,,,,,,,,,,,,,,,,
P032,,0,feel,,,,,,,,,,,1,,,,1,,,,,,,,,,,,,,,,,,,,
P033,,0,Utilizing Perception of Color,1,,,,,,,,,,,,,,1,,,,,,,,,,,,,,,,,,,,
P034,,0,The color makes me feel this way. Not sure how to answer this tbh,,,,1,,,,,,,,,,,1,,,,,,,,,,,,,,,,,,,,
PR_001,,0,It's a common phrase,,,,,,,,,1,,,,,,1,,,,,,,,,,,,,,,,,,,,
PR_002,,0,I don't know,,,,,,,,,,,,,1,,1,,,,,,,,,,,,,,,,,,,,
PR_003,,0,That phrase is used in movies.,,,,,,,1,,1,,,,,,3,,,,,,,,,,,,,,,,,,,,
PR_004,,0,heard of this before on films,,,,,,,1,,1,,,,,,3,,,,,,,,,,,,,,,,,,,,
PR_005,,1,experience,,,,,,,,,1,,,,,,3,,,,,PR_005,1,experience,,,,,,,,,1,,,,
PR_006,,1,Used how the colour feels,1,,,1,,,,,,,,,,,3,,,,,PR_006,1,Used how the colour feels,1,,1,,,,,,,,,,
PR_007,,0,typed it,,,,,,,,,,,,1,,,4,,,,,,,,,,,,,,,,,,,,
PR_008,,0,CONTEXT,,,,,,,,1,,,,,,,4,,,,,,,,,,,,,,,,,,,,
PR_009,,1,Gut knowledge,,,,,,,,,,1,1,,,,3,,,,,PR_009,1,Gut knowledge,,,,,,,,,,1,,,
PR_010,,0,From what I have heard in the past plus red is synonymous with danger.,,1,,,,,,,1,,,,,,3,,,,,,,,,,,,,,,,,,,,
PR_011,,0,As i thought about the colour,1,,,,,,,,,,,,,,4,,,,,,,,,,,,,,,,,,,,
PR_012,,0,It is a well known phrase,,,,,,,,,1,,,,,,3,,,,,,,,,,,,,,,,,,,,
PR_013,,0,alert meaning,,,,,,,,1,,,,,,,3,,,,,,,,,,,,,,,,,,,,
PR_014,,0,I thought how the colour red would influence the event,1,,,,,,,,,,,,,,3,,,,,,,,,,,,,,,,,,,,
PR_015,,1,Red is usually used in miltary and government for critical situations,,,,,,1,,,,,,,,,3,,,,,PR_015,1,Red is usually used in miltary and government for critical situations,,,,,,1,,,,,,,
PR_016,,0,"This is a well-known phrase, and red always signifies the highest level of alert.",,1,,,,1,,,1,,,,,,3,,,,,,,,,,,,,,,,,,,,
PR_017,,0,The word 'alert' means to be aware and red makes me think of danger,,1,,,,,,,,,,,,,4,,,,,,,,,,,,,,,,,,,,
PR_018,,0,Red alert usually means something serious or dangerous is about to happen,,,,,,1,,1,1,,,,,,3,,,,,,,,,,,,,,,,,,,,
PR_019,,0,From the common phrase 'red alert'.,,,,,,,,,1,,,,,,3,,,,,,,,,,,,,,,,,,,,
PR_020,,1,I have heard the phrase before,,,,,,,,,1,,,,,,3,,,,,PR_020,1,I have heard the phrase before,,,,,,,,,1,,,,
PR_021,,0,It's a well known phrase,,,,,,,,,1,,,,,,3,,,,,,,,,,,,,,,,,,,,
PR_022,,0,It's just a phrase I'm familiar with,,,,,,,,,1,,,,,,4,,,,,,,,,,,,,,,,,,,,
PR_023,,0,It was the most logic idea and the thing I described appeared again in my head along with flashing red lights.,1,,,,,,,,,1,1,,,,3,,,,,,,,,,,,,,,,,,,,
PR_024,,0,Common sense,,,,,,,,,,1,,,,,3,,,,,,,,,,,,,,,,,,,,
PR_025,,1,It's a fairly common phrase,,,,,,,,,1,,,,,,3,,,,,PR_025,1,It's a fairly common phrase,,,,,,,,,1,,,,
PR_026,,0,"It seems the previous pink was referring to a feminine stereotype and so the red alert may, as an opposite, be alluding to male stereotypes. But in my culture red alert refers to a high level of risk or danger and trained people, men or women, are ready to deal with the situation.",,,,,,1,,,1,,,,,,3,,,,,,,,,,,,,,,,,,,,
PR_027,,1,I know the phrase,,,,,,,,,1,,,,,,4,,,,,PR_027,1,I know the phrase,,,,,,,,,1,,,,
PR_028,,0,its how i felt,,,,,,,,,,,1,,,,3,,,,,,,,,,,,,,,,,,,,
PR_029,,0,Red colour which connotes danger,,1,,,,,,,,,,,,,4,,,,,,,,,,,,,,,,,,,,
PR_030,,1,I worked in aerospace and defence,,,,,1,,,,,,,1,,,3,,,,,PR_030,1,I worked in aerospace and defence,,,,,1,,,,,,1,,
PR_031,,0,Red Alert I know from movies means danger.,,,,,,,1,,1,,,,,,3,,,,,,,,,,,,,,,,,,,,
PR_032,,0,Watching too much Star Trek and sci-fi in general.,,,,,,,1,,,,,,,,4,,,,,,,,,,,,,,,,,,,,
PR_033,,1,Because it is a common phrase,,,,,,,,,1,,,,,,3,,,,,PR_033,1,Because it is a common phrase,,,,,,,,,1,,,,
PR_034,,0,I have heard it before,,,,,,,,,1,,,,,,3,,,,,,,,,,,,,,,,,,,,
PR_035,,0,it's a fairly well known phrase,,,,,,,,,1,,,,,,4,,,,,,,,,,,,,,,,,,,,
PR_036,,1,If they are on red alert it usually nean they are on very high alert,,,,,,,,1,,,,,,,3,,,,,PR_036,1,If they are on red alert it usually nean they are on very high alert,,,,,,,,1,,,,,
PR_037,,0,My memory,,,,,,,,,,,,,1,,3,,,,,,,,,,,,,,,,,,,,
PR_038,,1,Red has a connotation with danger,,1,,,,,,,,,,,,,4,,,,,PR_038,1,Red has a connotation with danger,,,,1,,,,,,,,,
PR_039,,0,Red usually associated with emergencies,,1,,,,,,,,,,,,,3,,,,,,,,,,,,,,,,,,,,
PR_040,,0,Previous knowledge,,,,,,,,,1,,,,,,4,,,,,,,,,,,,,,,,,,,,
PR_041,,0,"My perception of the color red and ""on red alert"" is a common phrase that I've heard and seen used many times.",1,,,,,,,,1,,,,,,3,,,,,,,,,,,,,,,,,,,,
PR_042,,1,From hearing this phrase before on several occasions,,,,,,,,,1,,,,,,3,,,,,PR_042,1,From hearing this phrase before on several occasions,,,,,,,,,1,,,,
PR_043,,0,From years of literature and television and movies hearing the phrase red alert,,,,,,,1,,1,,,,,,3,,,,,,,,,,,,,,,,,,,,
PR_044,,0,"From prior knowledge on the meaning of ""red alert"".",,,,,,,,1,1,,,,,,4,,,,,,,,,,,,,,,,,,,,
PR_045,,1,Phrase,,,,,,,,,1,,,,,,3,,,,,PR_045,1,Phrase,,,,,,,,,1,,,,
PR_046,,0,"a well known saying red is used as it can be seen from afar, represents fire and therefore danger (be aware)",1,1,,,,,,,1,,,,,,3,,,,,,,,,,,,,,,,,,,,
PR_047,,0,"It's something I've picked up from media - movies, videogames etc.",,,,,,,1,,,,,,,,4,,,,,,,,,,,,,,,,,,,,
PR_048,,0,By using how I feel.,,,,,,,,,,,1,,,,3,,,,,,,,,,,,,,,,,,,,
PR_049,,0,General knowledge,,,,,,,,,1,1,,,,,3,,,,,,,,,,,,,,,,,,,,
PR_050,,0,having heard the phrase many times in my life,,,,,,,,,1,,,,,,3,,,,,,,,,,,,,,,,,,,,
PR_051,,1,Based on past military experinces,,,,,1,,,,,,,,,,3,,,,,PR_051,1,Based on past military experinces,,,,,1,,,,,,,,
PR_052,,0,I have heard this used many times and Red Alert is a common phrase.,,,,,,,,,1,,,,,,3,,,,,,,,,,,,,,,,,,,,
PR_053,,0,Red is the color associated with danger,,1,,,,,,,,,,,,,4,,,,,,,,,,,,,,,,,,,,
PR_054,,0,I wrote it down.,,,,,,,,,,,,1,,,3,,,,,,,,,,,,,,,,,,,,
PR_055,,0,It is a phrase,,,,,,,,,1,,,,,,3,,,,,,,,,,,,,,,,,,,,
PR_056,,1,Knowledge,,,,,,,,,1,1,,,,,3,,,,,PR_056,1,Knowledge,,,,,,,,,1,1,,,
PR_057,,0,Common association,,,,,,,,,1,,,,,,3,,,,,,,,,,,,,,,,,,,,
PR_058,,0,Just based on what I know 'on red alert' to mean,,,,,,,,1,,,,,,,4,,,,,,,,,,,,,,,,,,,,
PR_059,,0,Red being danger so there was a strong likelihood of something happening immediately,,1,,,,,,,,,,,,,3,,,,,,,,,,,,,,,,,,,,
PR_060,,0,"Because 'Red Alert' is a military/naval code for 'be ready,' or something similar",,,,,,,,,1,,,,,,3,,,,,,,,,,,,,,,,,,,,
PR_061,,0,Red is the colour for danger,,1,,,,,,,,,,,,,3,,,,,,,,,,,,,,,,,,,,
PR_062,,1,I know the phrase red alert,,,,,,,,,1,,,,,,3,,,,,PR_062,1,I know the phrase red alert,,,,,,,,,1,,,,
PR_063,,1,Thinking of it,,,,,,,,,,,,1,,,3,,,,,PR_063,1,Thinking of it,,,,,,,,,,,1,,
PR_064,,0,From what I‚ seen when the phrase was said in films,,,,,,,1,,1,,,,,,4,,,,,,,,,,,,,,,,,,,,
PR_065,,1,THAT'S WHAT RED ALERT USUALLY MEANS,,,,,,,,1,1,,,,,,4,,,,,PR_065,1,THAT'S WHAT RED ALERT USUALLY MEANS,,,,,,,,1,1,,,,
PR_066,,1,It is a term I have heard.,,,,,,,,,1,,,,,,3,,,,,PR_066,1,It is a term I have heard.,,,,,,,,,1,,,,
PR_067,,1,Thinking,,,,,,,,,,,,1,,,4,,,,,PR_067,1,Thinking,,,,,,,,,,,1,,
PR_068,,0,Hollywood tv and movies,,,,,,,1,,,,,,,,4,,,,,,,,,,,,,,,,,,,,
PR_069,,1,reading,,,,,,,1,,,,,1,,,4,,,,,PR_069,1,reading,,,,,,,1,,,,1,,
PR_070,,0,common phrase,,,,,,,,,1,,,,,,3,,,,,,,,,,,,,,,,,,,,
PR_071,,0,I know the expression,,,,,,,,,1,,,,,,4,,,,,,,,,,,,,,,,,,,,
PR_072,,1,Red is normally associated with severe feelings,,1,,1,,,,,,,,,,,3,,,,,PR_072,1,Red is normally associated with severe feelings,,,1,1,,,,,,,,,
PR_073,,0,Thinking/couloir association,,1,,,,,,,,,,,,,3,,,,,,,,,,,,,,,,,,,,
PR_074,,1,history,,,,,1,,,,1,,,,,,4,,,,,PR_074,1,history,,,,,1,,,,1,,,,
PR_075,,0,i remembered that this is what it means,,,,,,,,1,1,,,,,,3,,,,,,,,,,,,,,,,,,,,
PR_076,,0,"I associate red with emergencies. Pair that with ""alert"" so I concluded it meant to be vigilant.",,1,,,,,,1,,,,,,,4,,,,,,,,,,,,,,,,,,,,
PR_077,,0,I know the danger levels,,,,,,1,,,,,,,,,3,,,,,,,,,,,,,,,,,,,,
PR_078,,0,Red means stop,,1,,,,,,,,,,,,,3,,,,,,,,,,,,,,,,,,,,
PR_079,,0,based on my perception,,,,,,,,,,,,,,,3,,,,,,,,,,,,,,,,,,,,
PR_080,,0,I see red as caution and danger. Therefore high alert,,1,,,,,,,,,,,,,3,,,,,,,,,,,,,,,,,,,,
PR_081,,0,What res majorly signifies,,,,,,,,1,1,,,,,,3,,,,,,,,,,,,,,,,,,,,
PR_082,,0,Red alert mean under attack,,,,,,,,1,,,,,,,3,,,,,,,,,,,,,,,,,,,,
PR_083,,0,Red alert tends to indicate danger in most cultures,,1,,,,1,,,,,,,,,3,,,,,,,,,,,,,,,,,,,,
PR_084,,0,From past experience of knowing the phrase.,,,,,,,,,1,,,,,,3,,,,,,,,,,,,,,,,,,,,
PR_085,,0,I know what red alert means.,,,,,,,,1,,,,,,,3,,,,,,,,,,,,,,,,,,,,
PR_086,,0,Its a well known phrase meaning potential danger,,,,,,,,1,1,,,,,,3,,,,,,,,,,,,,,,,,,,,
PR_087,,1,this is how i think,,,,,,,,,,,1,,,,3,,,,,PR_087,1,this is how i think,,,,,,,,,,1,,,
PR_088,,1,Red alert is a known phrase,,,,,,,,,1,,,,,,3,,,,,PR_088,1,Red alert is a known phrase,,,,,,,,,1,,,,
PR_089,,1,Based on previous questions and what I associate red with,,1,,,,,,,1,,,,,,4,,,,,PR_089,1,Based on previous questions and what I associate red with,,,,1,,,,,1,,,,
PR_090,,1,Experience and real world examples,,,,,1,,,,,,,,,,4,,,,,PR_090,1,Experience and real world examples,,,,,1,,,,,,,,
PR_091,,1,it came to me,,,,,,,,,,1,,,,,4,,,,,PR_091,1,it came to me,,,,,,,,,,1,,,
PR_092,,0,heard of red alert term before,,,,,,,,,1,,,,,,4,,,,,,,,,,,,,,,,,,,,
PR_093,,1,Well known expression,,,,,,,,,1,,,,,,4,,,,,PR_093,1,Well known expression,,,,,,,,,1,,,,
PR_094,,0,"As a well used and recognised phrase, I already have an assumption about this.",,,,,,,,,1,,,,,,3,,,,,,,,,,,,,,,,,,,,
PR_095,,0,By being creative,,,,,,,,,,,,1,,,4,,,,,,,,,,,,,,,,,,,,
PR_096,,1,Gut reaction again to the phrase,,,,,,,,,,1,1,,,,3,,,,,PR_096,1,Gut reaction again to the phrase,,,,,,,,,,1,,,
PR_097,,0,Used commonly in social context,,,,,,,,,1,,,,,,3,,,,,,,,,,,,,,,,,,,,
PR_098,,0,Common phrase,,,,,,,,,1,,,,,,4,,,,,,,,,,,,,,,,,,,,
PR_099,,0,I associated red colour with the concept of danger,,1,,,,,,,,,,,,,3,,,,,,,,,,,,,,,,,,,,
PR_100,,1,Usually what it means in shows and movies,,,,,,,1,1,1,,,,,,3,,,,,PR_100,1,Usually what it means in shows and movies,,,,,,,1,1,1,,,,
PR_101,,0,Based on watching news and drama,,,,,,,1,,,,,,,,3,,,,,,,,,,,,,,,,,,,,
PR_102,,0,The colour red,1,,,,,,,,,,,,,,4,,,,,,,,,,,,,,,,,,,,
PR_103,,0,a google search,,,,,,,,,,,,1,,,3,,,,,,,,,,,,,,,,,,,,
PR_104,,1,This is an expression Ive heard before.,,,,,,,,,1,,,,,,3,,,,,PR_104,1,This is an expression Ive heard before.,,,,,,,,,1,,,,
PR_105,,1,It's a convention of which I am aware.,,,,,,1,,,,,,,,,3,,,,,PR_105,1,It's a convention of which I am aware.,,,,,,1,,,,,,,
PR_106,,0,confidently,,,,,,,,,,,,1,,,4,,,,,,,,,,,,,,,,,,,,
PR_107,,0,Red is a bad/danger colour.,,1,,,,,,,,,,,,,4,,,,,,,,,,,,,,,,,,,,
PR_108,,1,known saying and phrase,,,,,,,,,1,,,,,,3,,,,,PR_108,1,known saying and phrase,,,,,,,,,1,,,,
PR_109,,0,Thought about it,,,,,,,,,,,,1,,,3,,,,,,,,,,,,,,,,,,,,
PR_110,,0,I thought about the usage history of the colour in my daily life.,,,,,1,,,,1,,,,,,4,,,,,,,,,,,,,,,,,,,,
PR_111,,1,I know the idiom,,,,,,,,,1,,,,,,3,,,,,PR_111,1,I know the idiom,,,,,,,,,1,,,,
PR_112,,0,usage in modern culture and society,,,,,,1,,,1,,,,,,3,,,,,,,,,,,,,,,,,,,,
PR_113,,1,Red neans danger,,,,,,,,1,,,,,,,4,,,,,PR_113,1,Red neans danger,,,,,,,,1,,,,,
PR_114,,0,Based on my own experiences,,,,,1,,,,,,,,,,3,,,,,,,,,,,,,,,,,,,,
PR_115,,0,memory,,,,,1,,,,1,,,,,,4,,,,,,,,,,,,,,,,,,,,
PR_116,,1,Common use of red,,,,,,,,,1,,,,,,3,,,,,PR_116,1,Common use of red,,,,,,,,,1,,,,
PR_117,,0,Knowledge.,,,,,,,,,1,,,,,,3,,,,,,,,,,,,,,,,,,,,
PR_118,,0,Heard it before,,,,,,,,,1,,,,,,4,,,,,,,,,,,,,,,,,,,,
PR_119,,1,"Red equals danger, violence or alertness",,1,,,,,,,,,,,,,3,,,,,PR_119,1,"Red equals danger, violence or alertness",,,,1,,,,,,,,,
PR_120,,1,It is a common phrase,,,,,,,,,1,,,,,,3,,,,,PR_120,1,It is a common phrase,,,,,,,,,1,,,,
PR_121,,0,I answered based on my previous knowledge of the phrase itself as I have heard it used before many times.,,,,,,,,,1,,,,,,4,,,,,,,,,,,,,,,,,,,,
PR_122,,0,Its an old saying,,,,,,,,,1,,,,,,4,,,,,,,,,,,,,,,,,,,,
PR_123,,0,"Based on previous knowledge of the term ""on red alert"".",,,,,,,,,1,,,,,,3,,,,,,,,,,,,,,,,,,,,
PR_124,,0,Preconceived ideas,,,,,,,,,,,,,1,,3,,,,,,,,,,,,,,,,,,,,
PR_125,,1,Red means danger,,1,,,,,,,,,,,,,3,,,,,PR_125,1,Red means danger,,,,1,,,,,,,,,
PR_126,,0,It is a very commonly used term for a danger warning,,1,,,,,,,1,,,,,,3,,,,,,,,,,,,,,,,,,,,
PR_127,,0,just red alert meaning dangerous situation arising,,1,,,,,,1,,,,,,,4,,,,,,,,,,,,,,,,,,,,
PR_128,,0,informative,,,,,,,,,,,,,1,,3,,,,,,,,,,,,,,,,,,,,
PR_129,,0,From things I've heard during my life,,,,,1,,,,1,,,,,,3,,,,,,,,,,,,,,,,,,,,
PR_130,,0,Its a common phrase,,,,,,,,,1,,,,,,3,,,,,,,,,,,,,,,,,,,,
PR_131,,1,I just thought that that‚ what they say,,,,,,1,,,1,,,,,,3,,,,,PR_131,1,I just thought that that‚ what they say,,,,,,1,,,1,,,,
PR_132,,1,I think I have heard the phrase before and understand what it means.,,,,,,,,1,1,,,,,,3,,,,,PR_132,1,I think I have heard the phrase before and understand what it means.,,,,,,,,1,1,,,,
PR_133,,0,I have heard the phrase before,,,,,,,,,1,,,,,,4,,,,,,,,,,,,,,,,,,,,
PR_134,,0,In the army we were on red alert at some given times,,,,,1,,,,,,,,,,4,,,,,,,,,,,,,,,,,,,,
PR_135,,1,I knew the expression from the past,,,,,,,,,1,,,,,,3,,,,,PR_135,1,I knew the expression from the past,,,,,,,,,1,,,,
PR_136,,1,Use of common phrase,,,,,,,,,1,,,,,,3,,,,,PR_136,1,Use of common phrase,,,,,,,,,1,,,,
PR_137,,0,"Tradition, as it is used to inform us of threat and that care needs to be taken",,1,,,,1,,,1,,,,,,4,,,,,,,,,,,,,,,,,,,,
PR_138,,0,It's a phrase often used,,,,,,,,,1,,,,,,4,,,,,,,,,,,,,,,,,,,,
PR_139,,1,i have heard this saying a lot in my life,,,,,,,,,1,,,,,,3,,,,,PR_139,1,i have heard this saying a lot in my life,,,,,,,,,1,,,,
PR_140,,0,It's a familiar phrase,,,,,,,,,1,,,,,,3,,,,,,,,,,,,,,,,,,,,
PR_141,,1,Dialogue from Star Trek,,,,,,,1,,,,,,,,4,,,,,PR_141,1,Dialogue from Star Trek,,,,,,,1,,,,,,
PR_142,,1,Knew the pvrase,,,,,,,,,1,,,,,,3,,,,,PR_142,1,Knew the pvrase,,,,,,,,,1,,,,
PR_143,,0,experience,,,,,1,,,,1,,,,,,4,,,,,,,,,,,,,,,,,,,,
PR_144,,0,"Using my perception of the color, plus I think i've heard the expression ""red alert"" before.",1,,,,,,,,1,,,,,,4,,,,,,,,,,,,,,,,,,,,
PR_145,,0,From hearing how the phrase is used and when it is used,,,,,,,,,1,,,,,,3,,,,,,,,,,,,,,,,,,,,
PR_146,,1,I know the phrase.,,,,,,,,,1,,,,,,3,,,,,PR_146,1,I know the phrase.,,,,,,,,,1,,,,
PR_147,,1,I have heard of that saying before,,,,,,,,,1,,,,,,3,,,,,PR_147,1,I have heard of that saying before,,,,,,,,,1,,,,
PR_148,,0,Knowing the phrase.,,,,,,,,,1,,,,,,4,,,,,,,,,,,,,,,,,,,,
PR_149,,1,"Its what i know to be ,  not sure what else to say, sorry",,,,,,,,,,,1,,,,4,,,,,PR_149,1,"Its what i know to be ,  not sure what else to say, sorry",,,,,,,,,,1,,,
PR_150,,1,I looked into my mind to see what picture arose,1,,,,,,,,,,,,,,3,,,,,PR_150,1,I looked into my mind to see what picture arose,1,,,,,,,,,,,,
PR_151,,1,A well known phrase,,,,,,,,,1,,,,,,4,,,,,PR_151,1,A well known phrase,,,,,,,,,1,,,,
PR_152,,1,Army expression,,,,,,,,,1,,,,,,4,,,,,PR_152,1,Army expression,,,,,,,,,1,,,,
PR_153,,1,It's a common phrase,,,,,,,,,1,,,,,,4,,,,,PR_153,1,It's a common phrase,,,,,,,,,1,,,,
PR_154,,1,"It's in films, TV and literature a lot.",,,,,,,1,,,,,,,,4,,,,,PR_154,1,"It's in films, TV and literature a lot.",,,,,,,1,,,,,,
PR_155,,1,based on popular culture,,,,,,,1,,,,,,,,4,,,,,PR_155,1,based on popular culture,,,,,,,1,,,,,,
PR_156,,1,Intuition,,,,,,,,,,1,,,,,4,,,,,PR_156,1,Intuition,,,,,,,,,,1,,,
PR_157,,1,I‚Äôve heard the phrase before,,,,,,,,,1,,,,,,4,,,,,PR_157,1,I‚Äôve heard the phrase before,,,,,,,,,1,,,,
PR_158,,1,Service,,,,,1,,,,,,,,,,4,,,,,PR_158,1,Service,,,,,1,,,,,,,,
PR_159,,1,I imagined red warning lights,1,,,,,,,,,,,,,,4,,,,,PR_159,1,I imagined red warning lights,1,,,,,,,,,,,,
PR_160,,1,Use meaning of red alert,,,,,,,,1,,,,,,,4,,,,,PR_160,1,Use meaning of red alert,,,,,,,,1,,,,,
PR_161,,1,well known saying,,,,,,,,,1,,,,,,4,,,,,PR_161,1,well known saying,,,,,,,,,1,,,,
PR_162,,1,I‚Äôve heard that phrase multiple times,,,,,,,,,1,,,,,,4,,,,,PR_162,1,I‚Äôve heard that phrase multiple times,,,,,,,,,1,,,,
PR_163,,1,Guess,,,,,,,,,,,,,1,,4,,,,,PR_163,1,Guess,,,,,,,,,,,,1,
PR_164,,1,It's a well-known phrase,,,,,,,,,1,,,,,,4,,,,,PR_164,1,It's a well-known phrase,,,,,,,,,1,,,,
PR_165,,1,Red is known to mean danger,,,,,,1,,,,,,,,,4,,,,,PR_165,1,Red is known to mean danger,,,,,,1,,,,,,,
PR_166,,1,From a general understanding that red signifies danger or intensityy,,,,,,1,,,,,,,,,4,,,,,PR_166,1,From a general understanding that red signifies danger or intensityy,,,,,,1,,,,,,,
PR_167,,1,From Star Trek,,,,,,,1,,,,,,,,4,,,,,PR_167,1,From Star Trek,,,,,,,1,,,,,,
PR_168,,1,Heard the saying before,,,,,,,,,1,,,,,,4,,,,,PR_168,1,Heard the saying before,,,,,,,,,1,,,,
PR_169,,1,I feel that it is a common expression,,,,,,,,,1,,,,,,4,,,,,PR_169,1,I feel that it is a common expression,,,,,,,,,1,,,,
PR_170,,1,Everyday knowledge,,,,,,,,,1,,,,,,4,,,,,PR_170,1,Everyday knowledge,,,,,,,,,1,,,,
PR_171,,1,Heard it before,,,,,,,,,1,,,,,,4,,,,,PR_171,1,Heard it before,,,,,,,,,1,,,,
PR_172,,1,General knowledge?,,,,,,,,,1,,,,,,4,,,,,PR_172,1,General knowledge?,,,,,,,,,1,,,,
PR_173,,1,Learnings and education,,,,,,,,,,,,,1,,4,,,,,PR_173,1,Learnings and education,,,,,,,,,,,,1,
PR_174,,1,Heard similar phrases used before,,,,,,,,,1,,,,,,4,,,,,PR_174,1,Heard similar phrases used before,,,,,,,,,1,,,,
PR_175,,1,Common meaning of the colour in this context,,,,,,,,1,1,,,,,,4,,,,,PR_175,1,Common meaning of the colour in this context,,,,,,,,1,1,,,,
PR_176,,1,the use of the colour red being fierce and now,,1,,,,,,,,,,,,,4,,,,,PR_176,1,the use of the colour red being fierce and now,,,,1,,,,,,,,,
PR_177,,1,I think of what red means to me in everyday life.,,1,,,,,,,,,,,,,4,,,,,PR_177,1,I think of what red means to me in everyday life.,,,,1,,,,,,,,,
PR_178,,1,It's a well known phrase.,,,,,,,,,1,,,,,,4,,,,,PR_178,1,It's a well known phrase.,,,,,,,,,1,,,,
PR_179,,1,i've heard it before,,,,,,,,,1,,,,,,4,,,,,PR_179,1,i've heard it before,,,,,,,,,1,,,,
PR_180,,1,Red Alert meaning.,,,,,,,,1,,,,,,,4,,,,,PR_180,1,Red Alert meaning.,,,,,,,,1,,,,,
PR_181,,1,From experience of this phrase in the past,,,,,1,,,,1,,,,,,4,,,,,PR_181,1,From experience of this phrase in the past,,,,,1,,,,1,,,,
PR_182,,1,From past experiences.,,,,,1,,,,1,,,,,,4,,,,,PR_182,1,From past experiences.,,,,,1,,,,1,,,,
PR_183,,1,"I imagined a military ""red alert"" scenario",1,,,,,,,,,,,,,,4,,,,,PR_183,1,"I imagined a military ""red alert"" scenario",1,,,,,,,,,,,,
PR_184,,1,it is a common phrase,,,,,,,,,1,,,,,,4,,,,,PR_184,1,it is a common phrase,,,,,,,,,1,,,,
PR_185,,1,It‚Äôs a phrase I‚Äôve heard before,,,,,,,,,1,,,,,,4,,,,,PR_185,1,It‚Äôs a phrase I‚Äôve heard before,,,,,,,,,1,,,,
PR_186,,1,I have heard this phrase many times,,,,,,,,,1,,,,,,4,,,,,PR_186,1,I have heard this phrase many times,,,,,,,,,1,,,,
PR_187,,1,ex military man,,,,,1,,,,,,,,,,4,,,,,PR_187,1,ex military man,,,,,1,,,,,,,,
PR_188,,1,familiarity with the saying red alert,,,,,,,,,1,,,,,,4,,,,,PR_188,1,familiarity with the saying red alert,,,,,,,,,1,,,,
PR_189,,1,Just thought about it,,,,,,,,,,1,,,,,4,,,,,PR_189,1,Just thought about it,,,,,,,,,,1,,,
PR_190,,1,red just means urgent/danger,,1,,,,,,,,,,,,,4,,,,,PR_190,1,red just means urgent/danger,,,,1,,,,,,,,,
PR_191,,1,Don't understand the question,,,,,,,,,,,,1,,,4,,,,,PR_191,1,Don't understand the question,,,,,,,,,,,1,,
PR_192,,1,To be on red alert is to be ready for somthing dangers,,,,,,,,1,,,,,,,4,,,,,PR_192,1,To be on red alert is to be ready for somthing dangers,,,,,,,,1,,,,,
PR_193,,1,past life experiences,,,,,1,,,,1,,,,,,4,,,,,PR_193,1,past life experiences,,,,,1,,,,1,,,,
PR_194,,1,Common phrase,,,,,,,,,1,,,,,,4,,,,,PR_194,1,Common phrase,,,,,,,,,1,,,,
PR_195,,1,Heard the phrase before,,,,,,,,,1,,,,,,4,,,,,PR_195,1,Heard the phrase before,,,,,,,,,1,,,,
PR_196,,1,just from general knowledge and red typically means danger,,1,,,,,,,1,,,,,,4,,,,,PR_196,1,just from general knowledge and red typically means danger,,,,1,,,,,1,,,,
PR_197,,1,Common phrase,,,,,,,,,1,,,,,,4,,,,,PR_197,1,Common phrase,,,,,,,,,1,,,,
PR_198,,1,Red and alert are compatible together,,1,,,,,,1,,,,,,,4,,,,,PR_198,1,Red and alert are compatible together,,,,1,,,,1,,,,,
PR_199,,1,highly used phrase,,,,,,,,,1,,,,,,4,,,,,PR_199,1,highly used phrase,,,,,,,,,1,,,,
PR_200,,1,Red means anger and alert,,1,,,,,,,,,,,,,4,,,,,PR_200,1,Red means anger and alert,,,,1,,,,,,,,,
PR_201,,1,just a guess,,,,,,,,,,,,,1,,4,,,,,PR_201,1,just a guess,,,,,,,,,,,,1,
PR_202,,1,red means danger,,1,,,,,,,,,,,,,4,,,,,PR_202,1,red means danger,,,,1,,,,,,,,,
PR_203,,1,Based on previous knowledge of the answer,,,,,,,,,1,,,,,,4,,,,,PR_203,1,Based on previous knowledge of the answer,,,,,,,,,1,,,,
PR_204,,0,well used saying for many years,,,,,,,,,1,,,,,,4,,,,,,,,,,,,,,,,,,,,
PR_205,,0,Have heard the phrase before,,,,,,,,,1,,,,,,4,,,,,,,,,,,,,,,,,,,,
PR_206,,0,Read it a few times,,,,,,,,,1,,,,,,3,,,,,,,,,,,,,,,,,,,,
PR_207,,0,I have heard the phrase before,,,,,,,,,1,,,,,,3,,,,,,,,,,,,,,,,,,,,
PR_208,,1,This term is widely used.,,,,,,,,,1,,,,,,3,,,,,PR_208,1,This term is widely used.,,,,,,,,,1,,,,
PR_209,,0,Red is a phrase associated with an extremely high temperature,,1,,,,,,,,,,,,,3,,,,,,,,,,,,,,,,,,,,
PR_210,,0,Thought about that term before,,,,,,,,,1,,,,,,4,,,,,,,,,,,,,,,,,,,,
PR_211,,0,Knowledge of the phrase.,,,,,,,,,1,,,,,,3,,,,,,,,,,,,,,,,,,,,
PR_212,,0,NA,,,,,,,,,,,,,,1,3,,,,,,,,,,,,,,,,,,,,
PR_213,,0,Movies,,,,,,,1,,,,,,,,3,,,,,,,,,,,,,,,,,,,,
PR_214,,1,Knowledge of the phrase,,,,,,,,,1,,,,,,3,,,,,PR_214,1,Knowledge of the phrase,,,,,,,,,1,,,,
PR_215,,0,,,,,,,,,,,,,,,1,3,,,,,,,,,,,,,,,,,,,,
PR_216,,1,Star trek,,,,,,,1,,,,,,,,4,,,,,PR_216,1,Star trek,,,,,,,1,,,,,,
PR_217,,1,First thing that came to mind,,,,,,,,,,1,,,,,3,,,,,PR_217,1,First thing that came to mind,,,,,,,,,,1,,,
PR_218,,0,From a movie reference and it‚Äôs meaning,,,,,,,1,1,,,,,,,4,,,,,,,,,,,,,,,,,,,,
PR_219,,1,Previously heard the phrase used in that context,,,,,,,,,1,,,,,,4,,,,,PR_219,1,Previously heard the phrase used in that context,,,,,,,,,1,,,,
PR_220,,0,,,,,,,,,,,,,,,1,3,,,,,,,,,,,,,,,,,,,,
PR_221,,0,based on what I have heard,,,,,,,,,1,,,,,,4,,,,,,,,,,,,,,,,,,,,
PR_222,,0,,,,,,,,,,,,,,,1,3,,,,,,,,,,,,,,,,,,,,
PR_223,,0,Red is the colour of alert,,1,,,,,,,,,,,,,3,,,,,,,,,,,,,,,,,,,,
PR_224,,1,NO,,,,,,,,,,,,,,1,3,,,,,PR_224,1,NO,,,,,,,,,,,,,1
PR_225,,1,I already know what red alert means.,,,,,,,,1,1,,,,,,3,,,,,PR_225,1,I already know what red alert means.,,,,,,,,1,1,,,,
PR_226,,1,Red = Danger,,1,,,,,,,,,,,,,4,,,,,PR_226,1,Red = Danger,,,,1,,,,,,,,,
PR_227,,1,I associated red with danger,,1,,,,,,,,,,,,,4,,,,,PR_227,1,I associated red with danger,,,,1,,,,,,,,,
CH_01,,0,"Metaphorically, \""they were on red alert\"" could imply that they were highly alert and fully prepared for any potential danger or threat that may come their way. It could also suggest that they were extremely anxious or stressed about a situation."", ""90"", ""As an AI language model, I have been trained on a large corpus of text that includes idiomatic expressions commonly used in the English language. \""Red alert\"" is a widely used phrase that indicates a high level of alertness or readiness for an impending danger. Given this context, I am confident that my answer provides a reasonable interpretation of the metaphorical meaning of the sentence.",,1,,,,,,1,1,,,,,,4,,,,,,,,,,,,,,,,,,,,
CH_02,,0,"Metaphorically, \""They were on red alert\"" could mean that they were extremely cautious or prepared for danger or an imminent threat. It could also imply that they were highly alert or focused on a particular task or situation."", ""90"", ""As an AI language model, I have been trained on a large corpus of texts, including various sources of literature, news, and other materials. From this training, I have learned about the possible meanings and uses of the phrase \""on red alert.\"" Based on this knowledge, I am confident that my interpretation reflects a common figurative use of the expression.",,,,,,,1,1,,,,,,,4,,,,,,,,,,,,,,,,,,,,
CH_03,,0,"""Metaphorically, \""being on red alert\"" means being prepared for a situation that could be dangerous or tense, and being ready to take action if needed. It can also imply a heightened sense of awareness or vigilance."", ""100"", ""As an AI language model, my knowledge and understanding of the meanings of words and phrases is based on the large amount of data that I have been trained on. In this specific case, I have been trained on a vast amount of text data that contains examples of the use of the phrase \""on red alert\"" and its figurative or metaphorical meanings. By analyzing these examples and patterns, I am able to provide a confident answer that accurately captures the meaning of the phrase in its metaphorical sense.""],",,,,,,,,1,1,,,,,,2,,,,,,,,,,,,,,,,,,,,
CH_04,,0,"""Metaphorically, being on \""red alert\"" means being on high alert or being in a state of heightened preparedness for potential danger or crisis, similar to the military or emergency services. It may also suggest a sense of urgency and a need to act quickly and decisively."", ""100"", ""As an AI language model, I am trained on a vast corpus of text and language data, which includes various idiomatic expressions and figures of speech, including metaphors. Therefore, I am confident in my understanding of the metaphorical meaning of \""red alert\"" based on the context in which it is commonly used and the interpretation of the idiomatic expression.""",,,,,,,,1,1,,,,,,2,,,,,,,,,,,,,,,,,,,,
CH_05,,0,"""Metaphorically, \""being on red alert\"" means being in a heightened state of awareness or readiness for potential danger or something significant happening. It can also imply a sense of urgency and the need to take immediate action."", ""90"", ""As an AI language model, I was trained on a large corpus of text data and have learned the common meanings of idiomatic phrases such as \""being on red alert.\"" From my training, I understand that \""being on red alert\"" implies a heightened sense of alertness, readiness, urgency, and potential danger. From this understanding, I am confident in my answer that \""being on red alert\"" means being in a heightened state of awareness or readiness for potential danger or something significant happening metaphorically.",,,,,,,,1,,,,,,,2,,,,,,,,,,,,,,,,,,,,
CH_06,,0,"""Metaphorically, being on \""red alert\"" means being in a state of extreme vigilance, readiness, and anticipation for potential danger or crisis. It implies that one is prepared to respond quickly and decisively to any threat or challenge that may arise."", ""100"", ""As an AI language model, I have been trained on a vast amount of data that includes a variety of contexts where the phrase \""red alert\"" is used. Based on this training, I have learned that \""red alert\"" is often used to describe a state of heightened awareness and preparedness, particularly in situations where there is a potential for danger or crisis. This understanding is supported by common usage within both formal and informal communication.""],",,,,,,,,1,1,,,,,,2,,,,,,,,,,,,,,,,,,,,
CH_07,,0,"""Metaphorically, \""they were on red alert\"" means they were extremely alert and prepared, like a fire alarm that goes off when there is danger. They were ready for any potential threat or problem that may arise."", ""100."", ""As an AI language model, I have been trained on a vast amount of data and have learned the common meanings and expressions used in the English language. Based on my training, I understand that \""red alert\"" is a term used in emergency situations to indicate a state of high alert and readiness. Therefore, I am confident that my interpretation of \""they were on red alert\"" as being metaphorically prepared and ready for any potential threat or problem that may arise, is accurate.""]",,,,,,,,1,1,,,,,,2,,,,,,,,,,,,,,,,,,,,
CH_08,,0,"Metaphorically speaking, being on \""red alert\"" means being in a state of high alertness, vigilance, and readiness. It can refer to being extremely vigilant and prepared for any possible danger or unforeseen circumstances."", ""100"", ""As an AI language model, I have been programmed and trained to understand and interpret the meaning of words and phrases based on their common usage and context. In this case, \""red alert\"" is a commonly used phrase that conveys a sense of heightened alertness and readiness for potential dangers or unforeseen circumstances. Based on this understanding, I am confident in my answer that being on \""red alert\"" metaphorically means being in a state of high alertness and vigilance.""",,,,,,,,1,1,,,,,,2,,,,,COLORSEEING,,,17,0,4,28,6,15,16,18,73,17,8,5,4
CH_09,,0,"Metaphorically, \""on red alert\"" means that they were in a state of high alert, tension, and readiness, much like a red traffic light means to stop or take caution. It implies that they were preparing for imminent danger or a crisis situation. It can also suggest a sense of urgency and importance attached to the situation at hand."", ""100"", ""As an AI language model, I have been trained on a vast corpus of text data and have learned the contextual meanings and metaphors associated with different phrases and expressions. \""On red alert\"" is a commonly used phrase, and my training data includes numerous examples where it has been used metaphorically to signify high alert or preparedness for a crisis. Therefore, I am highly confident in my response.""",,,,,,,,1,1,,,,,,2,,,,,ID,Colorblind - Yes/1 or No/0,Red Alert: How did you inform your answer?,Color perception,Auditory perception,Emotional experience,Color association,Past experiences,Stereotype/Culture,Media,Meaning/Context,Past usage/responses,Instinct,Misunderstanding,Arb/Guess,No answer
CH_10,,0,"Metaphorically, \""they were on red alert\"" means that they were highly vigilant and prepared for danger or urgency. It could also imply a sense of heightened tension or anxiety."", ""95. As an AI language model, I am programmed to understand various figures of speech and metaphors commonly used in human language. The given sentence is a common idiom that is often used to describe a state of high alertness or readiness."", ""I arrived at my answer by analyzing the sentence \""They were on red alert\"" and considering its context and common usage in everyday language. As an AI language model, I process vast amounts of text data and use machine learning algorithms to understand and generate human-like responses. Additionally, my programming allows me to recognize idioms, metaphors, and figures of speech commonly used in various languages, including English.""],",,,,,,,,1,1,,,,,,2,,,,,CM002,0,It's a phrase I've heard before,,,,,,,,,1,,,,
CH_11,,0,"Metaphorically, \""they were on red alert\"" means they were extremely alert and prepared for an impending danger or crisis. It implies that they were ready to take immediate action and were not going to let their guard down."", ""90"", ""As an AI language model, my answer was based on understanding the meaning of the words \""red alert\"" and the context of the sentence provided. Red alert is commonly used in emergency situations, such as in military or security contexts, to indicate a high state of readiness and preparedness for a potential danger or threat. Therefore, metaphorically, the sentence suggests that they were highly alert and attentive, and ready to take action in response to a potential threat or crisis.""",,,,,,,,1,1,,,,,,2,,,,,CM004,0,"I think I may have heard this phrase before used in this way, also ""code red"" is usually used as the highest level of danger",,,,,,,,1,1,,,,
CH_12,,0,"Metaphorically, \""they were on red alert\"" means that they were in a heightened state of preparedness or vigilance, likely due to an imminent danger or threat. It can suggest a sense of urgency, tension, and the need for quick action or response."", ""95"", ""As an AI language model, I have been trained with large datasets to understand natural language and meanings associated with different words and phrases. In this case, based on my training, \""red alert\"" is commonly used to describe a state of heightened alertness or preparedness and is often associated with imminent danger or threat. Therefore, it is highly likely that the metaphorical meaning of \""they were on red alert\"" refers to a state of heightened readiness and vigilance.""]",,,,,,,,1,1,,,,,,2,,,,,CM005,0,I based it off the fact that red is associated with alarms and bad situations.,,,,1,,,,,,,,,
CH_13,,0,"Metaphorically, being on red alert means being in a state of high alertness or readiness for potential danger or crisis. It can imply a sense of heightened awareness, vigilance, and preparedness for any potential threats or challenges."", ""100"", ""As an AI language model, I have been trained on a vast corpus of text data. I analyzed the phrase \""red alert\"" in different contexts and analyzed its usage in literature, news articles, and other sources. Based on this analysis, I determined that being on red alert means a state of high alertness/readiness for potential danger or crisis.""]",,,,,,,,1,1,,,,,,2,,,,,CM006,0,I've heard the phrase before,,,,,,,,,1,,,,
CH_14,,0,"""Metaphorically, \""being on red alert\"" means being extremely cautious, prepared, and alert for any possible danger, threat, or crisis that may arise."", ""100"", ""As an AI language model, I analyzed the common usage and meaning of the phrase \""on red alert\"" in English language. It's often used to describe a situation of high vigilance and readiness for potential danger or emergency. This interpretation is supported by a variety of sources, including dictionaries and examples of the phrase usage in different contexts.""],",,,,,,,,1,1,,,,,,2,,,,,CM007,0,"Red is associated with extreme, emergent",,,,1,,,,,,,,,
CH_15,,0,"[""Metaphorically, being on red alert means being in a heightened state of readiness or preparedness, often in response to a perceived threat or danger. It can also imply a sense of urgency and intensity in a situation."", ""100"", ""As an advanced AI language model, I have been trained on a vast corpus of text data, which allows me to analyze and comprehend the meaning of words and sentences. In this particular case, my understanding of the meanings of the individual words and my knowledge of common idiomatic expressions and figures of speech led me to provide an accurate explanation of the metaphorical meaning of the phrase \""red alert.\""""],",,,,,,,,1,,,,,,,2,,,,,CM008,0,"Knowledge of the phrase above, and strong cultural association with the color red, entertainment as well",,,,,,1,1,,1,,,,
CH_16,,0,"Metaphorically, \""being on red alert\"" can mean being in a state of high alertness, vigilance, and preparedness for potential danger or threats."", ""90."", ""I informed my answer based on my knowledge of the common usage and metaphorical interpretation of the phrase \""red alert\"" to convey a sense of heightened vigilance and readiness for potential danger or threats. Additionally, my programming is informed by a large corpus of texts, which includes many examples of this phrase being used metaphorically in this way.""],",,,,,,,,,1,,,,,,2,,,,,CM009,0,"Context was taken from the common phrase ""red alert""",,,,,,,,1,1,,,,
CH_17,,0,"[""Metaphorically, \""They were on red alert\"" means that they were very vigilant and prepared for any potential danger or crisis that could arise. It implies a heightened sense of awareness and readiness to respond to any unexpected situation."", ""100"", ""As an AI language model, I have been trained on a large corpus of texts and language patterns to analyze language structures and meanings. In this case, I analyzed the given sentence in terms of its context, inherent meanings, and common usage in language, and provided a metaphorical interpretation that is consistent with this usage and understanding.""],",,,,,,,,1,1,,,,,,2,,,,,CM010,0,Heard the saying before,,,,,,,,,1,,,,
CH_18,,0,"""Metaphorically, \""they were on red alert\"" means they were in a state of high alert, ready to take action and respond quickly to any potential threats or dangers. It implies a sense of urgency and vigilance."", ""100"", ""I informed my answer based on my understanding of the figurative meaning of \""red alert\"" and its common usage in language and media to refer to a heightened state of readiness or urgency.""],",,,,,,,1,1,1,,,,,,2,,,,,CM011,0,Scenarios dealing with danger associated with the color red,,,,1,,,,,,,,,
CH_19,,0,"[""Metaphorically, \""being on red alert\"" can mean being in a heightened state of danger or readiness, where one is acutely aware of potential threats or challenges. It can also suggest a sense of urgency or intense focus, where individuals are prepared to act quickly and effectively in response to unexpected situations or crises."", ""90"", ""I informed my answer based on my understanding of the common usage and connotation of the phrase \""on red alert\"" in English language, as well as my training and experience as an AI language model.""],",,,,,,,,1,1,,,,,,2,,,,,cm013,0,Based off of movies.,,,,,,,1,,,,,,
CH_20,,0,"[""Metaphorically, \""red alert\"" can mean a state of extreme readiness and heightened awareness or alertness in response to a potentially threatening or dangerous situation, much like the way one's body reacts in a fight or flight situation. It can also refer to a sense of urgency and the need to act quickly to prevent or mitigate a crisis."", ""95."", ""As an AI language model, I have been trained on a vast corpus of texts and have a strong knowledge base. I have encountered the phrase \""red alert\"" in various contexts, including in news articles and fiction, where it is often used to denote a heightened state of alertness and readiness, usually in response to a crisis or threat. Based on this knowledge, I can confidently say that my interpretation of the metaphorical meaning of \""red alert\"" as being a state of extreme readiness and heightened awareness is accurate.""",,,,,,,1,1,1,,,,,,2,,,,,CM015,0,"When there are alert systems, red is typically the highest/most dangerous level of alert.",,,,,,1,,,,,,,
CH_21,,0,"Metaphorically, being on red alert means being in a state of heightened awareness or extreme readiness, often in response to a perceived threat or impending danger. It can also imply a sense of urgency or imminent action required to deal with a critical situation."", ""95"", ""I informed my answer based on my knowledge of the common use and meaning of the phrase \""red alert\"" in the English language, as well as the way it is often used in popular culture such as movies and TV shows. Additionally, as an AI language model, I have been trained on a large amount of human language data and can use this knowledge to make educated guesses about the meaning of certain phrases and expressions.""],",,,,,,,1,1,1,,,,,,2,,,,,CM016,0,Considered red as having high priority,,,,1,,,,,,,,,
CH_22,,0,"""Metaphorically, \""they were on red alert\"" could mean that they were highly aware and alert, ready to respond quickly and effectively to any situation. It could suggest a sense of urgency, intensity, and heightened awareness."", ""90"", ""As an AI language model, I analyzed the words in the given sentence and inferred their meaning based on my programmed knowledge of idiomatic expressions and common phrases. I considered the connotations of the phrase \""red alert,\"" which typically suggests a state of high alert or emergency. I also took into account the context of the sentence and the tone of the language used.""]",,,,,,,,1,1,,,,,,2,,,,,CM017,0,I've heard red alert used in movies to refer to an alarm for a disastrous event,,,,,,,1,,1,,,,
CH_23,,0,"""Metaphorically, \""on red alert\"" could mean that they were extremely vigilant and cautious, perhaps anticipating danger or a critical situation. It could also imply that they were highly alert and focused, ready to respond quickly and effectively to any challenges or opportunities that might arise."", ""90"", ""As an AI language model, I am trained on a large dataset of natural language text and have been programmed to understand and interpret common idiomatic expressions such as \""on red alert\"". From the context provided in the sentence, it is clear that the phrase is being used metaphorically to describe a state of heightened situational awareness, preparedness, and readiness. Based on this understanding, I provided an answer with a high degree of confidence.""]}",,,,,,,,1,,,,,,,2,,,,,CM018,0,Red is very noticeable to everyone,1,,,,,,,,,,,,
,,,,,,,,,,,,,,,,,,2,,,,,CM019,0,I've heard this phrase before and know how it is used,,,,,,,,,1,,,,
,,,,,,,,,,,,,,,,,,2,,,,,CM020,0,usually red alert is tied with a code relaying matters of high importance,,,,,,1,,,1,,,,
,,,,,,,,,,,,,,,,,,2,,,,,,,,,,,,,,,,,,,,
,,,,,,,,,,,,,,,,,,2,,,,,,,,,,,,,,,,,,,,
,,,,,,,,,,,,,,,,,,2,,,,,,,,,,,,,,,,,,,,
,,,,,,,,,,,,,,,,,,,,,,,,,,,,,,,,,,,,,,
,,,,,,,,,,,,,,,,,,,,,,,CM025,0,"Red is alarming, attention grabber",1,,1,,,,,,,,,,
,,,,,,,,,,,,,,,,,,,,,,,,,,,,,,,,,,,,,,
,,,,,,,,,,,,,,,,,,,,,,,,,,,,,,,,,,,,,,
,,,,,,,,,,,,,,,,,,,,,,,,,,,,,,,,,,,,,,
,,,,,,,,,,,,,,,,,,,,,,,,,,,,,,,,,,,,,,
,,,,,,,,,,,,,,,,,,,,,,,,,,,,,,,,,,,,,,
,,,,,,,,,,,,,,,,,,,,,,,,,,,,,,,,,,,,,,
,,,,,,,,,,,,,,,,,,,,,,,,,,,,,,,,,,,,,,
,,,,,,,,,,,,,,,,,,,,,,,,,,,,,,,,,,,,,,
,,,,,,,,,,,,,,,,,,,,,,,,,,,,,,,,,,,,,,
,,,,,,,,,,,,,,,,,,,,,,,,,,,,,,,,,,,,,,
,,,,,,,,,,,,,,,,,,,,,,,,,,,,,,,,,,,,,,
,,,,,,,,,,,,,,,,,,,,,,,,,,,,,,,,,,,,,,
,,,,,,,,,,,,,,,,,,,,,,,,,,,,,,,,,,,,,,
,,,,,,,,,,,,,,,,,,,,,,,,,,,,,,,,,,,,,,
,,,,,,,,,,,,,,,,,,,,,,,,,,,,,,,,,,,,,,
,,,,,,,,,,,,,,,,,,,,,,,P001,0,I know it,,,,,,,,,1,,,,
,,,,,,,,,,,,,,,,,,,,,,,P002,0,Normality,,,,,,,,,,1,,,
,,,,,,,,,,,,,,,,,,,,,,,P003,0,color,1,,,,,,,,,,,,
,,,,,,,,,,,,,,,,,,,,,,,P004,0,This can cause people to feel anxious and worried.,,,1,,,,,,,,,,
,,,,,,,,,,,,,,,,,,,,,,,P005,0,conditioned reflex,,,,,,,,,,1,,,
,,,,,,,,,,,,,,,,,,,,,,,P006,0,That's what I was thinking,,,,,,,,,,,1,,
,,,,,,,,,,,,,,,,,,,,,,,P007,0,According to the words' red 'and' warning '.,,,,,,,,1,,,,,
,,,,,,,,,,,,,,,,,,,,,,,P008,0,perception,,,,,,,,,,1,,,
,,,,,,,,,,,,,,,,,,,,,,,P009,0,About what happens in everyday life,,,,,,1,,,,,,,
,,,,,,,,,,,,,,,,,,,,,,,P010,0,From the first impression of the color,1,,,,,,,,,,,,
,,,,,,,,,,,,,,,,,,,,,,,P011,0,Common knowledge,,,,,,,,,1,,,,
,,,,,,,,,,,,,,,,,,,,,,,P012,0,About my inner vision of red,1,,,,,,,,,,,,
,,,,,,,,,,,,,,,,,,,,,,,P013,0,Your own personal judgment.,,,,,,,,,,1,,,
,,,,,,,,,,,,,,,,,,,,,,,P014,0,By feeling,,,,,,,,,,1,,,
,,,,,,,,,,,,,,,,,,,,,,,P015,0,My feeling,,,,,,,,,,1,,,
,,,,,,,,,,,,,,,,,,,,,,,P016,0,imaginary,1,,,,,,,,,,,,
,,,,,,,,,,,,,,,,,,,,,,,P017,0,concept of colors,1,,,,,,,,,,,,
,,,,,,,,,,,,,,,,,,,,,,,P018,0,The experience from the book,,,,,,,1,,,,,,
,,,,,,,,,,,,,,,,,,,,,,,P019,0,Red,1,,,,,,,1,,,,,
,,,,,,,,,,,,,,,,,,,,,,,P020,0,"Through my understanding and perception of the sentence, from which I get",,,,,,,,1,,,,,
,,,,,,,,,,,,,,,,,,,,,,,P021,0,Red represents importance and gives people a sense of crisis,,,,1,,1,,,,,,,
,,,,,,,,,,,,,,,,,,,,,,,P022,0,A red alert is an indication of danger,,,,1,,1,,,,,,,
,,,,,,,,,,,,,,,,,,,,,,,P023,0,For TV experience and news,,,,,,,1,,,,,,
,,,,,,,,,,,,,,,,,,,,,,,P024,0,Red always means danger in colors so i used the knowledge i have in colors,,,,,,1,,,,,,,
,,,,,,,,,,,,,,,,,,,,,,,P025,0,Described by the font of the previous paragraph,,,,,,,,,,,1,,
,,,,,,,,,,,,,,,,,,,,,,,P026,0,Red always for emergencies or danger,,,,1,,1,,,,,,,
,,,,,,,,,,,,,,,,,,,,,,,P027,0,First reaction,,,,,,,,,,1,,,
,,,,,,,,,,,,,,,,,,,,,,,P028,0,Associative reality,,,,,,,,,,,,1,
,,,,,,,,,,,,,,,,,,,,,,,P029,0,subconsciousness,,,,,,,,,,1,,,
,,,,,,,,,,,,,,,,,,,,,,,P030,0,by feeling,,,,,,,,,,1,,,
,,,,,,,,,,,,,,,,,,,,,,,P031,0,The bright red color corresponds to the sense of danger,1,,,1,,,,,,,,,
,,,,,,,,,,,,,,,,,,,,,,,P032,0,feel,,,,,,,,,,1,,,
,,,,,,,,,,,,,,,,,,,,,,,P033,0,Utilizing Perception of Color,1,,,,,,,,,,,,
,,,,,,,,,,,,,,,,,,,,,,,P034,0,The color makes me feel this way. Not sure how to answer this tbh,,,1,,,,,,,,,,
,,,,,,,,,,,,,,,,,,,,,,,PR_001,0,It's a common phrase,,,,,,,,,1,,,,
,,,,,,,,,,,,,,,,,,,,,,,PR_002,0,I don't know,,,,,,,,,,,,1,
,,,,,,,,,,,,,,,,,,,,,,,PR_003,0,That phrase is used in movies.,,,,,,,1,,1,,,,
,,,,,,,,,,,,,,,,,,,,,,,PR_004,0,heard of this before on films,,,,,,,1,,1,,,,
,,,,,,,,,,,,,,,,,,,,,,,,,,,,,,,,,,,,,,
,,,,,,,,,,,,,,,,,,,,,,,,,,,,,,,,,,,,,,
,,,,,,,,,,,,,,,,,,,,,,,PR_007,0,typed it,,,,,,,,,,,1,,
,,,,,,,,,,,,,,,,,,,,,,,PR_008,0,CONTEXT,,,,,,,,1,,,,,
,,,,,,,,,,,,,,,,,,,,,,,,,,,,,,,,,,,,,,
,,,,,,,,,,,,,,,,,,,,,,,PR_010,0,From what I have heard in the past plus red is synonymous with danger.,,,,1,,,,,1,,,,
,,,,,,,,,,,,,,,,,,,,,,,PR_011,0,As i thought about the colour,1,,,,,,,,,,,,
,,,,,,,,,,,,,,,,,,,,,,,PR_012,0,It is a well known phrase,,,,,,,,,1,,,,
,,,,,,,,,,,,,,,,,,,,,,,PR_013,0,alert meaning,,,,,,,,1,,,,,
,,,,,,,,,,,,,,,,,,,,,,,PR_014,0,I thought how the colour red would influence the event,1,,,,,,,,,,,,
,,,,,,,,,,,,,,,,,,,,,,,,,,,,,,,,,,,,,,
,,,,,,,,,,,,,,,,,,,,,,,PR_016,0,"This is a well-known phrase, and red always signifies the highest level of alert.",,,,1,,1,,,1,,,,
,,,,,,,,,,,,,,,,,,,,,,,PR_017,0,The word 'alert' means to be aware and red makes me think of danger,,,,1,,,,,,,,,
,,,,,,,,,,,,,,,,,,,,,,,PR_018,0,Red alert usually means something serious or dangerous is about to happen,,,,,,1,,1,1,,,,
,,,,,,,,,,,,,,,,,,,,,,,PR_019,0,From the common phrase 'red alert'.,,,,,,,,,1,,,,
,,,,,,,,,,,,,,,,,,,,,,,,,,,,,,,,,,,,,,
,,,,,,,,,,,,,,,,,,,,,,,PR_021,0,It's a well known phrase,,,,,,,,,1,,,,
,,,,,,,,,,,,,,,,,,,,,,,PR_022,0,It's just a phrase I'm familiar with,,,,,,,,,1,,,,
,,,,,,,,,,,,,,,,,,,,,,,PR_023,0,It was the most logic idea and the thing I described appeared again in my head along with flashing red lights.,1,,,,,,,,,1,,,
,,,,,,,,,,,,,,,,,,,,,,,PR_024,0,Common sense,,,,,,,,,,1,,,
,,,,,,,,,,,,,,,,,,,,,,,,,,,,,,,,,,,,,,
,,,,,,,,,,,,,,,,,,,,,,,PR_026,0,"It seems the previous pink was referring to a feminine stereotype and so the red alert may, as an opposite, be alluding to male stereotypes. But in my culture red alert refers to a high level of risk or danger and trained people, men or women, are ready to deal with the situation.",,,,,,1,,,1,,,,
,,,,,,,,,,,,,,,,,,,,,,,,,,,,,,,,,,,,,,
,,,,,,,,,,,,,,,,,,,,,,,PR_028,0,its how i felt,,,,,,,,,,1,,,
,,,,,,,,,,,,,,,,,,,,,,,PR_029,0,Red colour which connotes danger,,,,1,,,,,,,,,
,,,,,,,,,,,,,,,,,,,,,,,,,,,,,,,,,,,,,,
,,,,,,,,,,,,,,,,,,,,,,,PR_031,0,Red Alert I know from movies means danger.,,,,,,,1,,1,,,,
,,,,,,,,,,,,,,,,,,,,,,,PR_032,0,Watching too much Star Trek and sci-fi in general.,,,,,,,1,,,,,,
,,,,,,,,,,,,,,,,,,,,,,,,,,,,,,,,,,,,,,
,,,,,,,,,,,,,,,,,,,,,,,PR_034,0,I have heard it before,,,,,,,,,1,,,,
,,,,,,,,,,,,,,,,,,,,,,,PR_035,0,it's a fairly well known phrase,,,,,,,,,1,,,,
,,,,,,,,,,,,,,,,,,,,,,,,,,,,,,,,,,,,,,
,,,,,,,,,,,,,,,,,,,,,,,PR_037,0,My memory,,,,,,,,,,,,1,
,,,,,,,,,,,,,,,,,,,,,,,,,,,,,,,,,,,,,,
,,,,,,,,,,,,,,,,,,,,,,,PR_039,0,Red usually associated with emergencies,,,,1,,,,,,,,,
,,,,,,,,,,,,,,,,,,,,,,,PR_040,0,Previous knowledge,,,,,,,,,1,,,,
,,,,,,,,,,,,,,,,,,,,,,,PR_041,0,"My perception of the color red and ""on red alert"" is a common phrase that I've heard and seen used many times.",1,,,,,,,,1,,,,
,,,,,,,,,,,,,,,,,,,,,,,,,,,,,,,,,,,,,,
,,,,,,,,,,,,,,,,,,,,,,,PR_043,0,From years of literature and television and movies hearing the phrase red alert,,,,,,,1,,1,,,,
,,,,,,,,,,,,,,,,,,,,,,,PR_044,0,"From prior knowledge on the meaning of ""red alert"".",,,,,,,,1,1,,,,
,,,,,,,,,,,,,,,,,,,,,,,,,,,,,,,,,,,,,,
,,,,,,,,,,,,,,,,,,,,,,,PR_046,0,"a well known saying red is used as it can be seen from afar, represents fire and therefore danger (be aware)",1,,,1,,,,,1,,,,
,,,,,,,,,,,,,,,,,,,,,,,PR_047,0,"It's something I've picked up from media - movies, videogames etc.",,,,,,,1,,,,,,
,,,,,,,,,,,,,,,,,,,,,,,PR_048,0,By using how I feel.,,,,,,,,,,1,,,
,,,,,,,,,,,,,,,,,,,,,,,PR_049,0,General knowledge,,,,,,,,,1,1,,,
,,,,,,,,,,,,,,,,,,,,,,,PR_050,0,having heard the phrase many times in my life,,,,,,,,,1,,,,
,,,,,,,,,,,,,,,,,,,,,,,,,,,,,,,,,,,,,,
,,,,,,,,,,,,,,,,,,,,,,,PR_052,0,I have heard this used many times and Red Alert is a common phrase.,,,,,,,,,1,,,,
,,,,,,,,,,,,,,,,,,,,,,,PR_053,0,Red is the color associated with danger,,,,1,,,,,,,,,
,,,,,,,,,,,,,,,,,,,,,,,PR_054,0,I wrote it down.,,,,,,,,,,,1,,
,,,,,,,,,,,,,,,,,,,,,,,PR_055,0,It is a phrase,,,,,,,,,1,,,,
,,,,,,,,,,,,,,,,,,,,,,,,,,,,,,,,,,,,,,
,,,,,,,,,,,,,,,,,,,,,,,PR_057,0,Common association,,,,,,,,,1,,,,
,,,,,,,,,,,,,,,,,,,,,,,PR_058,0,Just based on what I know 'on red alert' to mean,,,,,,,,1,,,,,
,,,,,,,,,,,,,,,,,,,,,,,PR_059,0,Red being danger so there was a strong likelihood of something happening immediately,,,,1,,,,,,,,,
,,,,,,,,,,,,,,,,,,,,,,,PR_060,0,"Because 'Red Alert' is a military/naval code for 'be ready,' or something similar",,,,,,,,,1,,,,
,,,,,,,,,,,,,,,,,,,,,,,PR_061,0,Red is the colour for danger,,,,1,,,,,,,,,
,,,,,,,,,,,,,,,,,,,,,,,,,,,,,,,,,,,,,,
,,,,,,,,,,,,,,,,,,,,,,,,,,,,,,,,,,,,,,
,,,,,,,,,,,,,,,,,,,,,,,PR_064,0,From what I‚ seen when the phrase was said in films,,,,,,,1,,1,,,,
,,,,,,,,,,,,,,,,,,,,,,,,,,,,,,,,,,,,,,
,,,,,,,,,,,,,,,,,,,,,,,,,,,,,,,,,,,,,,
,,,,,,,,,,,,,,,,,,,,,,,,,,,,,,,,,,,,,,
,,,,,,,,,,,,,,,,,,,,,,,PR_068,0,Hollywood tv and movies,,,,,,,1,,,,,,
,,,,,,,,,,,,,,,,,,,,,,,,,,,,,,,,,,,,,,
,,,,,,,,,,,,,,,,,,,,,,,PR_070,0,common phrase,,,,,,,,,1,,,,
,,,,,,,,,,,,,,,,,,,,,,,PR_071,0,I know the expression,,,,,,,,,1,,,,
,,,,,,,,,,,,,,,,,,,,,,,,,,,,,,,,,,,,,,
,,,,,,,,,,,,,,,,,,,,,,,PR_073,0,Thinking/couloir association,,,1,,,,,,,1,,,
,,,,,,,,,,,,,,,,,,,,,,,,,,,,,,,,,,,,,,
,,,,,,,,,,,,,,,,,,,,,,,PR_075,0,i remembered that this is what it means,,,,,,,,1,1,,,,
,,,,,,,,,,,,,,,,,,,,,,,PR_076,0,"I associate red with emergencies. Pair that with ""alert"" so I concluded it meant to be vigilant.",,,,1,,,,1,,,,,
,,,,,,,,,,,,,,,,,,,,,,,PR_077,0,I know the danger levels,,,,,,1,,,,,,,
,,,,,,,,,,,,,,,,,,,,,,,PR_078,0,Red means stop,,,,1,,,,,,,,,
,,,,,,,,,,,,,,,,,,,,,,,PR_079,0,based on my perception,,,,,,,,,,1,,,
,,,,,,,,,,,,,,,,,,,,,,,PR_080,0,I see red as caution and danger. Therefore high alert,,,,1,,,,,,,,,
,,,,,,,,,,,,,,,,,,,,,,,PR_081,0,What res majorly signifies,,,,,,,,1,1,,,,
,,,,,,,,,,,,,,,,,,,,,,,PR_082,0,Red alert mean under attack,,,,,,,,1,,,,,
,,,,,,,,,,,,,,,,,,,,,,,PR_083,0,Red alert tends to indicate danger in most cultures,,,,1,,1,,,,,,,
,,,,,,,,,,,,,,,,,,,,,,,PR_084,0,From past experience of knowing the phrase.,,,,,,,,,1,,,,
,,,,,,,,,,,,,,,,,,,,,,,PR_085,0,I know what red alert means.,,,,,,,,1,,,,,
,,,,,,,,,,,,,,,,,,,,,,,PR_086,0,Its a well known phrase meaning potential danger,,,,,,,,1,1,,,,
,,,,,,,,,,,,,,,,,,,,,,,,,,,,,,,,,,,,,,
,,,,,,,,,,,,,,,,,,,,,,,,,,,,,,,,,,,,,,
,,,,,,,,,,,,,,,,,,,,,,,,,,,,,,,,,,,,,,
,,,,,,,,,,,,,,,,,,,,,,,,,,,,,,,,,,,,,,
,,,,,,,,,,,,,,,,,,,,,,,,,,,,,,,,,,,,,,
,,,,,,,,,,,,,,,,,,,,,,,PR_092,0,heard of red alert term before,,,,,,,,,1,,,,
,,,,,,,,,,,,,,,,,,,,,,,,,,,,,,,,,,,,,,
,,,,,,,,,,,,,,,,,,,,,,,PR_094,0,"As a well used and recognised phrase, I already have an assumption about this.",,,,,,,,,1,,,,
,,,,,,,,,,,,,,,,,,,,,,,PR_095,0,By being creative,,,,,,,,,,,1,,
,,,,,,,,,,,,,,,,,,,,,,,,,,,,,,,,,,,,,,
,,,,,,,,,,,,,,,,,,,,,,,PR_097,0,Used commonly in social context,,,,,,,,,1,,,,
,,,,,,,,,,,,,,,,,,,,,,,PR_098,0,Common phrase,,,,,,,,,1,,,,
,,,,,,,,,,,,,,,,,,,,,,,PR_099,0,I associated red colour with the concept of danger,,,,1,,,,,,,,,
,,,,,,,,,,,,,,,,,,,,,,,,,,,,,,,,,,,,,,
,,,,,,,,,,,,,,,,,,,,,,,PR_101,0,Based on watching news and drama,,,,,,,1,,,,,,
,,,,,,,,,,,,,,,,,,,,,,,PR_102,0,The colour red,1,,,,,,,,,,,,
,,,,,,,,,,,,,,,,,,,,,,,PR_103,0,a google search,,,,,,,,,,,1,,
,,,,,,,,,,,,,,,,,,,,,,,,,,,,,,,,,,,,,,
,,,,,,,,,,,,,,,,,,,,,,,,,,,,,,,,,,,,,,
,,,,,,,,,,,,,,,,,,,,,,,PR_106,0,confidently,,,,,,,,,,,1,,
,,,,,,,,,,,,,,,,,,,,,,,PR_107,0,Red is a bad/danger colour.,,,,1,,,,,,,,,
,,,,,,,,,,,,,,,,,,,,,,,,,,,,,,,,,,,,,,
,,,,,,,,,,,,,,,,,,,,,,,PR_109,0,Thought about it,,,,,,,,,,,1,,
,,,,,,,,,,,,,,,,,,,,,,,PR_110,0,I thought about the usage history of the colour in my daily life.,,,,,1,,,,1,,,,
,,,,,,,,,,,,,,,,,,,,,,,,,,,,,,,,,,,,,,
,,,,,,,,,,,,,,,,,,,,,,,PR_112,0,usage in modern culture and society,,,,,,1,,,1,,,,
,,,,,,,,,,,,,,,,,,,,,,,,,,,,,,,,,,,,,,
,,,,,,,,,,,,,,,,,,,,,,,PR_114,0,Based on my own experiences,,,,,1,,,,,,,,
,,,,,,,,,,,,,,,,,,,,,,,PR_115,0,memory,,,,,1,,,,1,,,,
,,,,,,,,,,,,,,,,,,,,,,,,,,,,,,,,,,,,,,
,,,,,,,,,,,,,,,,,,,,,,,PR_117,0,Knowledge.,,,,,,,,,1,,,,
,,,,,,,,,,,,,,,,,,,,,,,PR_118,0,Heard it before,,,,,,,,,1,,,,
,,,,,,,,,,,,,,,,,,,,,,,,,,,,,,,,,,,,,,
,,,,,,,,,,,,,,,,,,,,,,,,,,,,,,,,,,,,,,
,,,,,,,,,,,,,,,,,,,,,,,PR_121,0,I answered based on my previous knowledge of the phrase itself as I have heard it used before many times.,,,,,,,,,1,,,,
,,,,,,,,,,,,,,,,,,,,,,,PR_122,0,Its an old saying,,,,,,,,,1,,,,
,,,,,,,,,,,,,,,,,,,,,,,PR_123,0,"Based on previous knowledge of the term ""on red alert"".",,,,,,,,,1,,,,
,,,,,,,,,,,,,,,,,,,,,,,PR_124,0,Preconceived ideas,,,,,,,,,,,,1,
,,,,,,,,,,,,,,,,,,,,,,,,,,,,,,,,,,,,,,
,,,,,,,,,,,,,,,,,,,,,,,PR_126,0,It is a very commonly used term for a danger warning,,,,1,,,,,1,,,,
,,,,,,,,,,,,,,,,,,,,,,,PR_127,0,just red alert meaning dangerous situation arising,,,,1,,,,1,,,,,
,,,,,,,,,,,,,,,,,,,,,,,PR_128,0,informative,,,,,,,,,,,,1,
,,,,,,,,,,,,,,,,,,,,,,,PR_129,0,From things I've heard during my life,,,,,1,,,,1,,,,
,,,,,,,,,,,,,,,,,,,,,,,PR_130,0,Its a common phrase,,,,,,,,,1,,,,
,,,,,,,,,,,,,,,,,,,,,,,,,,,,,,,,,,,,,,
,,,,,,,,,,,,,,,,,,,,,,,,,,,,,,,,,,,,,,
,,,,,,,,,,,,,,,,,,,,,,,PR_133,0,I have heard the phrase before,,,,,,,,,1,,,,
,,,,,,,,,,,,,,,,,,,,,,,PR_134,0,In the army we were on red alert at some given times,,,,,1,,,,,,,,
,,,,,,,,,,,,,,,,,,,,,,,,,,,,,,,,,,,,,,
,,,,,,,,,,,,,,,,,,,,,,,,,,,,,,,,,,,,,,
,,,,,,,,,,,,,,,,,,,,,,,PR_137,0,"Tradition, as it is used to inform us of threat and that care needs to be taken",,,,1,,1,,,1,,,,
,,,,,,,,,,,,,,,,,,,,,,,PR_138,0,It's a phrase often used,,,,,,,,,1,,,,
,,,,,,,,,,,,,,,,,,,,,,,,,,,,,,,,,,,,,,
,,,,,,,,,,,,,,,,,,,,,,,PR_140,0,It's a familiar phrase,,,,,,,,,1,,,,
,,,,,,,,,,,,,,,,,,,,,,,,,,,,,,,,,,,,,,
,,,,,,,,,,,,,,,,,,,,,,,,,,,,,,,,,,,,,,
,,,,,,,,,,,,,,,,,,,,,,,PR_143,0,experience,,,,,1,,,,1,,,,
,,,,,,,,,,,,,,,,,,,,,,,PR_144,0,"Using my perception of the color, plus I think i've heard the expression ""red alert"" before.",1,,,,,,,,1,,,,
,,,,,,,,,,,,,,,,,,,,,,,PR_145,0,From hearing how the phrase is used and when it is used,,,,,,,,,1,,,,
,,,,,,,,,,,,,,,,,,,,,,,,,,,,,,,,,,,,,,
,,,,,,,,,,,,,,,,,,,,,,,,,,,,,,,,,,,,,,
,,,,,,,,,,,,,,,,,,,,,,,PR_148,0,Knowing the phrase.,,,,,,,,,1,,,,
,,,,,,,,,,,,,,,,,,,,,,,,,,,,,,,,,,,,,,
,,,,,,,,,,,,,,,,,,,,,,,,,,,,,,,,,,,,,,
,,,,,,,,,,,,,,,,,,,,,,,,,,,,,,,,,,,,,,
,,,,,,,,,,,,,,,,,,,,,,,,,,,,,,,,,,,,,,
,,,,,,,,,,,,,,,,,,,,,,,,,,,,,,,,,,,,,,
,,,,,,,,,,,,,,,,,,,,,,,,,,,,,,,,,,,,,,
,,,,,,,,,,,,,,,,,,,,,,,,,,,,,,,,,,,,,,
,,,,,,,,,,,,,,,,,,,,,,,,,,,,,,,,,,,,,,
,,,,,,,,,,,,,,,,,,,,,,,,,,,,,,,,,,,,,,
,,,,,,,,,,,,,,,,,,,,,,,,,,,,,,,,,,,,,,
,,,,,,,,,,,,,,,,,,,,,,,,,,,,,,,,,,,,,,
,,,,,,,,,,,,,,,,,,,,,,,,,,,,,,,,,,,,,,
,,,,,,,,,,,,,,,,,,,,,,,,,,,,,,,,,,,,,,
,,,,,,,,,,,,,,,,,,,,,,,,,,,,,,,,,,,,,,
,,,,,,,,,,,,,,,,,,,,,,,,,,,,,,,,,,,,,,
,,,,,,,,,,,,,,,,,,,,,,,,,,,,,,,,,,,,,,
,,,,,,,,,,,,,,,,,,,,,,,,,,,,,,,,,,,,,,
,,,,,,,,,,,,,,,,,,,,,,,,,,,,,,,,,,,,,,
,,,,,,,,,,,,,,,,,,,,,,,,,,,,,,,,,,,,,,
,,,,,,,,,,,,,,,,,,,,,,,,,,,,,,,,,,,,,,
,,,,,,,,,,,,,,,,,,,,,,,,,,,,,,,,,,,,,,
,,,,,,,,,,,,,,,,,,,,,,,,,,,,,,,,,,,,,,
,,,,,,,,,,,,,,,,,,,,,,,,,,,,,,,,,,,,,,
,,,,,,,,,,,,,,,,,,,,,,,,,,,,,,,,,,,,,,
,,,,,,,,,,,,,,,,,,,,,,,,,,,,,,,,,,,,,,
,,,,,,,,,,,,,,,,,,,,,,,,,,,,,,,,,,,,,,
,,,,,,,,,,,,,,,,,,,,,,,,,,,,,,,,,,,,,,
,,,,,,,,,,,,,,,,,,,,,,,,,,,,,,,,,,,,,,
,,,,,,,,,,,,,,,,,,,,,,,,,,,,,,,,,,,,,,
,,,,,,,,,,,,,,,,,,,,,,,,,,,,,,,,,,,,,,
,,,,,,,,,,,,,,,,,,,,,,,,,,,,,,,,,,,,,,
,,,,,,,,,,,,,,,,,,,,,,,,,,,,,,,,,,,,,,
,,,,,,,,,,,,,,,,,,,,,,,,,,,,,,,,,,,,,,
,,,,,,,,,,,,,,,,,,,,,,,,,,,,,,,,,,,,,,
,,,,,,,,,,,,,,,,,,,,,,,,,,,,,,,,,,,,,,
,,,,,,,,,,,,,,,,,,,,,,,,,,,,,,,,,,,,,,
,,,,,,,,,,,,,,,,,,,,,,,,,,,,,,,,,,,,,,
,,,,,,,,,,,,,,,,,,,,,,,,,,,,,,,,,,,,,,
,,,,,,,,,,,,,,,,,,,,,,,,,,,,,,,,,,,,,,
,,,,,,,,,,,,,,,,,,,,,,,,,,,,,,,,,,,,,,
,,,,,,,,,,,,,,,,,,,,,,,,,,,,,,,,,,,,,,
,,,,,,,,,,,,,,,,,,,,,,,,,,,,,,,,,,,,,,
,,,,,,,,,,,,,,,,,,,,,,,,,,,,,,,,,,,,,,
,,,,,,,,,,,,,,,,,,,,,,,,,,,,,,,,,,,,,,
,,,,,,,,,,,,,,,,,,,,,,,,,,,,,,,,,,,,,,
,,,,,,,,,,,,,,,,,,,,,,,,,,,,,,,,,,,,,,
,,,,,,,,,,,,,,,,,,,,,,,,,,,,,,,,,,,,,,
,,,,,,,,,,,,,,,,,,,,,,,,,,,,,,,,,,,,,,
,,,,,,,,,,,,,,,,,,,,,,,,,,,,,,,,,,,,,,
,,,,,,,,,,,,,,,,,,,,,,,,,,,,,,,,,,,,,,
,,,,,,,,,,,,,,,,,,,,,,,,,,,,,,,,,,,,,,
,,,,,,,,,,,,,,,,,,,,,,,,,,,,,,,,,,,,,,
,,,,,,,,,,,,,,,,,,,,,,,,,,,,,,,,,,,,,,
,,,,,,,,,,,,,,,,,,,,,,,,,,,,,,,,,,,,,,
,,,,,,,,,,,,,,,,,,,,,,,,,,,,,,,,,,,,,,
,,,,,,,,,,,,,,,,,,,,,,,PR_204,0,well used saying for many years,,,,,,,,,1,,,,
,,,,,,,,,,,,,,,,,,,,,,,PR_205,0,Have heard the phrase before,,,,,,,,,1,,,,
,,,,,,,,,,,,,,,,,,,,,,,PR_206,0,Read it a few times,,,,,,,,,1,,,,
,,,,,,,,,,,,,,,,,,,,,,,PR_207,0,I have heard the phrase before,,,,,,,,,1,,,,
,,,,,,,,,,,,,,,,,,,,,,,,,,,,,,,,,,,,,,
,,,,,,,,,,,,,,,,,,,,,,,PR_209,0,Red is a phrase associated with an extremely high temperature,,,,1,,,,,,,,,
,,,,,,,,,,,,,,,,,,,,,,,PR_210,0,Thought about that term before,,,,,,,,,1,,,,
,,,,,,,,,,,,,,,,,,,,,,,PR_211,0,Knowledge of the phrase.,,,,,,,,,1,,,,
,,,,,,,,,,,,,,,,,,,,,,,PR_212,0,NA,,,,,,,,,,,,,1
,,,,,,,,,,,,,,,,,,,,,,,PR_213,0,Movies,,,,,,,1,,,,,,
,,,,,,,,,,,,,,,,,,,,,,,,,,,,,,,,,,,,,,
,,,,,,,,,,,,,,,,,,,,,,,PR_215,0,,,,,,,,,,,,,,1
,,,,,,,,,,,,,,,,,,,,,,,,,,,,,,,,,,,,,,
,,,,,,,,,,,,,,,,,,,,,,,,,,,,,,,,,,,,,,
,,,,,,,,,,,,,,,,,,,,,,,PR_218,0,From a movie reference and it‚Äôs meaning,,,,,,,1,1,,,,,
,,,,,,,,,,,,,,,,,,,,,,,,,,,,,,,,,,,,,,
,,,,,,,,,,,,,,,,,,,,,,,PR_220,0,,,,,,,,,,,,,,1
,,,,,,,,,,,,,,,,,,,,,,,PR_221,0,based on what I have heard,,,,,,,,,1,,,,
,,,,,,,,,,,,,,,,,,,,,,,PR_222,0,,,,,,,,,,,,,,1
,,,,,,,,,,,,,,,,,,,,,,,PR_223,0,Red is the colour of alert,,,,1,,,,,,,,,