Submission id,Participant id,Status,Started at,Completed at,Reviewed at,Archived at,Time taken,Completion code,Total approvals,Fluent languages,Bilingual,Highest education level completed,Literacy difficulties,Hobbies - categories,Age,Sex,Ethnicity simplified,Country of birth,Country of residence,Nationality,Language,Student status,Employment status,Custom study tncs accepted at
65145a7455f3db130c8ddb01,5ad0c55ad9f7470001db0e09,APPROVED,2023-09-27T16:38:15.373000Z,2023-09-27T16:43:53.029000Z,2023-09-27T20:33:31.312000Z,2023-09-27T16:43:53.506737Z,338.0,CE2K9TTL,509,"English, Spanish",native language + one other language,Graduate degree (MA/MSc/MPhil/other),No,"Art, Music, Video Games",29,Male,White,United Kingdom,United Kingdom,United Kingdom,English,No,Full-Time,
65145c98015bb5c8bdc2284c,6506fa790becc34ecf41acf2,APPROVED,2023-09-27T16:47:24.624000Z,2023-09-27T16:54:16.622000Z,2023-09-27T20:33:31.437000Z,2023-09-27T16:54:17.062285Z,412.0,CE2K9TTL,6,English,none just my native langauge,High school diploma/A-levels,No,"Art, Video Games, Psychology",26,Male,White,Australia,Canada,Australia,English,No,Due to start a new job within the next month,
65145d162cd8fe45b59bb384,60be1d159feabf1e66247dd0,APPROVED,2023-09-27T16:49:38.538000Z,2023-09-27T16:56:34.328000Z,2023-09-27T20:33:31.567000Z,2023-09-27T16:56:34.991827Z,416.0,CE2K9TTL,734,English,none just my native langauge,Undergraduate degree (BA/BSc/other),No,"Art, Travelling, Music",49,Male,White,United Kingdom,United Kingdom,United Kingdom,English,No,Full-Time,
65145df04e9004280a340ccb,6468dbd1c121bc8fc017addb,APPROVED,2023-09-27T16:53:08.283000Z,2023-09-27T17:04:09.625000Z,2023-09-27T20:33:31.689000Z,2023-09-27T17:04:10.168887Z,662.0,CE2K9TTL,90,"English, Spanish",native language + one other language,Technical/community college,No,"Art, Music, Sports",26,Male,White,United States,Chile,United States,English,Yes,Part-Time,
65145e4ad70ecf1f13d31d4b,60bbf9e1cfcce5b0382bf9b1,APPROVED,2023-09-27T16:54:38.851000Z,2023-09-27T17:10:03.963000Z,2023-09-27T20:33:31.807000Z,2023-09-27T17:10:06.897990Z,926.0,CE2K9TTL,209,English,native language + one other language,Graduate degree (MA/MSc/MPhil/other),No,"Art, Travelling, Video Games",31,Male,Black,South Africa,South Africa,South Africa,English,No,Full-Time,
65145ef24eb18feca5abe2bb,62a35981f07eec138b14cb6e,APPROVED,2023-09-27T16:57:30.629000Z,2023-09-27T17:02:50.776000Z,2023-09-27T20:33:31.924000Z,2023-09-27T17:02:52.279057Z,321.0,CE2K9TTL,529,English,none just my native langauge,Undergraduate degree (BA/BSc/other),No,"Art, Literature, Music",40,Male,White,United Kingdom,United Kingdom,United Kingdom,English,No,Full-Time,
65145f22ec8847443546cabb,587a1ae8127d7700018b1d0c,APPROVED,2023-09-27T16:58:18.190000Z,2023-09-27T17:04:49.839000Z,2023-09-27T20:33:32.049000Z,2023-09-27T17:04:50.782189Z,392.0,CE2K9TTL,675,English,none just my native langauge,Graduate degree (MA/MSc/MPhil/other),No,"Art, Mathematics, Music",52,Male,White,United Kingdom,United Kingdom,United Kingdom,English,No,Full-Time,
65145f8d878bc6fcdcdca266,63f79c4cffb2e2a2ed84f060,APPROVED,2023-09-27T17:00:02.966000Z,2023-09-27T17:06:24.227000Z,2023-09-27T20:33:32.172000Z,2023-09-27T17:06:43.297878Z,382.0,CE2K9TTL,401,English,none just my native langauge,Graduate degree (MA/MSc/MPhil/other),No,"Art, Philosophy, Psychology",40,Male,White,United Kingdom,United Kingdom,United Kingdom,English,No,Due to start a new job within the next month,
65145fc3033bcc052f4d4329,6062d9a64a615c167600319f,APPROVED,2023-09-27T17:00:57.417000Z,2023-09-27T17:07:24.088000Z,2023-09-27T20:33:32.288000Z,2023-09-27T17:07:32.585238Z,387.0,CE2K9TTL,442,English,none just my native langauge,Undergraduate degree (BA/BSc/other),Rather not say,"Art, Music, Travelling",32,Male,White,United Kingdom,United Kingdom,United Kingdom,English,Yes,Unemployed (and job seeking),
65145fea79d352ca319db89a,63d40bc79a1c6f835ab0d37b,APPROVED,2023-09-27T17:01:34.771000Z,2023-09-27T17:06:23.667000Z,2023-09-27T20:33:32.436000Z,2023-09-27T17:06:45.176915Z,289.0,CE2K9TTL,61,"English, Spanish",native language + one other language,High school diploma/A-levels,No,"Science, Music, Art",20,Male,Asian,United Kingdom,United Kingdom,United Kingdom,English,DATA_EXPIRED,DATA_EXPIRED,
65146012ad483993c6e6f680,64909aa15f0abc6949742883,APPROVED,2023-09-27T17:02:16.967000Z,2023-09-27T17:10:38.860000Z,2023-09-27T20:33:32.577000Z,2023-09-27T17:10:39.295917Z,502.0,CE2K9TTL,50,English,none just my native langauge,Graduate degree (MA/MSc/MPhil/other),No,"Art, Entrepreneurship, Health & Fitness",30,Male,White,New Zealand,New Zealand,New Zealand,English,No,Full-Time,
6514604bc367929e64224e4a,6060b63e4ccfcf7b44479d8b,APPROVED,2023-09-27T17:03:19.086000Z,2023-09-27T17:11:18.923000Z,2023-09-27T20:33:32.706000Z,2023-09-27T17:11:19.430155Z,480.0,CE2K9TTL,319,"Afrikaans, English",native language + one other language,High school diploma/A-levels,No,"Art, Music, Video Games",21,Male,Mixed,South Africa,South Africa,South Africa,English,Yes,Unemployed (and job seeking),
651460a71a73a14163bc07bd,60edb74fd424c5f14c308d0b,APPROVED,2023-09-27T17:04:43.146000Z,2023-09-27T17:14:32.713000Z,2023-09-27T20:33:32.839000Z,2023-09-27T17:14:33.366407Z,590.0,CE2K9TTL,208,English,none just my native langauge,Undergraduate degree (BA/BSc/other),No,"Art, Literature, Psychology",59,Male,White,United Kingdom,United Kingdom,United Kingdom,English,No,Full-Time,
6514612fa92b24e964c005c8,646eb15ee5446a66e5e5fbd3,APPROVED,2023-09-27T17:07:01.569000Z,2023-09-27T17:16:53.369000Z,2023-09-27T20:33:32.962000Z,2023-09-27T17:16:55.428881Z,592.0,CE2K9TTL,111,English,none just my native langauge,Technical/community college,No,"Art, Video Games, Science",40,Male,White,Australia,Australia,Australia,English,Yes,"Not in paid work (e.g. homemaker', 'retired or disabled)",
6514618de67551ee1a6cbc37,5fea2970cbe0699d90756fd7,APPROVED,2023-09-27T17:08:32.390000Z,2023-09-27T17:14:21.990000Z,2023-09-27T20:33:33.076000Z,2023-09-27T17:14:22.542549Z,350.0,CE2K9TTL,454,English,native language + one other language,Graduate degree (MA/MSc/MPhil/other),No,"Literature, Travelling, Art",41,Male,White,United Kingdom,United Kingdom,United Kingdom,English,No,Full-Time,
651461c810b2c6c8114edebc,645e63fdc26c23223753f3cb,APPROVED,2023-09-27T17:09:38.288000Z,2023-09-27T17:17:39.056000Z,2023-09-27T20:33:33.196000Z,2023-09-27T17:17:39.503108Z,481.0,CE2K9TTL,216,English,none just my native langauge,High school diploma/A-levels,No,"Music, Politics, Art",53,Male,White,United Kingdom,United Kingdom,United Kingdom,English,No,DATA_EXPIRED,
6514625ea4cb6e1aaecec105,5e283f576dbb560114ac7714,APPROVED,2023-09-27T17:12:11.517000Z,2023-09-27T17:20:48.562000Z,2023-09-27T20:33:33.341000Z,2023-09-27T17:20:52.843494Z,518.0,CE2K9TTL,1252,English,native language + one other language,Secondary education (e.g. GED/GCSE),No,"Mathematics, Video Games, Art",44,Male,White,United Kingdom,United Kingdom,Ireland,English,No,Full-Time,
65146278af237cbe279a6fd3,5f647c4fe156e620d39f38b0,APPROVED,2023-09-27T17:12:34.434000Z,2023-09-27T17:18:39.674000Z,2023-09-27T20:33:33.516000Z,2023-09-27T17:18:40.241918Z,366.0,CE2K9TTL,184,English,none just my native langauge,High school diploma/A-levels,No,"Health & Fitness, Literature, Art",27,Male,White,United Kingdom,United Kingdom,United Kingdom,English,No,Full-Time,
6514630ea0e10a18c6944e7b,5f4d4f3a2059689f1a2c33db,APPROVED,2023-09-27T17:18:48.906000Z,2023-09-27T17:22:51.720000Z,2023-09-27T20:33:33.633000Z,2023-09-27T17:24:54.655706Z,243.0,CE2K9TTL,606,"English, French, Portuguese, Spanish",native language + two other languages,Undergraduate degree (BA/BSc/other),No,"Art, Music, Health & Fitness",25,Male,White,United Kingdom,United Kingdom,United Kingdom,English,Yes,Part-Time,
651463424b02cedaa40f9875,611f8186d06a9e1844f3e012,APPROVED,2023-09-27T17:22:58.331000Z,2023-09-27T17:29:41.204000Z,2023-09-27T20:33:33.755000Z,2023-09-27T17:29:41.625438Z,403.0,CE2K9TTL,1090,English,none just my native langauge,Technical/community college,No,"Video Games, Art, Health & Fitness",53,Male,White,United Kingdom,United Kingdom,United Kingdom,English,No,Part-Time,
651463b1b5cfee6c1d1f272d,5c2f6d25e38ccd0001caab19,APPROVED,2023-09-27T17:17:46.738000Z,2023-09-27T17:24:53.399000Z,2023-09-27T20:33:33.881000Z,2023-09-27T17:25:28.296624Z,427.0,CE2K9TTL,1376,English,none just my native langauge,Technical/community college,No,"Art, Music, Science",45,Male,White,United Kingdom,United Kingdom,United Kingdom,English,DATA_EXPIRED,DATA_EXPIRED,
651463ce4f3c3197ece2ce07,600f46f6c513db11698a960d,APPROVED,2023-09-27T17:23:21.103000Z,2023-09-27T17:30:08.698000Z,2023-09-27T20:33:33.999000Z,2023-09-27T17:30:09.258789Z,408.0,CE2K9TTL,1116,English,none just my native langauge,Undergraduate degree (BA/BSc/other),No,"Video Games, Art, Travelling",44,Male,White,United States,United Kingdom,United Kingdom,English,Yes,Full-Time,
651463ed1ebdb4d3bd5f19d5,5ea180ae34f3aa0319313965,APPROVED,2023-09-27T17:26:06.453000Z,2023-09-27T17:32:30.147000Z,2023-09-27T20:33:34.118000Z,2023-09-27T17:32:30.813100Z,384.0,CE2K9TTL,1010,English,none just my native langauge,Doctorate degree (PhD/other),No,"Art, Health & Fitness, Science",36,Male,White,United Kingdom,United Kingdom,United Kingdom,English,DATA_EXPIRED,Full-Time,
651463f3c9f17c37f4dec667,62b5fea64b239d91783414ff,APPROVED,2023-09-27T17:18:46.882000Z,2023-09-27T17:37:44.563000Z,2023-09-27T20:33:34.240000Z,2023-09-27T17:37:45.070147Z,1138.0,CE2K9TTL,830,English,none just my native langauge,High school diploma/A-levels,No,"Art, Music, Video Games",28,Male,Black,United Kingdom,United Kingdom,United Kingdom,English,No,Full-Time,
651464fb8079011068176e21,6081927660b125bdbfdf4fc9,APPROVED,2023-09-27T17:23:13.840000Z,2023-09-27T17:37:09.667000Z,2023-09-27T20:33:34.359000Z,2023-09-27T17:37:10.820448Z,836.0,CE2K9TTL,857,"English, Urdu",native language + one other language,Undergraduate degree (BA/BSc/other),No,"Health & Fitness, Entrepreneurship, Art",49,Male,Asian,United Kingdom,United Kingdom,United Kingdom,English,No,Full-Time,
651465bc2c69dcb534fdbac7,5fdf213eeae543727a6624e3,APPROVED,2023-09-27T17:26:26.493000Z,2023-09-27T17:35:20.553000Z,2023-09-27T20:33:34.476000Z,2023-09-27T17:35:21.014226Z,535.0,CE2K9TTL,310,English,none just my native langauge,Undergraduate degree (BA/BSc/other),No,"Art, Video Games, Music",32,Male,Mixed,United States,United States,United States,English,No,Part-Time,
651465ccfff875326aa38162,5fabf588f711fa0c6b0aebf6,APPROVED,2023-09-27T17:26:43.148000Z,2023-09-27T17:54:30.390000Z,2023-09-27T20:33:34.587000Z,2023-09-27T17:54:38.492457Z,1668.0,CE2K9TTL,1380,English,none just my native langauge,Technical/community college,No,"Art, Marketing, Sports",75,Male,White,United Kingdom,United Kingdom,United Kingdom,English,No,"Not in paid work (e.g. homemaker', 'retired or disabled)",
651465d42289f6b3d303769b,6384e0fca81ec0f7e76d5227,APPROVED,2023-09-27T17:26:46.513000Z,2023-09-27T17:34:19.402000Z,2023-09-27T20:33:34.707000Z,2023-09-27T17:34:19.889275Z,453.0,CE2K9TTL,511,English,none just my native langauge,Undergraduate degree (BA/BSc/other),No,"Music, Sports, Art",36,Male,White,United Kingdom,United Kingdom,United Kingdom,English,No,Full-Time,
65146627fdc1a7fbf0ce5ebb,5c46014e8ea58000016e3d9c,APPROVED,2023-09-27T17:28:21.190000Z,2023-09-27T17:42:20.007000Z,2023-09-27T20:33:34.835000Z,2023-09-27T17:42:21.095420Z,839.0,CE2K9TTL,959,English,none just my native langauge,High school diploma/A-levels,No,"Art, Video Games",39,Male,White,United Kingdom,United Kingdom,United Kingdom,English,No,"Not in paid work (e.g. homemaker', 'retired or disabled)",
651466863281c38b64237eeb,62fb99ba42c48ba113e1e799,APPROVED,2023-09-27T17:29:56.176000Z,2023-09-27T17:35:32.226000Z,2023-09-27T20:33:34.958000Z,2023-09-27T17:35:32.938040Z,337.0,CE2K9TTL,695,English,none just my native langauge,Undergraduate degree (BA/BSc/other),No,"Art, Literature, Music",53,Male,White,United Kingdom,United Kingdom,United Kingdom,English,No,Full-Time,
651466e634e8dc1fcdba6014,64125a2a86177f9e395541f1,APPROVED,2023-09-27T17:31:23.484000Z,2023-09-27T17:36:00.236000Z,2023-09-27T20:33:35.075000Z,2023-09-27T17:36:00.962404Z,277.0,CE2K9TTL,321,English,none just my native langauge,Undergraduate degree (BA/BSc/other),No,"Music, Sports, Art",33,Male,White,United Kingdom,United Kingdom,United Kingdom,English,No,Full-Time,
651466f4a4bf7a9da5a2b2ad,60f5bcd053d1311b9fdb5b7a,APPROVED,2023-09-27T17:31:36.103000Z,2023-09-27T17:35:13.814000Z,2023-09-27T20:33:35.212000Z,2023-09-27T17:35:14.281286Z,218.0,CE2K9TTL,375,English,none just my native langauge,Undergraduate degree (BA/BSc/other),No,"Art, Literature, Politics",38,Male,White,Canada,Canada,Canada,English,No,Full-Time,
65146715a35dcbc3d986e1bd,5be3237a3193e90001798302,APPROVED,2023-09-27T17:32:09.654000Z,2023-09-27T17:36:58.178000Z,2023-09-27T20:33:35.330000Z,2023-09-27T17:36:58.809898Z,289.0,CE2K9TTL,3202,English,none just my native langauge,Graduate degree (MA/MSc/MPhil/other),Yes,"Sports, Music, Art",41,Male,White,United States,United States,United States,English,No,Full-Time,
651467a59f4bc389e16ee86f,63ea58a3ca6220457fced3c7,APPROVED,2023-09-27T17:34:33.848000Z,2023-09-27T18:08:30.429000Z,2023-09-27T20:33:35.470000Z,2023-09-27T18:08:33.099952Z,2037.0,CE2K9TTL,537,English,none just my native langauge,Graduate degree (MA/MSc/MPhil/other),No,"Science, Art, Music",28,Male,Black,DATA_EXPIRED,United Kingdom,United Kingdom,English,DATA_EXPIRED,DATA_EXPIRED,
651467cbb1559914340d69b3,59bb9e3a178f1b0001828b12,APPROVED,2023-09-27T17:35:10.151000Z,2023-09-27T17:48:34.888000Z,2023-09-27T20:33:35.597000Z,2023-09-27T17:48:35.329343Z,805.0,CE2K9TTL,2238,English,none just my native langauge,Undergraduate degree (BA/BSc/other),No,"Science, Art, Literature",80,Male,White,United Kingdom,United Kingdom,United Kingdom,English,No,"Not in paid work (e.g. homemaker', 'retired or disabled)",
651467d0d4460c7dd46b5170,5ecf9b46617a9b3dd56b3fe3,APPROVED,2023-09-27T17:35:16.729000Z,2023-09-27T17:41:00.483000Z,2023-09-27T20:33:35.720000Z,2023-09-27T17:41:06.319634Z,344.0,CE2K9TTL,1424,English,none just my native langauge,Technical/community college,No,"Art, Literature, Sports",77,Male,White,United Kingdom,United Kingdom,United Kingdom,English,No,Part-Time,
651467d28c799e7a208d77ba,5cf8cc7e95c070001721db8d,APPROVED,2023-09-27T17:35:24.309000Z,2023-09-27T17:41:50.032000Z,2023-09-27T20:33:35.840000Z,2023-09-27T17:41:50.839321Z,386.0,CE2K9TTL,1103,English,none just my native langauge,Graduate degree (MA/MSc/MPhil/other),Yes,"Art, Travelling, Psychology",36,Male,White,United Kingdom,United Kingdom,United Kingdom,English,Yes,Full-Time,
651468012da156b4ee13b273,63eaace3d44d695631f32db0,APPROVED,2023-09-27T17:36:01.267000Z,2023-09-27T18:07:16.436000Z,2023-09-27T20:33:35.963000Z,2023-09-27T18:07:19.882981Z,1876.0,CE2K9TTL,610,English,none just my native langauge,Graduate degree (MA/MSc/MPhil/other),No,"Art, Music, Sports",29,Male,Black,Nigeria,United Kingdom,United Kingdom,English,No,Full-Time,
65146818111c6edd480d04ab,63616110a960512f99f95814,APPROVED,2023-09-27T17:36:27.746000Z,2023-09-27T17:43:37.059000Z,2023-09-27T20:33:36.097000Z,2023-09-27T17:43:40.647160Z,430.0,CE2K9TTL,960,English,native language + one other language,Undergraduate degree (BA/BSc/other),No,"Music, Art, Psychology",25,Male,Mixed,United States,United States,United States,English,DATA_EXPIRED,DATA_EXPIRED,
651468a7492a06b2fa176e10,5c2ebf3e626018000134986f,APPROVED,2023-09-27T17:38:51.025000Z,2023-09-27T17:46:46.808000Z,2023-09-27T20:33:36.225000Z,2023-09-27T17:46:47.372004Z,476.0,CE2K9TTL,1335,English,none just my native langauge,Undergraduate degree (BA/BSc/other),No,Art,41,Male,White,United Kingdom,United Kingdom,United Kingdom,English,No,Full-Time,
651468b0f3663886cbc54bc6,609d1ddf6aa3ba55f1bf4267,APPROVED,2023-09-27T17:39:14.716000Z,2023-09-27T18:17:40.234000Z,2023-09-27T20:33:36.405000Z,2023-09-27T18:17:40.739551Z,2306.0,CE2K9TTL,1425,English,none just my native langauge,Technical/community college,Rather not say,"Art, Music, Video Games",46,Male,White,United Kingdom,United Kingdom,United Kingdom,English,No,Full-Time,
651469b79b5d1e06cdfdbaaf,63d13b77942cfa041b4e7e78,APPROVED,2023-09-27T17:43:23.963000Z,2023-09-27T17:58:33.371000Z,2023-09-27T20:33:36.537000Z,2023-09-27T17:58:34.018120Z,910.0,CE2K9TTL,691,English,none just my native langauge,High school diploma/A-levels,No,"Video Games, Art, Science",44,Male,White,United States,United States,United States,English,No,Part-Time,
65146a0bfb7e25c2d6cacab5,63ed50df25d0ea08696b393f,APPROVED,2023-09-27T17:45:02.354000Z,2023-09-27T17:51:22.205000Z,2023-09-27T20:33:36.666000Z,2023-09-27T17:51:22.762154Z,380.0,CE2K9TTL,557,English,none just my native langauge,Technical/community college,No,"Art, Music, Travelling",49,Male,Mixed,United Kingdom,United Kingdom,United Kingdom,English,DATA_EXPIRED,DATA_EXPIRED,
65146a383618f4a011324a03,614fddfbf609da368336288b,APPROVED,2023-09-27T17:45:32.987000Z,2023-09-27T17:55:58.024000Z,2023-09-27T20:33:36.799000Z,2023-09-27T17:56:06.549429Z,626.0,CE2K9TTL,577,English,none just my native langauge,Undergraduate degree (BA/BSc/other),Yes,"Art, Music, Sociology",31,Male,White,United States,United States,United States,English,No,Full-Time,
65146a89cf3a90900660af8a,5f5b4aa99a3ef626581a1473,APPROVED,2023-09-27T17:46:57.046000Z,2023-09-27T17:50:55.124000Z,2023-09-27T20:33:36.925000Z,2023-09-27T17:50:55.582987Z,239.0,CE2K9TTL,6,English,none just my native langauge,Undergraduate degree (BA/BSc/other),No,"Art, Psychology, Music",24,Male,White,United Kingdom,United Kingdom,United Kingdom,English,No,Other,
65146af079b76ced4c4edecf,615d8a94a76a15626da937c5,APPROVED,2023-09-27T17:48:35.986000Z,2023-09-27T17:58:58.846000Z,2023-09-27T20:33:37.040000Z,2023-09-27T17:58:59.413224Z,623.0,CE2K9TTL,1017,English,none just my native langauge,Secondary education (e.g. GED/GCSE),No,"Art, Music, Video Games",25,Male,White,United Kingdom,United Kingdom,United Kingdom,English,No,Full-Time,
65146b01d06e2a5885f40be5,650877966bed037b3c46c39b,APPROVED,2023-09-27T17:48:51.669000Z,2023-09-27T17:55:53.051000Z,2023-09-27T20:33:37.162000Z,2023-09-27T17:55:54.270184Z,422.0,CE2K9TTL,10,English,none just my native langauge,Technical/community college,No,"Art, Music, Video Games",21,Male,White,United Kingdom,United Kingdom,United Kingdom,English,Yes,Unemployed (and job seeking),
65146b0abcd65d1d4ec00602,63cfee94707bca4ddee3eb05,APPROVED,2023-09-27T17:49:01.015000Z,2023-09-27T17:54:57.830000Z,2023-09-27T20:33:37.282000Z,2023-09-27T17:54:58.252569Z,357.0,CE2K9TTL,660,English,native language + one other language,Graduate degree (MA/MSc/MPhil/other),No,"Art, Economics, Sports",43,Male,Asian,Hong Kong,United Kingdom,United Kingdom,English,No,Full-Time,
65146b6c0d6efcfa951b8ce6,6346cd7b7d85c596d543e0ed,APPROVED,2023-09-27T17:50:40.090000Z,2023-09-27T17:58:35.685000Z,2023-09-27T20:33:37.399000Z,2023-09-27T17:58:36.179729Z,476.0,CE2K9TTL,551,English,none just my native langauge,High school diploma/A-levels,Yes,"Art, Health & Fitness, Travelling",33,Male,White,United Kingdom,United Kingdom,United Kingdom,English,No,Full-Time,
65146be9fc983740f6eca860,6361bfe81e0da4a406b33f1e,APPROVED,2023-09-27T17:52:46.226000Z,2023-09-27T18:00:14.860000Z,2023-09-27T20:33:37.517000Z,2023-09-27T18:00:51.609556Z,449.0,CE2K9TTL,671,English,none just my native langauge,High school diploma/A-levels,Yes,"Art, Sports, Video Games",31,Male,White,United Kingdom,United Kingdom,United Kingdom,English,No,Unemployed (and job seeking),
65146cee73eac1b4d1464249,5ded4666be656d3f8c93ba42,APPROVED,2023-09-27T18:00:29.695000Z,2023-09-27T18:08:13.272000Z,2023-09-27T20:33:37.640000Z,2023-09-27T18:08:13.823908Z,464.0,CE2K9TTL,750,English,none just my native langauge,High school diploma/A-levels,No,"Art, Sports, Video Games",25,Male,White,United Kingdom,United Kingdom,United Kingdom,English,No,Full-Time,
65146e2b01bac7804c98137c,650624fe967e3e2546ffc90a,APPROVED,2023-09-27T18:02:37.187000Z,2023-09-27T18:08:35.628000Z,2023-09-27T20:33:37.785000Z,2023-09-27T18:08:36.476213Z,359.0,CE2K9TTL,9,English,none just my native langauge,High school diploma/A-levels,No,"Art, Video Games, Literature",27,Male,White,Canada,Canada,Canada,English,No,Unemployed (and job seeking),
65146e89e35cd53a35ec281c,5f3ec93efbd299158253f283,APPROVED,2023-09-27T18:03:56.384000Z,2023-09-27T18:13:43.661000Z,2023-09-27T20:33:37.923000Z,2023-09-27T18:13:47.611281Z,588.0,CE2K9TTL,1793,English,none just my native langauge,Undergraduate degree (BA/BSc/other),No,"Travelling, Music, Art",51,Male,White,United Kingdom,United Kingdom,United Kingdom,English,No,Full-Time,
65146f3f075e81cdf51db37c,5ef78f819d93424af2af742b,APPROVED,2023-09-27T18:07:00.302000Z,2023-09-27T18:12:11.633000Z,2023-09-27T20:33:38.043000Z,2023-09-27T18:12:14.657979Z,312.0,CE2K9TTL,2958,English,none just my native langauge,Technical/community college,No,"Literature, Video Games, Art",41,Male,White,United States,United States,United States,English,No,DATA_EXPIRED,
65146f71e5c8656ae3fdbac9,631610af8e747093cd90e00d,APPROVED,2023-09-27T18:07:50.921000Z,2023-09-27T18:14:34.268000Z,2023-09-27T20:33:38.172000Z,2023-09-27T18:14:34.761782Z,404.0,CE2K9TTL,961,English,none just my native langauge,High school diploma/A-levels,No,"Art, Video Games, Music",38,Male,Mixed,United Kingdom,United Kingdom,United Kingdom,English,No,Full-Time,
65146fda012ee9eb350f9879,636551e106c841ca0ded046a,APPROVED,2023-09-27T18:09:48.176000Z,2023-09-27T18:15:54.664000Z,2023-09-27T20:33:38.315000Z,2023-09-27T18:15:56.594911Z,367.0,CE2K9TTL,109,English,none just my native langauge,Graduate degree (MA/MSc/MPhil/other),No,"Sociology, Art, Video Games",37,Male,White,United Kingdom,United Kingdom,United Kingdom,English,No,Full-Time,
6514700b9e6ad11146cec0d2,633f03bb432dc8f74ab3a896,APPROVED,2023-09-27T18:10:22.861000Z,2023-09-27T18:15:37.062000Z,2023-09-27T20:33:38.449000Z,2023-09-27T18:15:37.549421Z,315.0,CE2K9TTL,1702,"Spanish, English",native language + one other language,Graduate degree (MA/MSc/MPhil/other),No,"Art, Philosophy, Politics",38,Male,Other,United States,United States,United States,English,No,Full-Time,
6514709aadf8f8666b237edc,55a44167fdf99b12b371c88c,APPROVED,2023-09-27T18:12:46.543000Z,2023-09-27T18:19:25.247000Z,2023-09-27T20:33:38.872000Z,2023-09-27T18:19:25.893219Z,399.0,CE2K9TTL,1312,"German, English",native language + one other language,High school diploma/A-levels,No,"Art, Literature, Music",27,Male,Black,United States,United States,United States,English,Yes,"Not in paid work (e.g. homemaker', 'retired or disabled)",
651470baab6ddd61959d50c8,5cf1eed7a602eb0001e2e850,APPROVED,2023-09-27T18:13:20.417000Z,2023-09-27T18:17:49.264000Z,2023-09-27T20:33:38.993000Z,2023-09-27T18:17:49.802119Z,269.0,CE2K9TTL,2761,English,none just my native langauge,Undergraduate degree (BA/BSc/other),No,"Art, Science, Video Games",24,Male,White,United States,United States,United States,English,No,Full-Time,
651470e71e965021a69075bf,5e3040a2d1a553000cc9147b,APPROVED,2023-09-27T18:14:03.032000Z,2023-09-27T18:19:10.638000Z,2023-09-27T20:33:39.129000Z,2023-09-27T18:19:11.088402Z,308.0,CE2K9TTL,3541,English,none just my native langauge,High school diploma/A-levels,No,"Art, Music, Video Games",40,Male,White,United States,United States,United States,English,No,DATA_EXPIRED,
651471ec075baf0027f64880,6501bd8d2a46a663ccf582c3,APPROVED,2023-09-27T18:18:24.973000Z,2023-09-27T18:22:54.817000Z,2023-09-27T20:33:39.253000Z,2023-09-27T18:23:02.993631Z,270.0,CE2K9TTL,117,English,none just my native langauge,Undergraduate degree (BA/BSc/other),No,"Art, Literature, Music",54,Male,White,United States,United States,United States,English,No,Full-Time,
6514729053ee81adafebbe42,5de5dba9ff87c15699804260,APPROVED,2023-09-27T18:21:24.015000Z,2023-09-27T18:28:53.738000Z,2023-09-27T20:33:39.377000Z,2023-09-27T18:28:54.418617Z,450.0,CE2K9TTL,5908,English,none just my native langauge,High school diploma/A-levels,No,"Politics, Science, Art",67,Male,White,United States,United States,United States,English,No,"Not in paid work (e.g. homemaker', 'retired or disabled)",
651472e9de4462b4cd1b8cde,62b09bc02efbcc7d0dd81f3b,APPROVED,2023-09-27T18:22:37.108000Z,2023-09-27T18:29:46.878000Z,2023-09-27T20:33:39.509000Z,2023-09-27T18:29:47.384758Z,430.0,CE2K9TTL,1099,English,none just my native langauge,Technical/community college,Yes,"Music, Video Games, Art",27,Male,White,United States,United States,United States,English,No,Unemployed (and job seeking),
65147323e70ed921f4c214b7,5fb7b7f50ffe7e37260a0b8a,APPROVED,2023-09-27T18:23:34.421000Z,2023-09-27T18:29:44.518000Z,2023-09-27T20:33:39.640000Z,2023-09-27T18:29:45.420598Z,371.0,CE2K9TTL,309,English,none just my native langauge,High school diploma/A-levels,No,"Art, Science, Video Games",26,Male,Black,Jamaica,United States,United States,English,DATA_EXPIRED,DATA_EXPIRED,
6514735342352dad97ba601c,60267f9883e25930ddac4e5c,APPROVED,2023-09-27T18:24:34.136000Z,2023-09-27T18:29:41.277000Z,2023-09-27T20:33:39.757000Z,2023-09-27T18:29:41.769799Z,308.0,CE2K9TTL,531,English,native language + one other language,Undergraduate degree (BA/BSc/other),Yes,"Art, Music, Science",25,Male,White,United Kingdom,United Kingdom,United Kingdom,English,No,DATA_EXPIRED,
6514739e2752280b1a749357,5ba064c10d4416000157a224,APPROVED,2023-09-27T18:25:37.786000Z,2023-09-27T18:32:42.577000Z,2023-09-27T20:33:39.882000Z,2023-09-27T18:32:43.116794Z,425.0,CE2K9TTL,3795,English,none just my native langauge,Undergraduate degree (BA/BSc/other),No,"Music, Video Games, Art",32,Male,Black,United States,United States,United States,English,No,Other,
6514741426b65ecf9860afac,5dc151136bba9b0b6d979aa8,APPROVED,2023-09-27T18:27:46.569000Z,2023-09-27T18:34:28.077000Z,2023-09-27T20:33:40.007000Z,2023-09-27T18:34:28.732325Z,402.0,CE2K9TTL,2325,English,none just my native langauge,Graduate degree (MA/MSc/MPhil/other),Yes,"Art, Politics",61,Male,White,United Kingdom,United Kingdom,United Kingdom,English,No,Full-Time,
65147467cedc8945d250fb1c,636155035a53907e8c192d5b,APPROVED,2023-09-27T18:28:57.986000Z,2023-09-27T18:33:55.425000Z,2023-09-27T20:33:40.134000Z,2023-09-27T18:33:55.904362Z,298.0,CE2K9TTL,2572,"English, Chinese",native language + one other language,Undergraduate degree (BA/BSc/other),No,"Video Games, Sociology, Art",25,Male,White,United States,United States,United States,English,No,Full-Time,
651474a1d9a883dc633249f6,600be42e32909325b20ab5f0,APPROVED,2023-09-27T18:29:59.022000Z,2023-09-27T18:34:22.907000Z,2023-09-27T20:33:40.256000Z,2023-09-27T18:34:23.413891Z,264.0,CE2K9TTL,1528,English,none just my native langauge,Undergraduate degree (BA/BSc/other),No,"Art, Travelling, Video Games",24,Male,White,United States,United States,United States,English,Yes,Full-Time,
651474af9f286f32b0ec2854,650c52f2123e12a203e43a10,APPROVED,2023-09-27T18:31:09.811000Z,2023-09-27T18:50:52.106000Z,2023-09-27T20:33:40.424000Z,2023-09-27T18:50:52.594204Z,1183.0,CE2K9TTL,14,English,none just my native langauge,Graduate degree (MA/MSc/MPhil/other),No,"Art, Sports, Science",24,Male,Black,Nigeria,United Kingdom,United Kingdom,English,No,Full-Time,
65147558ee76d337b4224e3f,614e08e61f8e94b302758ab2,APPROVED,2023-09-27T18:33:00.814000Z,2023-09-27T18:39:01.696000Z,2023-09-27T20:33:40.557000Z,2023-09-27T18:39:02.186641Z,361.0,CE2K9TTL,206,"English, Spanish",native language + one other language,Technical/community college,No,"Art, Literature, Science",34,Male,White,United States,United States,United States,English,No,Part-Time,
65147560a54a11e949a783e7,5eceed79840590300f53fa51,APPROVED,2023-09-27T18:34:42.544000Z,2023-09-27T18:45:40.070000Z,2023-09-27T20:33:40.679000Z,2023-09-27T18:45:40.555974Z,658.0,CE2K9TTL,5202,English,none just my native langauge,Secondary education (e.g. GED/GCSE),No,"Art, Entrepreneurship, Video Games",29,Male,White,United States,United States,United States,English,No,Full-Time,
6514759ffbd333f85ea2b27b,60ed8b58291a506de5a1bf6f,APPROVED,2023-09-27T18:34:16.245000Z,2023-09-27T18:38:29.924000Z,2023-09-27T20:33:40.826000Z,2023-09-27T18:38:30.474723Z,254.0,CE2K9TTL,2602,English,none just my native langauge,High school diploma/A-levels,Yes,"Art, Health & Fitness, Video Games",36,Male,White,United States,United States,United States,English,No,"Not in paid work (e.g. homemaker', 'retired or disabled)",
651475e31375ca2c26a700aa,65020547fea32ab6dc5a7516,APPROVED,2023-09-27T18:35:27.275000Z,2023-09-27T18:42:02.281000Z,2023-09-27T20:33:40.979000Z,2023-09-27T18:42:02.856134Z,396.0,CE2K9TTL,162,English,none just my native langauge,Technical/community college,Yes,"Video Games, Psychology, Art",28,Male,White,United States,United States,United States,English,No,Unemployed (and job seeking),
651476314562569580b2a09a,6464d6f0b5714d57045709f9,APPROVED,2023-09-27T18:37:25.948000Z,2023-09-27T19:00:32.809000Z,2023-09-27T20:33:41.107000Z,2023-09-27T19:03:14.666507Z,1387.0,CE2K9TTL,914,English,native language + one other language,Undergraduate degree (BA/BSc/other),No,Art,52,Male,Black,United States,United States,United States,English,No,Full-Time,
6514763168fbb0770d0966e8,6234d77291179c1badffad36,APPROVED,2023-09-27T18:39:07.604000Z,2023-09-27T18:57:09.957000Z,2023-09-27T20:33:41.230000Z,2023-09-27T18:57:10.808033Z,1083.0,CE2K9TTL,1990,English,none just my native langauge,Undergraduate degree (BA/BSc/other),No,"Art, Economics, Marketing",28,Male,White,United States,United States,United States,English,No,Full-Time,
651476422ac7745f13041177,6273eeabe7637501530d9733,APPROVED,2023-09-27T18:36:52.756000Z,2023-09-27T18:47:36.482000Z,2023-09-27T20:33:41.353000Z,2023-09-27T18:47:37.160797Z,644.0,CE2K9TTL,256,English,native language + one other language,Undergraduate degree (BA/BSc/other),No,"Art, Travelling, Video Games",27,Male,White,United Kingdom,United Kingdom,United Kingdom,English,No,Part-Time,
651476ae724c3bf30d50fb11,5f2f03deec679e2cf4a992e6,APPROVED,2023-09-27T18:40:18.858000Z,2023-09-27T18:49:55.247000Z,2023-09-27T20:33:41.471000Z,2023-09-27T18:49:56.075837Z,577.0,CE2K9TTL,4359,English,none just my native langauge,Undergraduate degree (BA/BSc/other),No,"Art, Science, Video Games",34,Male,White,United States,United States,United States,English,No,DATA_EXPIRED,
651476c4883d0068b1aabb3d,6460a5c4be2b393475006c79,APPROVED,2023-09-27T18:39:06.729000Z,2023-09-27T18:51:30.295000Z,2023-09-27T20:33:41.602000Z,2023-09-27T18:51:30.817740Z,744.0,CE2K9TTL,73,English,none just my native langauge,Graduate degree (MA/MSc/MPhil/other),No,"Entrepreneurship, Art, Marketing",54,Male,Other,United States,United States,United States,English,No,Unemployed (and job seeking),
6514771ab17b99222e49ffec,57f2b5b82a1c2a0001ab0562,APPROVED,2023-09-27T18:40:31.666000Z,2023-09-27T18:52:53.290000Z,2023-09-27T20:33:41.725000Z,2023-09-27T18:52:55.482585Z,742.0,CE2K9TTL,946,English,none just my native langauge,High school diploma/A-levels,No,"Science, Art, Literature",38,Male,White,United States,United States,United States,English,No,Full-Time,
65147723cdf87e9e01927784,62d21a095ad69a4459f6d664,APPROVED,2023-09-27T18:40:39.548000Z,2023-09-27T18:50:35.023000Z,2023-09-27T20:33:41.853000Z,2023-09-27T18:50:35.510789Z,596.0,CE2K9TTL,673,English,none just my native langauge,Undergraduate degree (BA/BSc/other),Yes,"Philosophy, Health & Fitness, Art",39,Male,White,United States,United States,United States,English,No,Full-Time,
6514773e00ccfea5ec1db32d,64136da866ff27f7bf98cfe0,APPROVED,2023-09-27T18:41:25.117000Z,2023-09-27T18:49:12.896000Z,2023-09-27T20:33:41.983000Z,2023-09-27T18:49:13.503171Z,468.0,CE2K9TTL,1358,English,none just my native langauge,Undergraduate degree (BA/BSc/other),No,"Art, Science, Video Games",35,Male,Asian,United States,United States,United States,English,No,DATA_EXPIRED,
651477535084fbc0bcebbe4c,63db74b49b4a80525a557a61,APPROVED,2023-09-27T18:41:30.369000Z,2023-09-27T19:05:47.440000Z,2023-09-27T20:33:42.107000Z,2023-09-27T19:05:47.911736Z,1458.0,CE2K9TTL,1239,English,none just my native langauge,High school diploma/A-levels,No,"Health & Fitness, Music, Art",22,Male,Black,United States,United States,United States,English,DATA_EXPIRED,DATA_EXPIRED,
65147769493a2fbe3d237e96,646d3710dea5554a4b83d2a2,APPROVED,2023-09-27T18:41:50.374000Z,2023-09-27T19:09:38.044000Z,2023-09-27T20:33:42.244000Z,2023-09-27T19:09:38.549628Z,1668.0,CE2K9TTL,549,"English, German, French",native language + two other languages,Undergraduate degree (BA/BSc/other),No,"Art, Science, Health & Fitness",73,Male,White,United States,United States,United States,English,No,Part-Time,
651477bb613e9a8fa8237eb5,63d2f3294efc674f84b302d2,APPROVED,2023-09-27T18:43:11.100000Z,2023-09-27T18:51:08.736000Z,2023-09-27T20:33:42.371000Z,2023-09-27T18:51:09.455807Z,478.0,CE2K9TTL,728,English,none just my native langauge,High school diploma/A-levels,No,"Art, Science, Health & Fitness",26,Male,Other,United States,United States,United States,English,DATA_EXPIRED,Full-Time,
651477cf863c05ea16dca243,6441355901a65102aa751a95,APPROVED,2023-09-27T18:43:31.594000Z,2023-09-27T18:49:29.874000Z,2023-09-27T20:33:42.526000Z,2023-09-27T18:49:30.604147Z,359.0,CE2K9TTL,386,"English, Swedish",native language + one other language,Graduate degree (MA/MSc/MPhil/other),No,"Art, Literature, Music",34,Male,White,United Kingdom,United Kingdom,United Kingdom,English,No,Full-Time,
651477f000e3e679fc1e724e,60a51f35a0db48f89d6f3a72,APPROVED,2023-09-27T18:45:09.828000Z,2023-09-27T18:50:54.494000Z,2023-09-27T20:33:42.669000Z,2023-09-27T18:50:57.022286Z,345.0,CE2K9TTL,3589,English,none just my native langauge,Graduate degree (MA/MSc/MPhil/other),Yes,"Art, Psychology, Video Games",63,Male,White,United States,United States,United States,English,No,Full-Time,
651477fdf42ef9ada80855c5,6488e429e530a1949174c9f4,APPROVED,2023-09-27T18:44:21.553000Z,2023-09-27T18:50:21.202000Z,2023-09-27T20:33:42.857000Z,2023-09-27T18:50:21.641863Z,360.0,CE2K9TTL,635,English,none just my native langauge,Undergraduate degree (BA/BSc/other),No,"Art, Music, Travelling",61,Male,Black,United States,United States,United States,English,No,DATA_EXPIRED,
651477ff9705cbc0b1cec0f7,600c63a5dfb7171357a02440,APPROVED,2023-09-27T18:44:19.506000Z,2023-09-27T18:56:08.477000Z,2023-09-27T20:33:43.006000Z,2023-09-27T18:56:08.981053Z,709.0,CE2K9TTL,1600,English,none just my native langauge,Undergraduate degree (BA/BSc/other),No,"Science, Video Games, Art",26,Male,White,United States,United States,United States,English,Yes,Full-Time,
6514782ed6a025d1645f5781,63d6dfc970a407ead0b0d3a1,APPROVED,2023-09-27T18:45:29.921000Z,2023-09-27T18:59:53.775000Z,2023-09-27T20:33:43.141000Z,2023-09-27T19:02:18.543016Z,864.0,CE2K9TTL,2004,English,none just my native langauge,Undergraduate degree (BA/BSc/other),No,"Marketing, Art, Health & Fitness",29,Male,Black,United States,United States,United States,English,DATA_EXPIRED,DATA_EXPIRED,
651478a20e2513ec64b98b74,5f01d812e83c5732b0dd15e6,APPROVED,2023-09-27T18:47:21.434000Z,2023-09-27T18:54:01.272000Z,2023-09-27T20:33:43.290000Z,2023-09-27T18:54:01.768246Z,400.0,CE2K9TTL,98,"English, Spanish",native language + one other language,Undergraduate degree (BA/BSc/other),No,"Art, Entrepreneurship, Philosophy",37,Male,White,United States,United States,United States,English,No,Full-Time,
651478d626e20ff907c00607,5ed1adc2906e0810d6ccccbf,APPROVED,2023-09-27T18:47:54.551000Z,2023-09-27T18:57:31.386000Z,2023-09-27T20:33:43.417000Z,2023-09-27T18:57:32.283656Z,577.0,CE2K9TTL,1701,English,none just my native langauge,Undergraduate degree (BA/BSc/other),No,"Art, Video Games, Music",23,Male,Black,United States,United States,United States,English,Yes,Part-Time,
651478df094d2fe145ad7e70,5d1dd6e85232a60015aa54d6,APPROVED,2023-09-27T18:48:02.699000Z,2023-09-27T18:55:23.577000Z,2023-09-27T20:33:43.554000Z,2023-09-27T18:55:24.314568Z,441.0,CE2K9TTL,1074,English,none just my native langauge,Undergraduate degree (BA/BSc/other),Yes,"Art, Philosophy, Entrepreneurship",50,Male,White,United Kingdom,United Kingdom,United Kingdom,English,No,"Not in paid work (e.g. homemaker', 'retired or disabled)",
651478f98b0018d2fcbdbe41,6010d8a55ccbc64789fcbd03,APPROVED,2023-09-27T18:48:38.023000Z,2023-09-27T18:57:06.720000Z,2023-09-27T20:33:43.704000Z,2023-09-27T18:57:07.565439Z,509.0,CE2K9TTL,2393,English,none just my native langauge,Undergraduate degree (BA/BSc/other),Yes,"Art, Science, Politics",34,Male,White,United States,United States,United States,English,No,Part-Time,
65147908f30ee4b1fa981356,5c2789fc1694480001e4c4e3,APPROVED,2023-09-27T18:49:06.390000Z,2023-09-27T18:58:40.997000Z,2023-09-27T20:33:43.837000Z,2023-09-27T19:59:01.591785Z,575.0,CE2K9TTL,4943,English,none just my native langauge,High school diploma/A-levels,No,"Art, Music, Psychology",39,Male,White,United States,United States,United States,English,No,"Not in paid work (e.g. homemaker', 'retired or disabled)",
6514790b38d722ba20c56241,63ea5b695d3f16b10c21a530,APPROVED,2023-09-27T18:49:15.811000Z,2023-09-27T19:00:28.502000Z,2023-09-27T20:33:43.970000Z,2023-09-27T19:03:19.227741Z,673.0,CE2K9TTL,1436,English,none just my native langauge,Technical/community college,No,"Art, Marketing, Music",46,Male,White,United Kingdom,United States,United States,English,No,DATA_EXPIRED,
65147b1f2263be318aca38e3,63d83a19b8acced30d2e0d32,APPROVED,2023-09-27T18:58:41.610000Z,2023-09-27T19:03:57.849000Z,2023-09-27T20:33:44.101000Z,2023-09-27T19:04:14.442006Z,317.0,CE2K9TTL,1659,English,none just my native langauge,Undergraduate degree (BA/BSc/other),No,"Art, Economics, Music",34,Male,White,United States,United States,United States,English,No,Full-Time,
65147b626f79a35667a700c6,6294cced417fa0a733ba14a4,APPROVED,2023-09-27T18:58:50.112000Z,2023-09-27T19:04:52.134000Z,2023-09-27T20:33:44.228000Z,2023-09-27T19:04:52.642254Z,363.0,CE2K9TTL,523,English,none just my native langauge,Technical/community college,No,"Art, Economics, Literature",36,Male,Other,"Venezuela, Bolivarian Republic of",United States,United States,English,Yes,DATA_EXPIRED,
65147b7fc802c9e2944e3f45,633066bca7b62da39547e84e,APPROVED,2023-09-27T18:59:15.124000Z,2023-09-27T19:10:56.910000Z,2023-09-27T20:33:44.354000Z,2023-09-27T19:10:57.382849Z,702.0,CE2K9TTL,313,English,none just my native langauge,Technical/community college,No,"Art, Literature, Music",28,Male,White,United States,United States,United States,English,No,Full-Time,
6514832244d56fdb2349fff2,5d979a7705d4d60017b154c6,APPROVED,2023-09-27T19:32:02.359000Z,2023-09-27T19:36:39.609000Z,2023-09-27T20:33:44.493000Z,2023-09-27T19:36:41.106335Z,278.0,CE2K9TTL,6475,English,none just my native langauge,Undergraduate degree (BA/BSc/other),No,"Art, Music, Video Games",33,Male,Asian,United States,United States,United States,English,No,Full-Time,
65145ba8c87ea431b5b0218b,63e6a43a357310f8a1755a58,RETURNED,2023-09-27T16:53:20.004000Z,,,,,,246,CONSENT_REVOKED,CONSENT_REVOKED,,,CONSENT_REVOKED,CONSENT_REVOKED,CONSENT_REVOKED,CONSENT_REVOKED,CONSENT_REVOKED,CONSENT_REVOKED,CONSENT_REVOKED,CONSENT_REVOKED,CONSENT_REVOKED,CONSENT_REVOKED,Not Applicable
65145bdde02a8a2dfa2a3822,576fc3462984e70001a97fc3,RETURNED,2023-09-27T16:44:34.124000Z,,,,,,1289,CONSENT_REVOKED,CONSENT_REVOKED,,,CONSENT_REVOKED,CONSENT_REVOKED,CONSENT_REVOKED,CONSENT_REVOKED,CONSENT_REVOKED,CONSENT_REVOKED,CONSENT_REVOKED,CONSENT_REVOKED,CONSENT_REVOKED,CONSENT_REVOKED,Not Applicable
65145d2349b086f94b2e64b2,6480c46e98f143d5415295e1,RETURNED,2023-09-27T16:59:39.824000Z,,,,,,250,CONSENT_REVOKED,CONSENT_REVOKED,,,CONSENT_REVOKED,CONSENT_REVOKED,CONSENT_REVOKED,CONSENT_REVOKED,CONSENT_REVOKED,CONSENT_REVOKED,CONSENT_REVOKED,CONSENT_REVOKED,CONSENT_REVOKED,CONSENT_REVOKED,Not Applicable
65145efcdc046e0d28ebe5cc,5c45d6f3169dc60001c13342,RETURNED,2023-09-27T17:07:32.649000Z,,,,,,260,CONSENT_REVOKED,CONSENT_REVOKED,,,CONSENT_REVOKED,CONSENT_REVOKED,CONSENT_REVOKED,CONSENT_REVOKED,CONSENT_REVOKED,CONSENT_REVOKED,CONSENT_REVOKED,CONSENT_REVOKED,CONSENT_REVOKED,CONSENT_REVOKED,Not Applicable
65146025dd2ff46597c2eaa0,63d153292ab8a7e4066fb52a,RETURNED,2023-09-27T17:02:39.650000Z,,,,,,861,CONSENT_REVOKED,CONSENT_REVOKED,,,CONSENT_REVOKED,CONSENT_REVOKED,CONSENT_REVOKED,CONSENT_REVOKED,CONSENT_REVOKED,CONSENT_REVOKED,CONSENT_REVOKED,CONSENT_REVOKED,CONSENT_REVOKED,CONSENT_REVOKED,Not Applicable
65146293e67551ee1a6cbc5d,5dee5b9435575a4eab1dfd73,RETURNED,2023-09-27T17:12:54.916000Z,,,,,,618,CONSENT_REVOKED,CONSENT_REVOKED,,,CONSENT_REVOKED,CONSENT_REVOKED,CONSENT_REVOKED,CONSENT_REVOKED,CONSENT_REVOKED,CONSENT_REVOKED,CONSENT_REVOKED,CONSENT_REVOKED,CONSENT_REVOKED,CONSENT_REVOKED,Not Applicable
651463038e396290fbf40c04,5c41e9263be7b70001fcf4ab,RETURNED,2023-09-27T17:24:58.134000Z,,,,,,1556,CONSENT_REVOKED,CONSENT_REVOKED,,,CONSENT_REVOKED,CONSENT_REVOKED,CONSENT_REVOKED,CONSENT_REVOKED,CONSENT_REVOKED,CONSENT_REVOKED,CONSENT_REVOKED,CONSENT_REVOKED,CONSENT_REVOKED,CONSENT_REVOKED,Not Applicable
6514639beed30f8845a2b278,6505e4cba73e9d63324e19f9,RETURNED,2023-09-27T17:17:26.277000Z,,,,,,133,CONSENT_REVOKED,CONSENT_REVOKED,,,CONSENT_REVOKED,CONSENT_REVOKED,CONSENT_REVOKED,CONSENT_REVOKED,CONSENT_REVOKED,CONSENT_REVOKED,CONSENT_REVOKED,CONSENT_REVOKED,CONSENT_REVOKED,CONSENT_REVOKED,Not Applicable
651463e272a1fc20eabe99a6,5eb29fdddac67500082c1089,RETURNED,2023-09-27T17:28:26.496000Z,,,,,,1751,CONSENT_REVOKED,CONSENT_REVOKED,,,CONSENT_REVOKED,CONSENT_REVOKED,CONSENT_REVOKED,CONSENT_REVOKED,CONSENT_REVOKED,CONSENT_REVOKED,CONSENT_REVOKED,CONSENT_REVOKED,CONSENT_REVOKED,CONSENT_REVOKED,Not Applicable
65146448e15bd3ce5145ebfb,5f7fc6916ac9d319565833c3,RETURNED,2023-09-27T17:20:17.680000Z,,,,,,108,CONSENT_REVOKED,CONSENT_REVOKED,,,CONSENT_REVOKED,CONSENT_REVOKED,CONSENT_REVOKED,CONSENT_REVOKED,CONSENT_REVOKED,CONSENT_REVOKED,CONSENT_REVOKED,CONSENT_REVOKED,CONSENT_REVOKED,CONSENT_REVOKED,Not Applicable
651464f5f1b7ffb854149293,6466249c27b5e4161f763c32,RETURNED,2023-09-27T17:33:01.710000Z,,,,,,531,CONSENT_REVOKED,CONSENT_REVOKED,,,CONSENT_REVOKED,CONSENT_REVOKED,CONSENT_REVOKED,CONSENT_REVOKED,CONSENT_REVOKED,CONSENT_REVOKED,CONSENT_REVOKED,CONSENT_REVOKED,CONSENT_REVOKED,CONSENT_REVOKED,Not Applicable
6514654264cecdda08c214ba,5f077fdf5f079b3961a02ad1,RETURNED,2023-09-27T17:35:00.072000Z,,,,,,935,CONSENT_REVOKED,CONSENT_REVOKED,,,CONSENT_REVOKED,CONSENT_REVOKED,CONSENT_REVOKED,CONSENT_REVOKED,CONSENT_REVOKED,CONSENT_REVOKED,CONSENT_REVOKED,CONSENT_REVOKED,CONSENT_REVOKED,CONSENT_REVOKED,Not Applicable
651465b84929077f7f3e9cb7,5afbf41dd1a03d0001aad64d,TIMED-OUT,2023-09-27T17:26:19.550000Z,,,,17202743.0,,694,English,none just my native langauge,,,"Art, Literature, Politics",34,Male,White,United Kingdom,United Kingdom,United Kingdom,English,DATA_EXPIRED,DATA_EXPIRED,Not Applicable
65146653bffc0e9f0b14925e,616d5c54f2953f6447f27402,RETURNED,2023-09-27T17:28:54.968000Z,,,,,,1928,CONSENT_REVOKED,CONSENT_REVOKED,,,CONSENT_REVOKED,CONSENT_REVOKED,CONSENT_REVOKED,CONSENT_REVOKED,CONSENT_REVOKED,CONSENT_REVOKED,CONSENT_REVOKED,CONSENT_REVOKED,CONSENT_REVOKED,CONSENT_REVOKED,Not Applicable
651466afefb18e7279ca1f3d,5cdc899d48d5f100195fafff,RETURNED,2023-09-27T17:30:26.494000Z,,,,,,1931,CONSENT_REVOKED,CONSENT_REVOKED,,,CONSENT_REVOKED,CONSENT_REVOKED,CONSENT_REVOKED,CONSENT_REVOKED,CONSENT_REVOKED,CONSENT_REVOKED,CONSENT_REVOKED,CONSENT_REVOKED,CONSENT_REVOKED,CONSENT_REVOKED,Not Applicable
651467c1ff5eec4a79ebe5d1,62d9be690206e1b4f007eacb,RETURNED,2023-09-27T17:44:57.120000Z,,,,,,1365,CONSENT_REVOKED,CONSENT_REVOKED,,,CONSENT_REVOKED,CONSENT_REVOKED,CONSENT_REVOKED,CONSENT_REVOKED,CONSENT_REVOKED,CONSENT_REVOKED,CONSENT_REVOKED,CONSENT_REVOKED,CONSENT_REVOKED,CONSENT_REVOKED,Not Applicable
651467fb214c2f14df795fd6,6142013d4dd8ae5ca2b4329b,RETURNED,2023-09-27T17:45:55.935000Z,,,,,,1458,CONSENT_REVOKED,CONSENT_REVOKED,,,CONSENT_REVOKED,CONSENT_REVOKED,CONSENT_REVOKED,CONSENT_REVOKED,CONSENT_REVOKED,CONSENT_REVOKED,CONSENT_REVOKED,CONSENT_REVOKED,CONSENT_REVOKED,CONSENT_REVOKED,Not Applicable
651468157a729276191b8cde,563f734bcbd4c60005dc9442,RETURNED,2023-09-27T17:46:21.154000Z,,,,,,3861,CONSENT_REVOKED,CONSENT_REVOKED,,,CONSENT_REVOKED,CONSENT_REVOKED,CONSENT_REVOKED,CONSENT_REVOKED,CONSENT_REVOKED,CONSENT_REVOKED,CONSENT_REVOKED,CONSENT_REVOKED,CONSENT_REVOKED,CONSENT_REVOKED,Not Applicable
65146898e42d37b6ecec285f,615586b009f801c3f2d4af8d,RETURNED,2023-09-27T17:48:32.482000Z,,,,,,2566,CONSENT_REVOKED,CONSENT_REVOKED,,,CONSENT_REVOKED,CONSENT_REVOKED,CONSENT_REVOKED,CONSENT_REVOKED,CONSENT_REVOKED,CONSENT_REVOKED,CONSENT_REVOKED,CONSENT_REVOKED,CONSENT_REVOKED,CONSENT_REVOKED,Not Applicable
6514695796457de0bb1060cd,65104bae6377d9f5639bbc96,RETURNED,2023-09-27T17:41:48.848000Z,,,,,,312,CONSENT_REVOKED,CONSENT_REVOKED,,,CONSENT_REVOKED,CONSENT_REVOKED,CONSENT_REVOKED,CONSENT_REVOKED,CONSENT_REVOKED,CONSENT_REVOKED,CONSENT_REVOKED,CONSENT_REVOKED,CONSENT_REVOKED,CONSENT_REVOKED,Not Applicable
651469a7c7e5f55c2b49fff7,5eb0598b718c920e386736cd,RETURNED,2023-09-27T17:43:06.717000Z,,,,,,1828,CONSENT_REVOKED,CONSENT_REVOKED,,,CONSENT_REVOKED,CONSENT_REVOKED,CONSENT_REVOKED,CONSENT_REVOKED,CONSENT_REVOKED,CONSENT_REVOKED,CONSENT_REVOKED,CONSENT_REVOKED,CONSENT_REVOKED,CONSENT_REVOKED,Not Applicable
65146a5f7028229d3d09672d,6480554bf43b15c10293e469,RETURNED,2023-09-27T17:46:14.640000Z,,,,,,719,CONSENT_REVOKED,CONSENT_REVOKED,,,CONSENT_REVOKED,CONSENT_REVOKED,CONSENT_REVOKED,CONSENT_REVOKED,CONSENT_REVOKED,CONSENT_REVOKED,CONSENT_REVOKED,CONSENT_REVOKED,CONSENT_REVOKED,CONSENT_REVOKED,Not Applicable
65146aec60de6a30b0bdbe06,63d3fc9de67e1179cdf0d080,RETURNED,2023-09-27T17:58:28.784000Z,,,,,,955,CONSENT_REVOKED,CONSENT_REVOKED,,,CONSENT_REVOKED,CONSENT_REVOKED,CONSENT_REVOKED,CONSENT_REVOKED,CONSENT_REVOKED,CONSENT_REVOKED,CONSENT_REVOKED,CONSENT_REVOKED,CONSENT_REVOKED,CONSENT_REVOKED,Not Applicable
65146b1c1e49d2ed2772f5b4,62b344e3e39755aabc5bed02,RETURNED,2023-09-27T18:00:09.238000Z,,,,,,1375,CONSENT_REVOKED,CONSENT_REVOKED,,,CONSENT_REVOKED,CONSENT_REVOKED,CONSENT_REVOKED,CONSENT_REVOKED,CONSENT_REVOKED,CONSENT_REVOKED,CONSENT_REVOKED,CONSENT_REVOKED,CONSENT_REVOKED,CONSENT_REVOKED,Not Applicable
65146b493618f4a011324a42,63d2b22da2bc79f659e4a4a7,RETURNED,2023-09-27T18:00:01.803000Z,,,,,,1021,CONSENT_REVOKED,CONSENT_REVOKED,,,CONSENT_REVOKED,CONSENT_REVOKED,CONSENT_REVOKED,CONSENT_REVOKED,CONSENT_REVOKED,CONSENT_REVOKED,CONSENT_REVOKED,CONSENT_REVOKED,CONSENT_REVOKED,CONSENT_REVOKED,Not Applicable
65146c21225893fc921671ca,5a75b131eea3d300016ddc70,RETURNED,2023-09-27T18:03:37.594000Z,,,,,,3309,CONSENT_REVOKED,CONSENT_REVOKED,,,CONSENT_REVOKED,CONSENT_REVOKED,CONSENT_REVOKED,CONSENT_REVOKED,CONSENT_REVOKED,CONSENT_REVOKED,CONSENT_REVOKED,CONSENT_REVOKED,CONSENT_REVOKED,CONSENT_REVOKED,Not Applicable
65146c768b129c42cc795fca,57843b986475d400015a8e45,RETURNED,2023-09-27T18:05:02.682000Z,,,,,,2422,CONSENT_REVOKED,CONSENT_REVOKED,,,CONSENT_REVOKED,CONSENT_REVOKED,CONSENT_REVOKED,CONSENT_REVOKED,CONSENT_REVOKED,CONSENT_REVOKED,CONSENT_REVOKED,CONSENT_REVOKED,CONSENT_REVOKED,CONSENT_REVOKED,Not Applicable
65146c81eb79d5417860afda,64736ec17f1a9b745c8fad92,RETURNED,2023-09-27T17:55:16.739000Z,,,,,,277,CONSENT_REVOKED,CONSENT_REVOKED,,,CONSENT_REVOKED,CONSENT_REVOKED,CONSENT_REVOKED,CONSENT_REVOKED,CONSENT_REVOKED,CONSENT_REVOKED,CONSENT_REVOKED,CONSENT_REVOKED,CONSENT_REVOKED,CONSENT_REVOKED,Not Applicable
65146d000ca676ab1187ab25,5dd3301ff3b7c233e991e522,RETURNED,2023-09-27T17:57:24.934000Z,,,,,,3996,CONSENT_REVOKED,CONSENT_REVOKED,,,CONSENT_REVOKED,CONSENT_REVOKED,CONSENT_REVOKED,CONSENT_REVOKED,CONSENT_REVOKED,CONSENT_REVOKED,CONSENT_REVOKED,CONSENT_REVOKED,CONSENT_REVOKED,CONSENT_REVOKED,Not Applicable
65146d4bc93af5c9fac56257,63d7a79e2606216262545e75,RETURNED,2023-09-27T18:08:35.195000Z,,,,,,858,CONSENT_REVOKED,CONSENT_REVOKED,,,CONSENT_REVOKED,CONSENT_REVOKED,CONSENT_REVOKED,CONSENT_REVOKED,CONSENT_REVOKED,CONSENT_REVOKED,CONSENT_REVOKED,CONSENT_REVOKED,CONSENT_REVOKED,CONSENT_REVOKED,Not Applicable
65146e437e12f30d06b26612,6509ab7c00e2f74c635600c5,RETURNED,2023-09-27T18:03:00.363000Z,,,,,,295,CONSENT_REVOKED,CONSENT_REVOKED,,,CONSENT_REVOKED,CONSENT_REVOKED,CONSENT_REVOKED,CONSENT_REVOKED,CONSENT_REVOKED,CONSENT_REVOKED,CONSENT_REVOKED,CONSENT_REVOKED,CONSENT_REVOKED,CONSENT_REVOKED,Not Applicable
65146e900179fdc794a700a0,6022d52a41138f0a5a73d330,RETURNED,2023-09-27T18:15:00.065000Z,,,,,,648,CONSENT_REVOKED,CONSENT_REVOKED,,,CONSENT_REVOKED,CONSENT_REVOKED,CONSENT_REVOKED,CONSENT_REVOKED,CONSENT_REVOKED,CONSENT_REVOKED,CONSENT_REVOKED,CONSENT_REVOKED,CONSENT_REVOKED,CONSENT_REVOKED,Not Applicable
65146fbaf9cd04456f13b26e,64012d43d30e0fdefe7ad5d2,RETURNED,2023-09-27T18:09:12.485000Z,,,,,,747,CONSENT_REVOKED,CONSENT_REVOKED,,,CONSENT_REVOKED,CONSENT_REVOKED,CONSENT_REVOKED,CONSENT_REVOKED,CONSENT_REVOKED,CONSENT_REVOKED,CONSENT_REVOKED,CONSENT_REVOKED,CONSENT_REVOKED,CONSENT_REVOKED,Not Applicable
65146fff969d6d0712ad7ea9,5ee04a3f7dfcae39390e6553,RETURNED,2023-09-27T18:10:11.955000Z,,,,,,4001,CONSENT_REVOKED,CONSENT_REVOKED,,,CONSENT_REVOKED,CONSENT_REVOKED,CONSENT_REVOKED,CONSENT_REVOKED,CONSENT_REVOKED,CONSENT_REVOKED,CONSENT_REVOKED,CONSENT_REVOKED,CONSENT_REVOKED,CONSENT_REVOKED,Not Applicable
651470051b366153a8981373,628e4f0118e498792b2ee35e,RETURNED,2023-09-27T18:10:17.313000Z,,,,,,4297,CONSENT_REVOKED,CONSENT_REVOKED,,,CONSENT_REVOKED,CONSENT_REVOKED,CONSENT_REVOKED,CONSENT_REVOKED,CONSENT_REVOKED,CONSENT_REVOKED,CONSENT_REVOKED,CONSENT_REVOKED,CONSENT_REVOKED,CONSENT_REVOKED,Not Applicable
651470f1320a445a85ca100b,63cf80c4d375aee306c35b26,RETURNED,2023-09-27T18:14:17.847000Z,,,,,,579,CONSENT_REVOKED,CONSENT_REVOKED,,,CONSENT_REVOKED,CONSENT_REVOKED,CONSENT_REVOKED,CONSENT_REVOKED,CONSENT_REVOKED,CONSENT_REVOKED,CONSENT_REVOKED,CONSENT_REVOKED,CONSENT_REVOKED,CONSENT_REVOKED,Not Applicable
6514719fde4bbb3d7dfdbab2,5aeabf2c15a9c300011acbc3,RETURNED,2023-09-27T18:27:03.991000Z,,,,,,779,CONSENT_REVOKED,CONSENT_REVOKED,,,CONSENT_REVOKED,CONSENT_REVOKED,CONSENT_REVOKED,CONSENT_REVOKED,CONSENT_REVOKED,CONSENT_REVOKED,CONSENT_REVOKED,CONSENT_REVOKED,CONSENT_REVOKED,CONSENT_REVOKED,Not Applicable
6514731e442abe20eb9a6fac,63e5698a2a9d6ee125324a0f,RETURNED,2023-09-27T18:33:26.049000Z,,,,,,1224,CONSENT_REVOKED,CONSENT_REVOKED,,,CONSENT_REVOKED,CONSENT_REVOKED,CONSENT_REVOKED,CONSENT_REVOKED,CONSENT_REVOKED,CONSENT_REVOKED,CONSENT_REVOKED,CONSENT_REVOKED,CONSENT_REVOKED,CONSENT_REVOKED,Not Applicable
65147389d4e6083bf3a783e3,5a1dcd14f2e3460001edcabf,RETURNED,2023-09-27T18:25:15.470000Z,,,,,,2762,CONSENT_REVOKED,CONSENT_REVOKED,,,CONSENT_REVOKED,CONSENT_REVOKED,CONSENT_REVOKED,CONSENT_REVOKED,CONSENT_REVOKED,CONSENT_REVOKED,CONSENT_REVOKED,CONSENT_REVOKED,CONSENT_REVOKED,CONSENT_REVOKED,Not Applicable
651473e2e8f6b670d09075d0,5d54ee179b7c4e0001887b06,RETURNED,2023-09-27T18:26:51.232000Z,,,,,,70,CONSENT_REVOKED,CONSENT_REVOKED,,,CONSENT_REVOKED,CONSENT_REVOKED,CONSENT_REVOKED,CONSENT_REVOKED,CONSENT_REVOKED,CONSENT_REVOKED,CONSENT_REVOKED,CONSENT_REVOKED,CONSENT_REVOKED,CONSENT_REVOKED,Not Applicable
651474040db16282caec2814,5fb865ade47b465ad43580d9,RETURNED,2023-09-27T18:37:16.934000Z,,,,,,2410,CONSENT_REVOKED,CONSENT_REVOKED,,,CONSENT_REVOKED,CONSENT_REVOKED,CONSENT_REVOKED,CONSENT_REVOKED,CONSENT_REVOKED,CONSENT_REVOKED,CONSENT_REVOKED,CONSENT_REVOKED,CONSENT_REVOKED,CONSENT_REVOKED,Not Applicable
6514751ddad8133d634e3f31,64789de1dfefcdfa1cc12542,RETURNED,2023-09-27T18:32:13.367000Z,,,,,,976,CONSENT_REVOKED,CONSENT_REVOKED,,,CONSENT_REVOKED,CONSENT_REVOKED,CONSENT_REVOKED,CONSENT_REVOKED,CONSENT_REVOKED,CONSENT_REVOKED,CONSENT_REVOKED,CONSENT_REVOKED,CONSENT_REVOKED,CONSENT_REVOKED,Not Applicable
651475695d0d98e95d72f579,64d52f6f30852f26223d1e84,RETURNED,2023-09-27T18:33:17.993000Z,,,,,,1174,CONSENT_REVOKED,CONSENT_REVOKED,,,CONSENT_REVOKED,CONSENT_REVOKED,CONSENT_REVOKED,CONSENT_REVOKED,CONSENT_REVOKED,CONSENT_REVOKED,CONSENT_REVOKED,CONSENT_REVOKED,CONSENT_REVOKED,CONSENT_REVOKED,Not Applicable
6514759d5d0d98e95d72f57e,5e89533c4d3d675e800bfc7c,RETURNED,2023-09-27T18:44:05.761000Z,,,,,,4647,CONSENT_REVOKED,CONSENT_REVOKED,,,CONSENT_REVOKED,CONSENT_REVOKED,CONSENT_REVOKED,CONSENT_REVOKED,CONSENT_REVOKED,CONSENT_REVOKED,CONSENT_REVOKED,CONSENT_REVOKED,CONSENT_REVOKED,CONSENT_REVOKED,Not Applicable
651475a9a0af9b68950855b4,5ffe235ea848b74a3b3ccd07,RETURNED,2023-09-27T18:44:17.656000Z,,,,,,5116,CONSENT_REVOKED,CONSENT_REVOKED,,,CONSENT_REVOKED,CONSENT_REVOKED,CONSENT_REVOKED,CONSENT_REVOKED,CONSENT_REVOKED,CONSENT_REVOKED,CONSENT_REVOKED,CONSENT_REVOKED,CONSENT_REVOKED,CONSENT_REVOKED,Not Applicable
651475e0d311bb73711671ef,5c3c1617f5ebd500018596cb,RETURNED,2023-09-27T18:35:17.602000Z,,,,,,3374,CONSENT_REVOKED,CONSENT_REVOKED,,,CONSENT_REVOKED,CONSENT_REVOKED,CONSENT_REVOKED,CONSENT_REVOKED,CONSENT_REVOKED,CONSENT_REVOKED,CONSENT_REVOKED,CONSENT_REVOKED,CONSENT_REVOKED,CONSENT_REVOKED,Not Applicable
6514766768fbb0770d0966fd,64542858c348ef24892679d6,RETURNED,2023-09-27T18:47:27.768000Z,,,,,,2278,CONSENT_REVOKED,CONSENT_REVOKED,,,CONSENT_REVOKED,CONSENT_REVOKED,CONSENT_REVOKED,CONSENT_REVOKED,CONSENT_REVOKED,CONSENT_REVOKED,CONSENT_REVOKED,CONSENT_REVOKED,CONSENT_REVOKED,CONSENT_REVOKED,Not Applicable
6514766af47d7e6a8c87aae2,60b7e7baba058877d5c4887e,TIMED-OUT,2023-09-27T18:37:34.106000Z,,,,17198472.0,,949,English,none just my native langauge,,,"Art, Health & Fitness, Sports",46,Male,White,United Kingdom,United Kingdom,United Kingdom,English,No,Full-Time,Not Applicable
651476c856e75e04bb9075ce,6501bac0cc7a7f70b957d1c3,RETURNED,2023-09-27T18:39:10.145000Z,,,,,,66,CONSENT_REVOKED,CONSENT_REVOKED,,,CONSENT_REVOKED,CONSENT_REVOKED,CONSENT_REVOKED,CONSENT_REVOKED,CONSENT_REVOKED,CONSENT_REVOKED,CONSENT_REVOKED,CONSENT_REVOKED,CONSENT_REVOKED,CONSENT_REVOKED,Not Applicable
651476e91f0a972c1d011c6e,65011d82bbbb3208fd31af65,RETURNED,2023-09-27T18:49:37.496000Z,,,,,,122,CONSENT_REVOKED,CONSENT_REVOKED,,,CONSENT_REVOKED,CONSENT_REVOKED,CONSENT_REVOKED,CONSENT_REVOKED,CONSENT_REVOKED,CONSENT_REVOKED,CONSENT_REVOKED,CONSENT_REVOKED,CONSENT_REVOKED,CONSENT_REVOKED,Not Applicable
651476f5313c57cda4a2b274,5bf311373a5bf00001401f64,RETURNED,2023-09-27T18:39:53.895000Z,,,,,,4412,CONSENT_REVOKED,CONSENT_REVOKED,,,CONSENT_REVOKED,CONSENT_REVOKED,CONSENT_REVOKED,CONSENT_REVOKED,CONSENT_REVOKED,CONSENT_REVOKED,CONSENT_REVOKED,CONSENT_REVOKED,CONSENT_REVOKED,CONSENT_REVOKED,Not Applicable
65147758a21c46d8880376a8,5721b3054d5b26001301f651,RETURNED,2023-09-27T18:51:28.296000Z,,,,,,2168,CONSENT_REVOKED,CONSENT_REVOKED,,,CONSENT_REVOKED,CONSENT_REVOKED,CONSENT_REVOKED,CONSENT_REVOKED,CONSENT_REVOKED,CONSENT_REVOKED,CONSENT_REVOKED,CONSENT_REVOKED,CONSENT_REVOKED,CONSENT_REVOKED,Not Applicable
651477bc439f3161b8bbbc09,63cfe582f6e51cd4ca556e0f,RETURNED,2023-09-27T18:43:13.744000Z,,,,,,1237,CONSENT_REVOKED,CONSENT_REVOKED,,,CONSENT_REVOKED,CONSENT_REVOKED,CONSENT_REVOKED,CONSENT_REVOKED,CONSENT_REVOKED,CONSENT_REVOKED,CONSENT_REVOKED,CONSENT_REVOKED,CONSENT_REVOKED,CONSENT_REVOKED,Not Applicable
6514780a0ca7f29e46a38183,5cc5e72ce3c44e0015fdf990,RETURNED,2023-09-27T18:46:38.555000Z,,,,,,7156,CONSENT_REVOKED,CONSENT_REVOKED,,,CONSENT_REVOKED,CONSENT_REVOKED,CONSENT_REVOKED,CONSENT_REVOKED,CONSENT_REVOKED,CONSENT_REVOKED,CONSENT_REVOKED,CONSENT_REVOKED,CONSENT_REVOKED,CONSENT_REVOKED,Not Applicable
651478180e2513ec64b98b4f,5cf5497696cde00015bc3ce7,RETURNED,2023-09-27T18:55:00.069000Z,,,,,,518,CONSENT_REVOKED,CONSENT_REVOKED,,,CONSENT_REVOKED,CONSENT_REVOKED,CONSENT_REVOKED,CONSENT_REVOKED,CONSENT_REVOKED,CONSENT_REVOKED,CONSENT_REVOKED,CONSENT_REVOKED,CONSENT_REVOKED,CONSENT_REVOKED,Not Applicable
6514787511306b89dc464240,62f8f9a33bc7d6d2915ea840,RETURNED,2023-09-27T18:56:13.228000Z,,,,,,4595,CONSENT_REVOKED,CONSENT_REVOKED,,,CONSENT_REVOKED,CONSENT_REVOKED,CONSENT_REVOKED,CONSENT_REVOKED,CONSENT_REVOKED,CONSENT_REVOKED,CONSENT_REVOKED,CONSENT_REVOKED,CONSENT_REVOKED,CONSENT_REVOKED,Not Applicable
6514789b60f6b8589dbc07a7,5e126c25a98a7a8fab258f14,RETURNED,2023-09-27T18:56:51.732000Z,,,,,,1713,CONSENT_REVOKED,CONSENT_REVOKED,,,CONSENT_REVOKED,CONSENT_REVOKED,CONSENT_REVOKED,CONSENT_REVOKED,CONSENT_REVOKED,CONSENT_REVOKED,CONSENT_REVOKED,CONSENT_REVOKED,CONSENT_REVOKED,CONSENT_REVOKED,Not Applicable
651478a91ea1b513586ee871,5dda0d3a9255ed9824b66c7b,RETURNED,2023-09-27T18:58:00.035000Z,,,,,,6962,CONSENT_REVOKED,CONSENT_REVOKED,,,CONSENT_REVOKED,CONSENT_REVOKED,CONSENT_REVOKED,CONSENT_REVOKED,CONSENT_REVOKED,CONSENT_REVOKED,CONSENT_REVOKED,CONSENT_REVOKED,CONSENT_REVOKED,CONSENT_REVOKED,Not Applicable
651478c7d6a025d1645f5796,5e2737725b323795f4add395,RETURNED,2023-09-27T18:58:00.035000Z,,,,,,1491,CONSENT_REVOKED,CONSENT_REVOKED,,,CONSENT_REVOKED,CONSENT_REVOKED,CONSENT_REVOKED,CONSENT_REVOKED,CONSENT_REVOKED,CONSENT_REVOKED,CONSENT_REVOKED,CONSENT_REVOKED,CONSENT_REVOKED,CONSENT_REVOKED,Not Applicable
65147a9bb6d51fa37cca38fe,63e5eb956eab1f2740ac6289,RETURNED,2023-09-27T18:56:06.649000Z,,,,,,1171,CONSENT_REVOKED,CONSENT_REVOKED,,,CONSENT_REVOKED,CONSENT_REVOKED,CONSENT_REVOKED,CONSENT_REVOKED,CONSENT_REVOKED,CONSENT_REVOKED,CONSENT_REVOKED,CONSENT_REVOKED,CONSENT_REVOKED,CONSENT_REVOKED,Not Applicable
65147b7176efcf1b07aa090d,5de7d7a6603b1b73f3944f8e,RETURNED,2023-09-27T19:08:57.501000Z,,,,,,5527,CONSENT_REVOKED,CONSENT_REVOKED,,,CONSENT_REVOKED,CONSENT_REVOKED,CONSENT_REVOKED,CONSENT_REVOKED,CONSENT_REVOKED,CONSENT_REVOKED,CONSENT_REVOKED,CONSENT_REVOKED,CONSENT_REVOKED,CONSENT_REVOKED,Not Applicable
651482d2e3bac90af0aa0944,628c2454c8c66010dd87391d,RETURNED,2023-09-27T19:40:26.393000Z,,,,,,3856,CONSENT_REVOKED,CONSENT_REVOKED,,,CONSENT_REVOKED,CONSENT_REVOKED,CONSENT_REVOKED,CONSENT_REVOKED,CONSENT_REVOKED,CONSENT_REVOKED,CONSENT_REVOKED,CONSENT_REVOKED,CONSENT_REVOKED,CONSENT_REVOKED,Not Applicable
651483088a5171383bb2a0e1,614ee866eb22f6b60f499a91,RETURNED,2023-09-27T19:41:20.924000Z,,,,,,1517,CONSENT_REVOKED,CONSENT_REVOKED,,,CONSENT_REVOKED,CONSENT_REVOKED,CONSENT_REVOKED,CONSENT_REVOKED,CONSENT_REVOKED,CONSENT_REVOKED,CONSENT_REVOKED,CONSENT_REVOKED,CONSENT_REVOKED,CONSENT_REVOKED,Not Applicable
65145a7455f3db130c8ddb01,5ad0c55ad9f7470001db0e09,APPROVED,2023-09-27T16:38:15.373000Z,2023-09-27T16:43:53.029000Z,2023-09-27T20:33:31.312000Z,2023-09-27T16:43:53.702000Z,338.0,CE2K9TTL,829,"English, Spanish",native language + one other language,,,"Art, Video Games, Music",30,Male,White,United Kingdom,United Kingdom,United Kingdom,English,No,Full-Time,Not Applicable
65145c98015bb5c8bdc2284c,6506fa790becc34ecf41acf2,APPROVED,2023-09-27T16:47:24.624000Z,2023-09-27T16:54:16.622000Z,2023-09-27T20:33:31.437000Z,2023-09-27T16:54:17.330000Z,412.0,CE2K9TTL,64,English,none just my native langauge,,,"Art, Video Games, Psychology",26,Male,White,Australia,Australia,Australia,English,No,Full-Time,Not Applicable
65145d162cd8fe45b59bb384,60be1d159feabf1e66247dd0,APPROVED,2023-09-27T16:49:38.538000Z,2023-09-27T16:56:34.328000Z,2023-09-27T20:33:31.567000Z,2023-09-27T16:56:35.413000Z,416.0,CE2K9TTL,957,English,none just my native langauge,,,"Art, Travelling, Music",49,Male,White,United Kingdom,United Kingdom,United Kingdom,English,No,Full-Time,Not Applicable
65145df04e9004280a340ccb,6468dbd1c121bc8fc017addb,APPROVED,2023-09-27T16:53:08.283000Z,2023-09-27T17:04:09.625000Z,2023-09-27T20:33:31.689000Z,2023-09-27T17:04:10.478000Z,662.0,CE2K9TTL,93,"English, Spanish",native language + one other language,,,"Art, Music, Sports",26,Male,White,United States,Chile,United States,English,DATA_EXPIRED,DATA_EXPIRED,Not Applicable
65145e4ad70ecf1f13d31d4b,60bbf9e1cfcce5b0382bf9b1,APPROVED,2023-09-27T16:54:38.851000Z,2023-09-27T17:10:03.963000Z,2023-09-27T20:33:31.807000Z,2023-09-27T17:10:07.280000Z,926.0,CE2K9TTL,248,English,native language + one other language,,,"Art, Travelling, Video Games",31,Male,Black,South Africa,South Africa,South Africa,English,No,Full-Time,Not Applicable
65145ef24eb18feca5abe2bb,62a35981f07eec138b14cb6e,APPROVED,2023-09-27T16:57:30.629000Z,2023-09-27T17:02:50.776000Z,2023-09-27T20:33:31.924000Z,2023-09-27T17:02:52.630000Z,321.0,CE2K9TTL,597,English,none just my native langauge,,,"Art, Literature, Music",41,Male,White,United Kingdom,United Kingdom,United Kingdom,English,No,Full-Time,Not Applicable
65145f22ec8847443546cabb,587a1ae8127d7700018b1d0c,APPROVED,2023-09-27T16:58:18.190000Z,2023-09-27T17:04:49.839000Z,2023-09-27T20:33:32.049000Z,2023-09-27T17:04:56.612000Z,392.0,CE2K9TTL,889,English,none just my native langauge,,,"Art, Music, Mathematics",53,Male,White,United Kingdom,United Kingdom,United Kingdom,English,No,Full-Time,Not Applicable
65145f8d878bc6fcdcdca266,63f79c4cffb2e2a2ed84f060,APPROVED,2023-09-27T17:00:02.966000Z,2023-09-27T17:06:24.227000Z,2023-09-27T20:33:32.172000Z,2023-09-27T17:07:16.552000Z,382.0,CE2K9TTL,726,English,none just my native langauge,,,"Art, Philosophy, Psychology",40,Male,White,United Kingdom,United Kingdom,United Kingdom,English,No,Other,Not Applicable
65145fc3033bcc052f4d4329,6062d9a64a615c167600319f,APPROVED,2023-09-27T17:00:57.417000Z,2023-09-27T17:07:24.088000Z,2023-09-27T20:33:32.288000Z,2023-09-27T17:07:40.165000Z,387.0,CE2K9TTL,596,English,none just my native langauge,,,"Art, Music, Travelling",32,Male,White,United Kingdom,United Kingdom,United Kingdom,English,No,Full-Time,Not Applicable
65145fea79d352ca319db89a,63d40bc79a1c6f835ab0d37b,APPROVED,2023-09-27T17:01:34.771000Z,2023-09-27T17:06:23.667000Z,2023-09-27T20:33:32.436000Z,2023-09-27T17:07:00.343000Z,289.0,CE2K9TTL,64,"English, Spanish",native language + one other language,,,"Science, Music, Art",21,Male,Asian,United Kingdom,United Kingdom,United Kingdom,English,DATA_EXPIRED,DATA_EXPIRED,Not Applicable
65146012ad483993c6e6f680,64909aa15f0abc6949742883,APPROVED,2023-09-27T17:02:16.967000Z,2023-09-27T17:10:38.860000Z,2023-09-27T20:33:32.577000Z,2023-09-27T17:10:39.606000Z,502.0,CE2K9TTL,79,English,none just my native langauge,,,"Art, Entrepreneurship, Health & Fitness",31,Male,White,New Zealand,New Zealand,New Zealand,English,DATA_EXPIRED,DATA_EXPIRED,Not Applicable
6514604bc367929e64224e4a,6060b63e4ccfcf7b44479d8b,APPROVED,2023-09-27T17:03:19.086000Z,2023-09-27T17:11:18.923000Z,2023-09-27T20:33:32.706000Z,2023-09-27T17:11:19.743000Z,480.0,CE2K9TTL,417,"Afrikaans, English",native language + one other language,,,"Art, Music, Video Games",22,Male,Mixed,South Africa,South Africa,South Africa,English,Yes,Unemployed (and job seeking),Not Applicable
651460a71a73a14163bc07bd,60edb74fd424c5f14c308d0b,APPROVED,2023-09-27T17:04:43.146000Z,2023-09-27T17:14:32.713000Z,2023-09-27T20:33:32.839000Z,2023-09-27T17:14:33.714000Z,590.0,CE2K9TTL,318,English,none just my native langauge,,,"Art, Literature, Psychology",60,Male,White,United Kingdom,United Kingdom,United Kingdom,English,DATA_EXPIRED,DATA_EXPIRED,Not Applicable
6514612fa92b24e964c005c8,646eb15ee5446a66e5e5fbd3,APPROVED,2023-09-27T17:07:01.569000Z,2023-09-27T17:16:53.369000Z,2023-09-27T20:33:32.962000Z,2023-09-27T17:16:55.727000Z,592.0,CE2K9TTL,407,English,none just my native langauge,,,"Art, Video Games, Science",41,Male,White,Australia,Australia,Australia,English,No,Other,Not Applicable
6514618de67551ee1a6cbc37,5fea2970cbe0699d90756fd7,APPROVED,2023-09-27T17:08:32.390000Z,2023-09-27T17:14:21.990000Z,2023-09-27T20:33:33.076000Z,2023-09-27T17:14:23.255000Z,350.0,CE2K9TTL,616,English,native language + one other language,,,"Literature, Travelling, Art",42,Male,White,United Kingdom,United Kingdom,United Kingdom,English,No,Full-Time,Not Applicable
651461c810b2c6c8114edebc,645e63fdc26c23223753f3cb,APPROVED,2023-09-27T17:09:38.288000Z,2023-09-27T17:17:39.056000Z,2023-09-27T20:33:33.196000Z,2023-09-27T17:17:39.831000Z,481.0,CE2K9TTL,538,English,none just my native langauge,,,"Music, Politics, Art",54,Male,White,United Kingdom,United Kingdom,United Kingdom,English,No,DATA_EXPIRED,Not Applicable
6514625ea4cb6e1aaecec105,5e283f576dbb560114ac7714,APPROVED,2023-09-27T17:12:11.517000Z,2023-09-27T17:20:48.562000Z,2023-09-27T20:33:33.341000Z,2023-09-27T17:21:13.762000Z,518.0,CE2K9TTL,1523,English,native language + one other language,,,"Mathematics, Video Games, Art",44,Male,White,United Kingdom,United Kingdom,Ireland,English,No,Full-Time,Not Applicable
65146278af237cbe279a6fd3,5f647c4fe156e620d39f38b0,APPROVED,2023-09-27T17:12:34.434000Z,2023-09-27T17:18:39.674000Z,2023-09-27T20:33:33.516000Z,2023-09-27T17:18:40.534000Z,366.0,CE2K9TTL,243,English,none just my native langauge,,,"Health & Fitness, Literature, Art",27,Male,White,United Kingdom,United Kingdom,United Kingdom,English,No,DATA_EXPIRED,Not Applicable
6514630ea0e10a18c6944e7b,5f4d4f3a2059689f1a2c33db,APPROVED,2023-09-27T17:18:48.906000Z,2023-09-27T17:22:51.720000Z,2023-09-27T20:33:33.633000Z,2023-09-27T17:24:58.278000Z,243.0,CE2K9TTL,795,"English, French, Portuguese, Spanish",native language + two other languages,,,"Art, Music, Health & Fitness",26,Male,White,United Kingdom,United Kingdom,United Kingdom,English,Yes,Part-Time,Not Applicable
651463424b02cedaa40f9875,611f8186d06a9e1844f3e012,APPROVED,2023-09-27T17:22:58.331000Z,2023-09-27T17:29:41.204000Z,2023-09-27T20:33:33.755000Z,2023-09-27T17:29:41.956000Z,403.0,CE2K9TTL,1516,English,none just my native langauge,,,"Video Games, Art, Health & Fitness",54,Male,White,United Kingdom,United Kingdom,United Kingdom,English,No,Part-Time,Not Applicable
651463b1b5cfee6c1d1f272d,5c2f6d25e38ccd0001caab19,APPROVED,2023-09-27T17:17:46.738000Z,2023-09-27T17:24:53.399000Z,2023-09-27T20:33:33.881000Z,2023-09-27T17:25:35.987000Z,427.0,CE2K9TTL,1784,English,none just my native langauge,,,"Art, Science, Music",46,Male,White,United Kingdom,United Kingdom,United Kingdom,English,DATA_EXPIRED,DATA_EXPIRED,Not Applicable
651463ce4f3c3197ece2ce07,600f46f6c513db11698a960d,APPROVED,2023-09-27T17:23:21.103000Z,2023-09-27T17:30:08.698000Z,2023-09-27T20:33:33.999000Z,2023-09-27T17:30:09.644000Z,408.0,CE2K9TTL,1597,English,none just my native langauge,,,"Video Games, Art, Travelling",44,Male,White,United States,United Kingdom,United Kingdom,English,Yes,Full-Time,Not Applicable
651463ed1ebdb4d3bd5f19d5,5ea180ae34f3aa0319313965,APPROVED,2023-09-27T17:26:06.453000Z,2023-09-27T17:32:30.147000Z,2023-09-27T20:33:34.118000Z,2023-09-27T17:32:31.093000Z,384.0,CE2K9TTL,1464,English,none just my native langauge,,,"Art, Health & Fitness, Science",37,Male,White,United Kingdom,United Kingdom,United Kingdom,English,DATA_EXPIRED,DATA_EXPIRED,Not Applicable
651463f3c9f17c37f4dec667,62b5fea64b239d91783414ff,APPROVED,2023-09-27T17:18:46.882000Z,2023-09-27T17:37:44.563000Z,2023-09-27T20:33:34.240000Z,2023-09-27T17:37:45.398000Z,1138.0,CE2K9TTL,1030,English,none just my native langauge,,,"Art, Music, Video Games",28,Male,Black,United Kingdom,United Kingdom,United Kingdom,English,DATA_EXPIRED,DATA_EXPIRED,Not Applicable
651464fb8079011068176e21,6081927660b125bdbfdf4fc9,APPROVED,2023-09-27T17:23:13.840000Z,2023-09-27T17:37:09.667000Z,2023-09-27T20:33:34.359000Z,2023-09-27T17:37:11.135000Z,836.0,CE2K9TTL,1046,"English, Urdu",native language + one other language,,,"Health & Fitness, Entrepreneurship, Art",49,Male,Asian,United Kingdom,United Kingdom,United Kingdom,English,No,Full-Time,Not Applicable
651465bc2c69dcb534fdbac7,5fdf213eeae543727a6624e3,APPROVED,2023-09-27T17:26:26.493000Z,2023-09-27T17:35:20.553000Z,2023-09-27T20:33:34.476000Z,2023-09-27T17:35:21.295000Z,535.0,CE2K9TTL,1090,English,none just my native langauge,,,"Art, Video Games, Music",33,Male,Mixed,United States,United States,United States,English,No,Part-Time,Not Applicable
651465ccfff875326aa38162,5fabf588f711fa0c6b0aebf6,APPROVED,2023-09-27T17:26:43.148000Z,2023-09-27T17:54:30.390000Z,2023-09-27T20:33:34.587000Z,2023-09-27T17:54:38.803000Z,1668.0,CE2K9TTL,1759,English,none just my native langauge,,,"Art, Marketing, Sports",76,Male,White,United Kingdom,United Kingdom,United Kingdom,English,No,"Not in paid work (e.g. homemaker', 'retired or disabled)",Not Applicable
651465d42289f6b3d303769b,6384e0fca81ec0f7e76d5227,APPROVED,2023-09-27T17:26:46.513000Z,2023-09-27T17:34:19.402000Z,2023-09-27T20:33:34.707000Z,2023-09-27T17:34:20.213000Z,453.0,CE2K9TTL,680,English,none just my native langauge,,,"Music, Sports, Art",37,Male,White,United Kingdom,United Kingdom,United Kingdom,English,DATA_EXPIRED,DATA_EXPIRED,Not Applicable
65146627fdc1a7fbf0ce5ebb,5c46014e8ea58000016e3d9c,APPROVED,2023-09-27T17:28:21.190000Z,2023-09-27T17:42:20.007000Z,2023-09-27T20:33:34.835000Z,2023-09-27T17:42:21.492000Z,839.0,CE2K9TTL,1199,English,none just my native langauge,,,"Video Games, Art",40,Male,White,United Kingdom,United Kingdom,United Kingdom,English,No,"Not in paid work (e.g. homemaker', 'retired or disabled)",Not Applicable
651466863281c38b64237eeb,62fb99ba42c48ba113e1e799,APPROVED,2023-09-27T17:29:56.176000Z,2023-09-27T17:35:32.226000Z,2023-09-27T20:33:34.958000Z,2023-09-27T17:35:34.939000Z,337.0,CE2K9TTL,1079,English,none just my native langauge,,,"Art, Literature, Music",54,Male,White,United Kingdom,United Kingdom,United Kingdom,English,No,Full-Time,Not Applicable
651466e634e8dc1fcdba6014,64125a2a86177f9e395541f1,APPROVED,2023-09-27T17:31:23.484000Z,2023-09-27T17:36:00.236000Z,2023-09-27T20:33:35.075000Z,2023-09-27T17:36:01.236000Z,277.0,CE2K9TTL,649,English,none just my native langauge,,,"Music, Sports, Art",34,Male,White,United Kingdom,United Kingdom,United Kingdom,English,No,Full-Time,Not Applicable
651466f4a4bf7a9da5a2b2ad,60f5bcd053d1311b9fdb5b7a,APPROVED,2023-09-27T17:31:36.103000Z,2023-09-27T17:35:13.814000Z,2023-09-27T20:33:35.212000Z,2023-09-27T17:35:14.590000Z,218.0,CE2K9TTL,581,English,none just my native langauge,,,"Art, Literature, Politics",38,Male,White,Canada,Canada,Canada,English,No,Full-Time,Not Applicable
65146715a35dcbc3d986e1bd,5be3237a3193e90001798302,APPROVED,2023-09-27T17:32:09.654000Z,2023-09-27T17:36:58.178000Z,2023-09-27T20:33:35.330000Z,2023-09-27T17:37:01.959000Z,289.0,CE2K9TTL,3792,English,none just my native langauge,,,"Sports, Art, Music",42,Male,White,United States,United States,United States,English,No,Full-Time,Not Applicable
651467a59f4bc389e16ee86f,63ea58a3ca6220457fced3c7,APPROVED,2023-09-27T17:34:33.848000Z,2023-09-27T18:08:30.429000Z,2023-09-27T20:33:35.470000Z,2023-09-27T18:08:33.483000Z,2037.0,CE2K9TTL,821,English,none just my native langauge,,,"Science, Art, Music",28,Male,Black,DATA_EXPIRED,United Kingdom,United Kingdom,English,DATA_EXPIRED,DATA_EXPIRED,Not Applicable
651467cbb1559914340d69b3,59bb9e3a178f1b0001828b12,APPROVED,2023-09-27T17:35:10.151000Z,2023-09-27T17:48:34.888000Z,2023-09-27T20:33:35.597000Z,2023-09-27T17:48:35.618000Z,805.0,CE2K9TTL,2575,English,none just my native langauge,,,"Science, Literature, Art",80,Male,White,United Kingdom,United Kingdom,United Kingdom,English,No,"Not in paid work (e.g. homemaker', 'retired or disabled)",Not Applicable
651467d0d4460c7dd46b5170,5ecf9b46617a9b3dd56b3fe3,APPROVED,2023-09-27T17:35:16.729000Z,2023-09-27T17:41:00.483000Z,2023-09-27T20:33:35.720000Z,2023-09-27T17:41:06.655000Z,344.0,CE2K9TTL,1826,English,none just my native langauge,,,"Art, Literature, Sports",78,Male,White,United Kingdom,United Kingdom,United Kingdom,English,No,Part-Time,Not Applicable
651467d28c799e7a208d77ba,5cf8cc7e95c070001721db8d,APPROVED,2023-09-27T17:35:24.309000Z,2023-09-27T17:41:50.032000Z,2023-09-27T20:33:35.840000Z,2023-09-27T17:41:52.598000Z,386.0,CE2K9TTL,1398,English,none just my native langauge,,,"Art, Travelling, Psychology",37,Male,White,United Kingdom,United Kingdom,United Kingdom,English,Yes,Full-Time,Not Applicable
651468012da156b4ee13b273,63eaace3d44d695631f32db0,APPROVED,2023-09-27T17:36:01.267000Z,2023-09-27T18:07:16.436000Z,2023-09-27T20:33:35.963000Z,2023-09-27T18:07:22.962000Z,1876.0,CE2K9TTL,677,English,none just my native langauge,,,"Art, Music, Sports",30,Male,Black,Nigeria,United Kingdom,United Kingdom,English,DATA_EXPIRED,DATA_EXPIRED,Not Applicable
65146818111c6edd480d04ab,63616110a960512f99f95814,APPROVED,2023-09-27T17:36:27.746000Z,2023-09-27T17:43:37.059000Z,2023-09-27T20:33:36.097000Z,2023-09-27T17:43:47.042000Z,430.0,CE2K9TTL,1351,English,native language + one other language,,,"Music, Art, Psychology",25,Male,Mixed,United States,United States,United States,English,No,DATA_EXPIRED,Not Applicable
651468a7492a06b2fa176e10,5c2ebf3e626018000134986f,APPROVED,2023-09-27T17:38:51.025000Z,2023-09-27T17:46:46.808000Z,2023-09-27T20:33:36.225000Z,2023-09-27T17:46:47.652000Z,476.0,CE2K9TTL,1446,English,none just my native langauge,,,Art,42,Male,White,United Kingdom,United Kingdom,United Kingdom,English,No,Part-Time,Not Applicable
651468b0f3663886cbc54bc6,609d1ddf6aa3ba55f1bf4267,APPROVED,2023-09-27T17:39:14.716000Z,2023-09-27T18:17:40.234000Z,2023-09-27T20:33:36.405000Z,2023-09-27T18:17:41.032000Z,2306.0,CE2K9TTL,1923,English,none just my native langauge,,,"Art, Music, Video Games",46,Male,White,United Kingdom,United Kingdom,United Kingdom,English,No,Full-Time,Not Applicable
651469b79b5d1e06cdfdbaaf,63d13b77942cfa041b4e7e78,APPROVED,2023-09-27T17:43:23.963000Z,2023-09-27T17:58:33.371000Z,2023-09-27T20:33:36.537000Z,2023-09-27T17:58:34.313000Z,910.0,CE2K9TTL,856,English,none just my native langauge,,,"Video Games, Art, Science",44,Male,White,United States,United States,United States,English,DATA_EXPIRED,DATA_EXPIRED,Not Applicable
65146a0bfb7e25c2d6cacab5,63ed50df25d0ea08696b393f,APPROVED,2023-09-27T17:45:02.354000Z,2023-09-27T17:51:22.205000Z,2023-09-27T20:33:36.666000Z,2023-09-27T17:51:23.032000Z,380.0,CE2K9TTL,1026,English,none just my native langauge,,,"Art, Music, Travelling",49,Male,Mixed,United Kingdom,United Kingdom,United Kingdom,English,No,Full-Time,Not Applicable
65146a383618f4a011324a03,614fddfbf609da368336288b,APPROVED,2023-09-27T17:45:32.987000Z,2023-09-27T17:55:58.024000Z,2023-09-27T20:33:36.799000Z,2023-09-27T17:56:17.633000Z,626.0,CE2K9TTL,743,English,none just my native langauge,,,"Art, Music, Sociology",31,Male,White,United States,United States,United States,English,DATA_EXPIRED,DATA_EXPIRED,Not Applicable
65146a89cf3a90900660af8a,5f5b4aa99a3ef626581a1473,APPROVED,2023-09-27T17:46:57.046000Z,2023-09-27T17:50:55.124000Z,2023-09-27T20:33:36.925000Z,2023-09-27T17:50:55.940000Z,239.0,CE2K9TTL,325,English,none just my native langauge,,,"Art, Psychology, Video Games",25,Male,White,United Kingdom,United Kingdom,United Kingdom,English,No,Due to start a new job within the next month,Not Applicable
65146af079b76ced4c4edecf,615d8a94a76a15626da937c5,APPROVED,2023-09-27T17:48:35.986000Z,2023-09-27T17:58:58.846000Z,2023-09-27T20:33:37.040000Z,2023-09-27T17:58:59.707000Z,623.0,CE2K9TTL,1458,English,none just my native langauge,,,"Art, Music, Video Games",25,Male,White,United Kingdom,United Kingdom,United Kingdom,English,No,Full-Time,Not Applicable
65146b01d06e2a5885f40be5,650877966bed037b3c46c39b,APPROVED,2023-09-27T17:48:51.669000Z,2023-09-27T17:55:53.051000Z,2023-09-27T20:33:37.162000Z,2023-09-27T17:55:55.973000Z,422.0,CE2K9TTL,113,English,none just my native langauge,,,"Art, Music, Video Games",22,Male,White,United Kingdom,United Kingdom,United Kingdom,English,Yes,DATA_EXPIRED,Not Applicable
65146b0abcd65d1d4ec00602,63cfee94707bca4ddee3eb05,APPROVED,2023-09-27T17:49:01.015000Z,2023-09-27T17:54:57.830000Z,2023-09-27T20:33:37.282000Z,2023-09-27T17:54:58.520000Z,357.0,CE2K9TTL,1206,English,native language + one other language,,,"Art, Economics, Sports",44,Male,Asian,Hong Kong,United Kingdom,United Kingdom,English,No,DATA_EXPIRED,Not Applicable
65146b6c0d6efcfa951b8ce6,6346cd7b7d85c596d543e0ed,APPROVED,2023-09-27T17:50:40.090000Z,2023-09-27T17:58:35.685000Z,2023-09-27T20:33:37.399000Z,2023-09-27T17:58:36.464000Z,476.0,CE2K9TTL,692,English,none just my native langauge,,,"Art, Health & Fitness, Travelling",33,Male,White,United Kingdom,United Kingdom,United Kingdom,English,DATA_EXPIRED,DATA_EXPIRED,Not Applicable
65146be9fc983740f6eca860,6361bfe81e0da4a406b33f1e,APPROVED,2023-09-27T17:52:46.226000Z,2023-09-27T18:00:14.860000Z,2023-09-27T20:33:37.517000Z,2023-09-27T18:01:03.983000Z,449.0,CE2K9TTL,1037,English,none just my native langauge,,,"Art, Sports, Video Games",31,Male,White,United Kingdom,United Kingdom,United Kingdom,English,No,"Not in paid work (e.g. homemaker', 'retired or disabled)",Not Applicable
65146cee73eac1b4d1464249,5ded4666be656d3f8c93ba42,APPROVED,2023-09-27T18:00:29.695000Z,2023-09-27T18:08:13.272000Z,2023-09-27T20:33:37.640000Z,2023-09-27T18:08:14.100000Z,464.0,CE2K9TTL,999,English,none just my native langauge,,,"Art, Sports, Video Games",26,Male,White,United Kingdom,United Kingdom,United Kingdom,English,No,Full-Time,Not Applicable
65146e2b01bac7804c98137c,650624fe967e3e2546ffc90a,APPROVED,2023-09-27T18:02:37.187000Z,2023-09-27T18:08:35.628000Z,2023-09-27T20:33:37.785000Z,2023-09-27T18:08:41.495000Z,359.0,CE2K9TTL,98,English,none just my native langauge,,,"Art, Video Games, Literature",28,Male,White,Canada,Canada,Canada,English,No,Unemployed (and job seeking),Not Applicable
65146e89e35cd53a35ec281c,5f3ec93efbd299158253f283,APPROVED,2023-09-27T18:03:56.384000Z,2023-09-27T18:13:43.661000Z,2023-09-27T20:33:37.923000Z,2023-09-27T18:13:47.955000Z,588.0,CE2K9TTL,2397,English,none just my native langauge,,,"Travelling, Music, Art",52,Male,White,United Kingdom,United Kingdom,United Kingdom,English,No,Full-Time,Not Applicable
65146f3f075e81cdf51db37c,5ef78f819d93424af2af742b,APPROVED,2023-09-27T18:07:00.302000Z,2023-09-27T18:12:11.633000Z,2023-09-27T20:33:38.043000Z,2023-09-27T18:12:14.995000Z,312.0,CE2K9TTL,3670,English,none just my native langauge,,,"Literature, Video Games, Art",42,Male,White,United States,United States,United States,English,No,Full-Time,Not Applicable
65146f71e5c8656ae3fdbac9,631610af8e747093cd90e00d,APPROVED,2023-09-27T18:07:50.921000Z,2023-09-27T18:14:34.268000Z,2023-09-27T20:33:38.172000Z,2023-09-27T18:14:35.039000Z,404.0,CE2K9TTL,1479,English,none just my native langauge,,,"Art, Video Games, Music",39,Male,Mixed,United Kingdom,United Kingdom,United Kingdom,English,No,Full-Time,Not Applicable
65146fda012ee9eb350f9879,636551e106c841ca0ded046a,APPROVED,2023-09-27T18:09:48.176000Z,2023-09-27T18:15:54.664000Z,2023-09-27T20:33:38.315000Z,2023-09-27T18:15:58.560000Z,367.0,CE2K9TTL,326,English,none just my native langauge,,,"Sociology, Art, Video Games",38,Male,White,United Kingdom,United Kingdom,United Kingdom,English,No,Full-Time,Not Applicable
6514700b9e6ad11146cec0d2,633f03bb432dc8f74ab3a896,APPROVED,2023-09-27T18:10:22.861000Z,2023-09-27T18:15:37.062000Z,2023-09-27T20:33:38.449000Z,2023-09-27T18:15:37.880000Z,315.0,CE2K9TTL,2797,"Spanish, English",native language + one other language,,,"Art, Philosophy, Politics",38,Male,Other,United States,United States,United States,English,No,Full-Time,Not Applicable
6514709aadf8f8666b237edc,55a44167fdf99b12b371c88c,APPROVED,2023-09-27T18:12:46.543000Z,2023-09-27T18:19:25.247000Z,2023-09-27T20:33:38.872000Z,2023-09-27T18:19:29.605000Z,399.0,CE2K9TTL,1375,"German, English",native language + one other language,,,"Literature, Art, Music",27,Male,Black,United States,United States,United States,English,DATA_EXPIRED,DATA_EXPIRED,Not Applicable
651470baab6ddd61959d50c8,5cf1eed7a602eb0001e2e850,APPROVED,2023-09-27T18:13:20.417000Z,2023-09-27T18:17:49.264000Z,2023-09-27T20:33:38.993000Z,2023-09-27T18:17:50.159000Z,269.0,CE2K9TTL,3843,English,none just my native langauge,,,"Science, Art, Video Games",25,Male,White,United States,United States,United States,English,No,Full-Time,Not Applicable
651470e71e965021a69075bf,5e3040a2d1a553000cc9147b,APPROVED,2023-09-27T18:14:03.032000Z,2023-09-27T18:19:10.638000Z,2023-09-27T20:33:39.129000Z,2023-09-27T18:19:11.407000Z,308.0,CE2K9TTL,4110,English,none just my native langauge,,,"Video Games, Music, Art",41,Male,White,United States,United States,United States,English,No,Full-Time,Not Applicable
651471ec075baf0027f64880,6501bd8d2a46a663ccf582c3,APPROVED,2023-09-27T18:18:24.973000Z,2023-09-27T18:22:54.817000Z,2023-09-27T20:33:39.253000Z,2023-09-27T18:23:06.487000Z,270.0,CE2K9TTL,1236,English,none just my native langauge,,,"Art, Literature, Music",55,Male,White,United States,United States,United States,English,DATA_EXPIRED,DATA_EXPIRED,Not Applicable
6514729053ee81adafebbe42,5de5dba9ff87c15699804260,APPROVED,2023-09-27T18:21:24.015000Z,2023-09-27T18:28:53.738000Z,2023-09-27T20:33:39.377000Z,2023-09-27T18:28:54.780000Z,450.0,CE2K9TTL,7288,English,none just my native langauge,,,"Politics, Science, Art",67,Male,White,United States,United States,United States,English,No,"Not in paid work (e.g. homemaker', 'retired or disabled)",Not Applicable
651472e9de4462b4cd1b8cde,62b09bc02efbcc7d0dd81f3b,APPROVED,2023-09-27T18:22:37.108000Z,2023-09-27T18:29:46.878000Z,2023-09-27T20:33:39.509000Z,2023-09-27T18:29:47.785000Z,430.0,CE2K9TTL,1475,English,none just my native langauge,,,"Music, Video Games, Art",28,Male,White,United States,United States,United States,English,DATA_EXPIRED,"Not in paid work (e.g. homemaker', 'retired or disabled)",Not Applicable
65147323e70ed921f4c214b7,5fb7b7f50ffe7e37260a0b8a,APPROVED,2023-09-27T18:23:34.421000Z,2023-09-27T18:29:44.518000Z,2023-09-27T20:33:39.640000Z,2023-09-27T18:29:48.223000Z,371.0,CE2K9TTL,457,English,none just my native langauge,,,"Art, Science, Video Games",26,Male,Black,Jamaica,United States,United States,English,No,DATA_EXPIRED,Not Applicable
6514735342352dad97ba601c,60267f9883e25930ddac4e5c,APPROVED,2023-09-27T18:24:34.136000Z,2023-09-27T18:29:41.277000Z,2023-09-27T20:33:39.757000Z,2023-09-27T18:29:42.157000Z,308.0,CE2K9TTL,572,English,native language + one other language,,,"Art, Music, Science",26,Male,White,United Kingdom,United Kingdom,United Kingdom,English,DATA_EXPIRED,DATA_EXPIRED,Not Applicable
6514739e2752280b1a749357,5ba064c10d4416000157a224,APPROVED,2023-09-27T18:25:37.786000Z,2023-09-27T18:32:42.577000Z,2023-09-27T20:33:39.882000Z,2023-09-27T18:32:43.434000Z,425.0,CE2K9TTL,4444,English,none just my native langauge,,,"Music, Video Games, Art",33,Male,Black,United States,United States,United States,English,No,Other,Not Applicable
6514741426b65ecf9860afac,5dc151136bba9b0b6d979aa8,APPROVED,2023-09-27T18:27:46.569000Z,2023-09-27T18:34:28.077000Z,2023-09-27T20:33:40.007000Z,2023-09-27T18:34:29.090000Z,402.0,CE2K9TTL,2850,English,none just my native langauge,,,"Politics, Art",61,Male,White,United Kingdom,United Kingdom,United Kingdom,English,No,Full-Time,Not Applicable
65147467cedc8945d250fb1c,636155035a53907e8c192d5b,APPROVED,2023-09-27T18:28:57.986000Z,2023-09-27T18:33:55.425000Z,2023-09-27T20:33:40.134000Z,2023-09-27T18:33:56.282000Z,298.0,CE2K9TTL,3937,"English, Chinese",native language + one other language,,,"Video Games, Sociology, Art",26,Male,White,United States,United States,United States,English,No,Full-Time,Not Applicable
651474a1d9a883dc633249f6,600be42e32909325b20ab5f0,APPROVED,2023-09-27T18:29:59.022000Z,2023-09-27T18:34:22.907000Z,2023-09-27T20:33:40.256000Z,2023-09-27T18:34:23.680000Z,264.0,CE2K9TTL,2170,English,none just my native langauge,,,"Art, Travelling, Video Games",25,Male,White,United States,United States,United States,English,Yes,Full-Time,Not Applicable
651474af9f286f32b0ec2854,650c52f2123e12a203e43a10,APPROVED,2023-09-27T18:31:09.811000Z,2023-09-27T18:50:52.106000Z,2023-09-27T20:33:40.424000Z,2023-09-27T18:50:52.920000Z,1183.0,CE2K9TTL,113,English,none just my native langauge,,,"Art, Sports, Science",24,Male,Black,Nigeria,United Kingdom,United Kingdom,English,DATA_EXPIRED,DATA_EXPIRED,Not Applicable
65147558ee76d337b4224e3f,614e08e61f8e94b302758ab2,APPROVED,2023-09-27T18:33:00.814000Z,2023-09-27T18:39:01.696000Z,2023-09-27T20:33:40.557000Z,2023-09-27T18:39:02.503000Z,361.0,CE2K9TTL,414,"English, Spanish",native language + one other language,,,"Art, Literature, Science",35,Male,White,United States,United States,United States,English,DATA_EXPIRED,DATA_EXPIRED,Not Applicable
65147560a54a11e949a783e7,5eceed79840590300f53fa51,APPROVED,2023-09-27T18:34:42.544000Z,2023-09-27T18:45:40.070000Z,2023-09-27T20:33:40.679000Z,2023-09-27T18:45:40.843000Z,658.0,CE2K9TTL,6961,English,none just my native langauge,,,"Art, Entrepreneurship, Video Games",29,Male,White,United States,United States,United States,English,No,Full-Time,Not Applicable
6514759ffbd333f85ea2b27b,60ed8b58291a506de5a1bf6f,APPROVED,2023-09-27T18:34:16.245000Z,2023-09-27T18:38:29.924000Z,2023-09-27T20:33:40.826000Z,2023-09-27T18:38:30.771000Z,254.0,CE2K9TTL,3998,English,none just my native langauge,,,"Art, Health & Fitness, Video Games",36,Male,White,United States,United States,United States,English,No,Part-Time,Not Applicable
651475e31375ca2c26a700aa,65020547fea32ab6dc5a7516,APPROVED,2023-09-27T18:35:27.275000Z,2023-09-27T18:42:02.281000Z,2023-09-27T20:33:40.979000Z,2023-09-27T18:42:03.147000Z,396.0,CE2K9TTL,699,English,none just my native langauge,,,"Video Games, Psychology, Art",28,Male,White,United States,United States,United States,English,DATA_EXPIRED,DATA_EXPIRED,Not Applicable
651476314562569580b2a09a,6464d6f0b5714d57045709f9,APPROVED,2023-09-27T18:37:25.948000Z,2023-09-27T19:00:32.809000Z,2023-09-27T20:33:41.107000Z,2023-09-27T19:03:19.995000Z,1387.0,CE2K9TTL,2091,English,native language + one other language,,,Art,52,Male,Black,Ghana,United States,United States,English,Yes,Full-Time,Not Applicable
6514763168fbb0770d0966e8,6234d77291179c1badffad36,APPROVED,2023-09-27T18:39:07.604000Z,2023-09-27T18:57:09.957000Z,2023-09-27T20:33:41.230000Z,2023-09-27T18:57:11.090000Z,1083.0,CE2K9TTL,3542,English,none just my native langauge,,,"Art, Economics, Marketing",29,Male,White,United States,United States,United States,English,DATA_EXPIRED,DATA_EXPIRED,Not Applicable
651476422ac7745f13041177,6273eeabe7637501530d9733,APPROVED,2023-09-27T18:36:52.756000Z,2023-09-27T18:47:36.482000Z,2023-09-27T20:33:41.353000Z,2023-09-27T18:47:38.656000Z,644.0,CE2K9TTL,587,English,native language + one other language,,,"Art, Travelling, Video Games",28,Male,White,United Kingdom,United Kingdom,United Kingdom,English,No,Part-Time,Not Applicable
651476ae724c3bf30d50fb11,5f2f03deec679e2cf4a992e6,APPROVED,2023-09-27T18:40:18.858000Z,2023-09-27T18:49:55.247000Z,2023-09-27T20:33:41.471000Z,2023-09-27T18:49:56.373000Z,577.0,CE2K9TTL,5764,English,none just my native langauge,,,"Art, Science, Video Games",35,Male,White,United States,United States,United States,English,DATA_EXPIRED,Full-Time,Not Applicable
651476c4883d0068b1aabb3d,6460a5c4be2b393475006c79,APPROVED,2023-09-27T18:39:06.729000Z,2023-09-27T18:51:30.295000Z,2023-09-27T20:33:41.602000Z,2023-09-27T18:51:31.181000Z,744.0,CE2K9TTL,370,English,none just my native langauge,,,"Entrepreneurship, Art, Marketing",54,Male,Other,United States,United States,United States,English,No,Unemployed (and job seeking),Not Applicable
6514771ab17b99222e49ffec,57f2b5b82a1c2a0001ab0562,APPROVED,2023-09-27T18:40:31.666000Z,2023-09-27T18:52:53.290000Z,2023-09-27T20:33:41.725000Z,2023-09-27T18:52:56.894000Z,742.0,CE2K9TTL,2245,English,none just my native langauge,,,"Science, Art, Literature",38,Male,White,United States,United States,United States,English,No,Full-Time,Not Applicable
65147723cdf87e9e01927784,62d21a095ad69a4459f6d664,APPROVED,2023-09-27T18:40:39.548000Z,2023-09-27T18:50:35.023000Z,2023-09-27T20:33:41.853000Z,2023-09-27T18:50:35.780000Z,596.0,CE2K9TTL,1132,English,none just my native langauge,,,"Philosophy, Health & Fitness, Art",40,Male,White,United States,United States,United States,English,No,Full-Time,Not Applicable
6514773e00ccfea5ec1db32d,64136da866ff27f7bf98cfe0,APPROVED,2023-09-27T18:41:25.117000Z,2023-09-27T18:49:12.896000Z,2023-09-27T20:33:41.983000Z,2023-09-27T18:49:13.792000Z,468.0,CE2K9TTL,2614,English,none just my native langauge,,,"Art, Science, Video Games",35,Male,Asian,United States,United States,United States,English,DATA_EXPIRED,DATA_EXPIRED,Not Applicable
651477535084fbc0bcebbe4c,63db74b49b4a80525a557a61,APPROVED,2023-09-27T18:41:30.369000Z,2023-09-27T19:05:47.440000Z,2023-09-27T20:33:42.107000Z,2023-09-27T19:05:48.682000Z,1458.0,CE2K9TTL,2348,English,none just my native langauge,,,"Health & Fitness, Music, Art",23,Male,Black,United States,United States,United States,English,No,Full-Time,Not Applicable
65147769493a2fbe3d237e96,646d3710dea5554a4b83d2a2,APPROVED,2023-09-27T18:41:50.374000Z,2023-09-27T19:09:38.044000Z,2023-09-27T20:33:42.244000Z,2023-09-27T19:09:38.884000Z,1668.0,CE2K9TTL,2074,"English, German, French",native language + two other languages,,,"Art, Science, Health & Fitness",73,Male,White,United States,United States,United States,English,DATA_EXPIRED,DATA_EXPIRED,Not Applicable
651477bb613e9a8fa8237eb5,63d2f3294efc674f84b302d2,APPROVED,2023-09-27T18:43:11.100000Z,2023-09-27T18:51:08.736000Z,2023-09-27T20:33:42.371000Z,2023-09-27T18:51:09.767000Z,478.0,CE2K9TTL,1207,English,none just my native langauge,,,"Art, Science, Health & Fitness",26,Male,Other,United States,United States,United States,English,No,DATA_EXPIRED,Not Applicable
651477cf863c05ea16dca243,6441355901a65102aa751a95,APPROVED,2023-09-27T18:43:31.594000Z,2023-09-27T18:49:29.874000Z,2023-09-27T20:33:42.526000Z,2023-09-27T18:49:30.938000Z,359.0,CE2K9TTL,772,"English, Swedish",native language + one other language,,,"Art, Literature, Music",35,Male,White,United Kingdom,United Kingdom,United Kingdom,English,No,Full-Time,Not Applicable
651477f000e3e679fc1e724e,60a51f35a0db48f89d6f3a72,APPROVED,2023-09-27T18:45:09.828000Z,2023-09-27T18:50:54.494000Z,2023-09-27T20:33:42.669000Z,2023-09-27T18:50:57.312000Z,345.0,CE2K9TTL,4378,English,none just my native langauge,,,"Art, Psychology, Video Games",64,Male,White,United States,United States,United States,English,No,Full-Time,Not Applicable
651477fdf42ef9ada80855c5,6488e429e530a1949174c9f4,APPROVED,2023-09-27T18:44:21.553000Z,2023-09-27T18:50:21.202000Z,2023-09-27T20:33:42.857000Z,2023-09-27T18:50:21.963000Z,360.0,CE2K9TTL,2225,English,none just my native langauge,,,"Art, Music, Travelling",62,Male,Black,United States,United States,United States,English,No,Full-Time,Not Applicable
651477ff9705cbc0b1cec0f7,600c63a5dfb7171357a02440,APPROVED,2023-09-27T18:44:19.506000Z,2023-09-27T18:56:08.477000Z,2023-09-27T20:33:43.006000Z,2023-09-27T18:56:09.386000Z,709.0,CE2K9TTL,1637,English,none just my native langauge,,,"Science, Video Games, Art",26,Male,White,United States,United States,United States,English,DATA_EXPIRED,DATA_EXPIRED,Not Applicable
6514782ed6a025d1645f5781,63d6dfc970a407ead0b0d3a1,APPROVED,2023-09-27T18:45:29.921000Z,2023-09-27T18:59:53.775000Z,2023-09-27T20:33:43.141000Z,2023-09-27T19:02:44.981000Z,864.0,CE2K9TTL,3399,English,none just my native langauge,,,"Marketing, Art, Health & Fitness",29,Male,Black,United States,United States,United States,English,DATA_EXPIRED,DATA_EXPIRED,Not Applicable
651478a20e2513ec64b98b74,5f01d812e83c5732b0dd15e6,APPROVED,2023-09-27T18:47:21.434000Z,2023-09-27T18:54:01.272000Z,2023-09-27T20:33:43.290000Z,2023-09-27T18:54:02.068000Z,400.0,CE2K9TTL,797,"English, Spanish",native language + one other language,,,"Art, Entrepreneurship, Philosophy",38,Male,White,United States,United States,United States,English,No,Full-Time,Not Applicable
651478d626e20ff907c00607,5ed1adc2906e0810d6ccccbf,APPROVED,2023-09-27T18:47:54.551000Z,2023-09-27T18:57:31.386000Z,2023-09-27T20:33:43.417000Z,2023-09-27T18:57:32.680000Z,577.0,CE2K9TTL,2558,English,none just my native langauge,,,"Art, Video Games, Music",23,Male,Black,United States,United States,United States,English,No,Full-Time,Not Applicable
651478df094d2fe145ad7e70,5d1dd6e85232a60015aa54d6,APPROVED,2023-09-27T18:48:02.699000Z,2023-09-27T18:55:23.577000Z,2023-09-27T20:33:43.554000Z,2023-09-27T18:55:24.717000Z,441.0,CE2K9TTL,1252,English,none just my native langauge,,,"Art, Philosophy, Entrepreneurship",50,Male,White,United Kingdom,United Kingdom,United Kingdom,English,No,"Not in paid work (e.g. homemaker', 'retired or disabled)",Not Applicable
651478f98b0018d2fcbdbe41,6010d8a55ccbc64789fcbd03,APPROVED,2023-09-27T18:48:38.023000Z,2023-09-27T18:57:06.720000Z,2023-09-27T20:33:43.704000Z,2023-09-27T18:57:07.855000Z,509.0,CE2K9TTL,2927,English,none just my native langauge,,,"Art, Science, Politics",34,Male,White,United States,United States,United States,English,No,Part-Time,Not Applicable
65147908f30ee4b1fa981356,5c2789fc1694480001e4c4e3,APPROVED,2023-09-27T18:49:06.390000Z,2023-09-27T18:58:40.997000Z,2023-09-27T20:33:43.837000Z,2023-09-27T19:59:16.615000Z,575.0,CE2K9TTL,6377,English,none just my native langauge,,,"Art, Music, Psychology",40,Male,White,United States,United States,United States,English,No,"Not in paid work (e.g. homemaker', 'retired or disabled)",Not Applicable
6514790b38d722ba20c56241,63ea5b695d3f16b10c21a530,APPROVED,2023-09-27T18:49:15.811000Z,2023-09-27T19:00:28.502000Z,2023-09-27T20:33:43.970000Z,2023-09-27T19:03:27.300000Z,673.0,CE2K9TTL,2187,English,none just my native langauge,,,"Art, Marketing, Music",46,Male,White,United Kingdom,United States,United States,English,No,DATA_EXPIRED,Not Applicable
65147b1f2263be318aca38e3,63d83a19b8acced30d2e0d32,APPROVED,2023-09-27T18:58:41.610000Z,2023-09-27T19:03:57.849000Z,2023-09-27T20:33:44.101000Z,2023-09-27T19:04:23.218000Z,317.0,CE2K9TTL,2960,English,none just my native langauge,,,"Art, Economics, Music",35,Male,White,United States,United States,United States,English,DATA_EXPIRED,DATA_EXPIRED,Not Applicable
65147b626f79a35667a700c6,6294cced417fa0a733ba14a4,APPROVED,2023-09-27T18:58:50.112000Z,2023-09-27T19:04:52.134000Z,2023-09-27T20:33:44.228000Z,2023-09-27T19:04:52.952000Z,363.0,CE2K9TTL,1012,English,none just my native langauge,,,"Art, Economics, Literature",37,Male,Other,"Venezuela, Bolivarian Republic of",United States,United States,English,Yes,DATA_EXPIRED,Not Applicable
65147b7fc802c9e2944e3f45,633066bca7b62da39547e84e,APPROVED,2023-09-27T18:59:15.124000Z,2023-09-27T19:10:56.910000Z,2023-09-27T20:33:44.354000Z,2023-09-27T19:10:57.710000Z,702.0,CE2K9TTL,708,English,none just my native langauge,,,"Art, Literature, Music",29,Male,White,United States,United States,United States,English,DATA_EXPIRED,DATA_EXPIRED,Not Applicable
6514832244d56fdb2349fff2,5d979a7705d4d60017b154c6,APPROVED,2023-09-27T19:32:02.359000Z,2023-09-27T19:36:39.609000Z,2023-09-27T20:33:44.493000Z,2023-09-27T19:36:41.474000Z,278.0,CE2K9TTL,8034,English,none just my native langauge,,,"Video Games, Art, Music",33,Male,Asian,United States,United States,United States,English,No,Full-Time,Not Applicable
