Submission id,Participant id,Status,Started at,Completed at,Reviewed at,Archived at,Time taken,Completion code,Total approvals,Fluent languages,Bilingual,Highest education level completed,Literacy difficulties,Colourblindness,Hobbies - categories,Age,Sex,Ethnicity simplified,Country of birth,Country of residence,Nationality,Language,Student status,Employment status,Custom study tncs accepted at
6514939ad33a6b8b73e8f528,63cefcdc3f87b5a8b88eba2f,APPROVED,2023-09-27T20:43:36.980000Z,2023-09-27T20:51:38.768000Z,2023-10-02T16:46:52.257000Z,2023-09-27T20:51:39.214205Z,482.0,CE2K9TTL,80,English,none just my native langauge,Undergraduate degree (BA/BSc/other),No,"Yes, I'm colourblind","Politics, Sports, Health & Fitness",25,Male,White,United Kingdom,United Kingdom,United Kingdom,English,No,DATA_EXPIRED,
651494ac415b0cb1cda783df,63e51c2e943e72306dfa8cdc,APPROVED,2023-09-27T20:46:40.356000Z,2023-09-27T20:54:21.991000Z,2023-10-02T16:46:52.450000Z,2023-09-27T20:54:22.487495Z,462.0,CE2K9TTL,273,"English, French",native language + one other language,Undergraduate degree (BA/BSc/other),No,"Yes, I'm colourblind","Art, Health & Fitness",24,Male,White,United Kingdom,United Kingdom,United Kingdom,English,Yes,Unemployed (and job seeking),
65149868592540374f45ebdb,63dd37970407f565167e5361,APPROVED,2023-09-27T21:02:40.143000Z,2023-09-27T21:08:08.848000Z,2023-10-02T16:46:52.649000Z,2023-09-27T21:08:35.327728Z,329.0,CE2K9TTL,361,English,none just my native langauge,Secondary education (e.g. GED/GCSE),Yes,"Yes, I'm colourblind","Sports, Video Games, Psychology",19,Male,Mixed,United Kingdom,United Kingdom,United Kingdom,English,Yes,Unemployed (and job seeking),
651498ab26d27d7dd8ca0ffc,63d79eee3050f200940fd28d,APPROVED,2023-09-27T21:03:52.328000Z,2023-09-27T21:12:15.911000Z,2023-10-02T16:46:52.844000Z,2023-09-27T21:12:16.382221Z,504.0,CE2K9TTL,428,English,none just my native langauge,High school diploma/A-levels,No,"Yes, I'm colourblind","Travelling, Sports, Music",46,Male,White,United Kingdom,United Kingdom,United Kingdom,English,No,Full-Time,
651499c43ebe8e29839075ed,6287cd51ee7abcc38dc156f2,APPROVED,2023-09-27T21:08:25.789000Z,2023-09-27T21:14:32.666000Z,2023-10-02T16:46:53.020000Z,2023-09-27T21:14:33.373350Z,367.0,CE2K9TTL,80,English,none just my native langauge,Graduate degree (MA/MSc/MPhil/other),No,"Yes, I'm colourblind","Entrepreneurship, Sports, Travelling",32,Male,White,United Kingdom,United Kingdom,United Kingdom,English,Yes,Full-Time,
65149ac604536dd6c20855b1,644150ada063f0646fa94580,APPROVED,2023-09-27T21:12:42.049000Z,2023-09-27T21:19:01.488000Z,2023-10-02T16:46:53.194000Z,2023-09-27T21:19:01.926033Z,380.0,CE2K9TTL,343,English,none just my native langauge,Undergraduate degree (BA/BSc/other),No,"Yes, I'm colourblind","Video Games, Music, Health & Fitness",23,Male,White,United Kingdom,United Kingdom,United Kingdom,English,No,Unemployed (and job seeking),
65149b3a1abaa3a5a64a0005,63d3fb4fd3c313dca0920312,APPROVED,2023-09-27T21:14:40.483000Z,2023-09-27T21:23:07.011000Z,2023-10-02T16:46:53.371000Z,2023-09-27T21:23:07.534131Z,507.0,CE2K9TTL,363,English,none just my native langauge,Undergraduate degree (BA/BSc/other),No,"Yes, I'm colourblind","Health & Fitness, Politics, Sports",34,Male,White,United Kingdom,United Kingdom,United Kingdom,English,DATA_EXPIRED,DATA_EXPIRED,
65149bfa31d3db6ef1b26609,5c288e65867f660001ae8f36,APPROVED,2023-09-27T21:17:49.686000Z,2023-09-27T21:24:10.770000Z,2023-10-02T16:46:53.549000Z,2023-09-27T21:24:11.230923Z,382.0,CE2K9TTL,484,English,none just my native langauge,Secondary education (e.g. GED/GCSE),No,"Yes, I'm colourblind","Music, Sports, Travelling",32,Male,White,United Kingdom,United Kingdom,United Kingdom,English,No,Full-Time,
65149c70b1b895e6fc6ee88c,63d4315d46c8643186d488f7,APPROVED,2023-09-27T21:19:47.398000Z,2023-09-27T21:26:44.842000Z,2023-10-02T16:46:53.744000Z,2023-09-27T21:26:45.403150Z,418.0,CE2K9TTL,394,English,none just my native langauge,Technical/community college,No,"Yes, I'm colourblind","Health & Fitness, Science, Video Games",41,Male,White,United Kingdom,United Kingdom,United Kingdom,English,No,"Not in paid work (e.g. homemaker', 'retired or disabled)",
65149d902fdae1acb613b258,6509ad3e10014974dfe2f77c,APPROVED,2023-09-27T21:24:37.306000Z,2023-09-27T21:33:44.564000Z,2023-10-02T16:46:53.936000Z,2023-09-27T21:33:45.359981Z,548.0,CE2K9TTL,9,English,none just my native langauge,High school diploma/A-levels,No,"Yes, I'm colourblind","Economics, Video Games, Sports",36,Male,White,Canada,Canada,Canada,English,No,Full-Time,
6514a05a03eaf7efcbdec67b,5b9b7d4608c0fc0001472a30,APPROVED,2023-09-27T21:36:29.748000Z,2023-09-27T21:43:54.514000Z,2023-10-02T16:46:54.104000Z,2023-09-27T21:44:02.246310Z,445.0,CE2K9TTL,278,English,none just my native langauge,Graduate degree (MA/MSc/MPhil/other),No,"Yes, I'm colourblind","Politics, Sports, Music",53,Male,White,United Kingdom,United Kingdom,United Kingdom,English,No,DATA_EXPIRED,
6514a3e5c6110ad65a14924c,573116d21efe74000e308d26,APPROVED,2023-09-27T21:51:36.941000Z,2023-09-27T21:56:00.896000Z,2023-10-02T16:46:54.266000Z,2023-09-27T21:56:02.511872Z,264.0,CE2K9TTL,450,English,none just my native langauge,Graduate degree (MA/MSc/MPhil/other),Yes,"Yes, I'm colourblind","Psychology, Music, Entrepreneurship",32,Male,White,Canada,Canada,Canada,English,No,Full-Time,
6514a4215846cccb639277aa,615dd79ed16dba94e3f7b2ef,APPROVED,2023-09-27T21:52:37.690000Z,2023-09-27T21:58:32.255000Z,2023-10-02T16:46:54.419000Z,2023-09-27T21:58:32.765207Z,355.0,CE2K9TTL,2238,English,none just my native langauge,Technical/community college,No,"Yes, I'm colourblind","Economics, Science, Video Games",30,Male,White,United States,United States,United States,English,No,Full-Time,
6514a5fcf285e64010f40bcf,63d3ff7455fe68b811ef6b57,APPROVED,2023-09-27T22:00:30.967000Z,2023-09-27T22:04:43.001000Z,2023-10-02T16:46:54.601000Z,2023-09-27T22:06:10.036785Z,253.0,CE2K9TTL,550,English,none just my native langauge,Secondary education (e.g. GED/GCSE),No,"Yes, I'm colourblind","Music, Video Games, Travelling",18,Male,White,United Kingdom,United Kingdom,United Kingdom,English,Yes,Unemployed (and job seeking),
6514a757d6ff4e7b9ccec10f,5dec6a96da522335df62a1b5,APPROVED,2023-09-27T22:06:24.490000Z,2023-09-27T22:16:54.038000Z,2023-10-02T16:46:54.764000Z,2023-09-27T22:16:54.513025Z,630.0,CE2K9TTL,581,English,none just my native langauge,Undergraduate degree (BA/BSc/other),No,"Yes, I'm colourblind","Video Games, Art, Music",31,Male,White,Canada,Canada,Canada,English,No,Unemployed (and job seeking),
6514a78dee27710a1dd74500,6293c7cef1af3c7badc3e25b,APPROVED,2023-09-27T22:07:12.771000Z,2023-09-27T22:11:11.656000Z,2023-10-02T16:46:54.927000Z,2023-09-27T22:11:12.117459Z,239.0,CE2K9TTL,78,English,none just my native langauge,Graduate degree (MA/MSc/MPhil/other),No,"Yes, I'm colourblind","Video Games, Sociology, Mathematics",29,Male,White,United States,United States,United States,English,No,Unemployed (and job seeking),
6514a902e0c6346040be4c5b,6401a92fa70fe5c6eebb1aec,APPROVED,2023-09-27T22:13:24.450000Z,2023-09-27T22:16:55.533000Z,2023-10-02T16:46:55.092000Z,2023-09-27T22:16:56.051584Z,212.0,CE2K9TTL,421,English,none just my native langauge,Undergraduate degree (BA/BSc/other),No,"Yes, I'm colourblind","Music, Health & Fitness, Art",37,Male,White,United Kingdom,United Kingdom,United Kingdom,English,No,Full-Time,
6514aa06bdaebb65b8b265f1,6344febaa4f84c624010aa31,APPROVED,2023-09-27T22:24:27.133000Z,2023-09-27T22:58:21.266000Z,2023-10-02T16:46:55.293000Z,2023-09-27T22:58:24.008438Z,2035.0,CE2K9TTL,1584,"Spanish, English",native language + one other language,Undergraduate degree (BA/BSc/other),Yes,"Yes, I'm colourblind","Sports, Music, Video Games",25,Male,Other,United States,United States,United States,English,Yes,Full-Time,
6514aa5ca9a7da0c7d08559b,63d1679775944f49f3af5290,APPROVED,2023-09-27T22:19:54.110000Z,2023-09-27T22:22:24.106000Z,2023-10-02T16:46:55.522000Z,2023-09-27T22:22:25.206213Z,150.0,C83SZB70,693,English,none just my native langauge,Secondary education (e.g. GED/GCSE),No,"Yes, I'm colourblind","Politics, Economics, Sports",47,Male,Black,United States,United States,United States,English,No,Other,
6514aa812d1bf89210c56275,62c3b1a4336684ef3487547e,APPROVED,2023-09-27T22:19:48.301000Z,2023-09-27T22:23:47.200000Z,2023-10-02T16:46:55.675000Z,2023-09-27T22:23:48.386878Z,239.0,CE2K9TTL,570,English,none just my native langauge,Undergraduate degree (BA/BSc/other),No,"Yes, I'm colourblind","Sports, Travelling",28,Male,White,United States,United States,United States,English,No,Full-Time,
6514ab2535cf4938a0a067ed,6413f13b9b3129923f190e1e,APPROVED,2023-09-27T22:22:34.882000Z,2023-09-27T22:28:52.557000Z,2023-10-02T16:46:55.913000Z,2023-09-27T22:28:53.075218Z,378.0,CE2K9TTL,970,English,none just my native langauge,Secondary education (e.g. GED/GCSE),No,"Yes, I'm colourblind","Entrepreneurship, Politics, Science",41,Male,White,United States,United States,United States,English,No,Full-Time,
6514ab917069109a0e9a6fbc,6409085e3b56647bcd71fdc3,APPROVED,2023-09-27T22:24:21.855000Z,2023-09-27T22:35:19.402000Z,2023-10-02T16:46:56.080000Z,2023-09-27T22:35:19.897644Z,658.0,CE2K9TTL,1198,English,none just my native langauge,Undergraduate degree (BA/BSc/other),No,"Yes, I'm colourblind","Travelling, Video Games, Marketing",61,Male,White,United States,United States,United States,English,Yes,Full-Time,
6514abb51193eec8a4a2b2a6,63d9c4ea4b5efb771f895e11,APPROVED,2023-09-27T22:24:56.362000Z,2023-09-27T22:31:11.806000Z,2023-10-02T16:46:56.256000Z,2023-09-27T22:31:13.598366Z,376.0,CE2K9TTL,1071,English,none just my native langauge,Undergraduate degree (BA/BSc/other),No,"Yes, I'm colourblind","Science, Travelling, Politics",51,Male,White,United States,United States,United States,English,No,Full-Time,
6514ac2b21cac9dbd8c56272,64457bc906c125cebd4bf66b,APPROVED,2023-09-27T22:26:54.967000Z,2023-09-27T22:32:41.571000Z,2023-10-02T16:46:56.423000Z,2023-09-27T22:32:42.057859Z,347.0,CE2K9TTL,289,English,none just my native langauge,Technical/community college,No,"Yes, I'm colourblind","Travelling, Literature, Music",74,Male,White,United Kingdom,United Kingdom,United Kingdom,English,No,"Not in paid work (e.g. homemaker', 'retired or disabled)",
6514ac977a17f258dc1db372,6441c37f5666c66e67eba833,APPROVED,2023-09-27T22:28:42.153000Z,2023-09-27T22:40:14.138000Z,2023-10-02T16:46:56.575000Z,2023-09-27T22:40:14.615840Z,692.0,CE2K9TTL,969,English,native language + one other language,High school diploma/A-levels,No,"Yes, I'm colourblind",Science,26,Male,Black,United States,United States,United States,English,No,Full-Time,
6514ae01160b70029f1db347,6474a86474b12fd778ae530f,APPROVED,2023-09-27T22:34:50.521000Z,2023-09-27T22:42:48.630000Z,2023-10-02T16:46:56.776000Z,2023-09-27T22:42:50.240611Z,479.0,CE2K9TTL,1065,English,none just my native langauge,Undergraduate degree (BA/BSc/other),No,"Yes, I'm colourblind","Health & Fitness, Music, Science",67,Male,White,United States,United States,United States,English,No,"Not in paid work (e.g. homemaker', 'retired or disabled)",
6514ae8aa1a8dc97ac0c83c3,5d7336e98176400015e87da9,APPROVED,2023-09-27T22:37:02.824000Z,2023-09-27T22:43:56.194000Z,2023-10-02T16:46:56.914000Z,2023-09-27T22:43:57.071672Z,414.0,CE2K9TTL,272,English,none just my native langauge,High school diploma/A-levels,Yes,"Yes, I'm colourblind","Economics, Health & Fitness, Psychology",25,Male,Black,United States,United States,United States,English,Yes,Part-Time,
6514b2ecd3c9e4258e394174,5e9ce0a46976671ceda6082a,APPROVED,2023-09-27T22:55:47.049000Z,2023-09-27T23:02:54.395000Z,2023-10-02T16:46:57.118000Z,2023-09-27T23:02:57.554708Z,428.0,CE2K9TTL,2410,English,none just my native langauge,Graduate degree (MA/MSc/MPhil/other),No,"Yes, I'm colourblind","Video Games, Economics, Politics",40,Male,White,United States,United States,United States,English,No,Full-Time,
6514b846e7a222e47ecec0e2,647c63a4b86409f3df84337b,APPROVED,2023-09-27T23:18:36.038000Z,2023-09-27T23:25:38.765000Z,2023-10-02T16:46:57.302000Z,2023-09-27T23:25:39.871240Z,423.0,CE2K9TTL,145,English,none just my native langauge,Undergraduate degree (BA/BSc/other),No,"Yes, I'm colourblind","Sports, Travelling, Music",57,Male,White,United Kingdom,United Kingdom,United Kingdom,English,No,Full-Time,
6514b97c475efc699ca38189,6288200662bdd110ddecad7a,APPROVED,2023-09-27T23:23:42.723000Z,2023-09-27T23:30:36.459000Z,2023-10-02T16:46:57.508000Z,2023-09-27T23:30:37.434461Z,414.0,CE2K9TTL,2748,English,none just my native langauge,Graduate degree (MA/MSc/MPhil/other),No,"Yes, I'm colourblind","Literature, Video Games, Psychology",34,Male,Asian,Korea,United States,United States,English,No,Full-Time,
6514b9fbde8f9a7db3bbda56,6400d8fbeba2f9f8eb604b9a,APPROVED,2023-09-27T23:25:49.870000Z,2023-09-27T23:30:05.615000Z,2023-10-02T16:46:57.721000Z,2023-09-27T23:30:06.083075Z,256.0,CE2K9TTL,1642,English,none just my native langauge,Technical/community college,No,"Yes, I'm colourblind","Video Games, Music, Mathematics",39,Male,Asian,United States,United States,United States,English,No,Full-Time,
6514be57265a0ca4417fe0aa,60f43c3a0fd9723feba1af38,APPROVED,2023-09-27T23:44:28.524000Z,2023-09-27T23:52:39.189000Z,2023-10-02T16:46:57.914000Z,2023-09-27T23:52:40.346784Z,491.0,CE2K9TTL,5311,"French, English",native language + one other language,Graduate degree (MA/MSc/MPhil/other),No,"Yes, I'm colourblind","Health & Fitness, Travelling, Politics",52,Male,White,France,United States,United States,English,DATA_EXPIRED,DATA_EXPIRED,
6514bfd55d7b4525eaed913c,5cf58c09370a0800017d209d,APPROVED,2023-09-27T23:50:48.117000Z,2023-09-27T23:58:17.358000Z,2023-10-02T16:46:58.098000Z,2023-09-27T23:58:17.742011Z,450.0,CE2K9TTL,316,English,none just my native langauge,Undergraduate degree (BA/BSc/other),No,"Yes, I'm colourblind","Entrepreneurship, Philosophy, Psychology",25,Male,Mixed,United Kingdom,United Kingdom,United Kingdom,English,No,Full-Time,
6514c128daf32878f050fae2,5d0c1a934eb063000140ad67,APPROVED,2023-09-27T23:56:24.272000Z,2023-09-28T00:06:33.670000Z,2023-10-02T16:46:58.298000Z,2023-09-28T00:12:43.144292Z,610.0,CE2K9TTL,410,English,none just my native langauge,Secondary education (e.g. GED/GCSE),No,"Yes, I'm colourblind","Travelling, Video Games, Sports",46,Male,White,Canada,Canada,Canada,English,No,Full-Time,
6514c50da3769501a01e5dda,63d1453d6642f3be4e140681,APPROVED,2023-09-28T00:13:04.812000Z,2023-09-28T00:17:17.099000Z,2023-10-02T16:46:58.505000Z,2023-09-28T00:17:17.609539Z,253.0,CE2K9TTL,145,"English, Hindi, Nepali",native language + two other languages,High school diploma/A-levels,No,"Yes, I'm colourblind","Music, Science, Sports",19,Male,Asian,United States,United States,United States,English,Yes,Unemployed (and job seeking),
6514c8005ddde4001bf648a0,601b28841ca7bb2f8edaa293,APPROVED,2023-09-28T00:26:25.199000Z,2023-09-28T00:33:24.023000Z,2023-10-02T16:46:58.688000Z,2023-09-28T00:33:24.443976Z,419.0,CE2K9TTL,1765,English,none just my native langauge,Technical/community college,No,"Yes, I'm colourblind","Music, Video Games, Health & Fitness",32,Male,Mixed,United States,United States,United States,English,DATA_EXPIRED,DATA_EXPIRED,
6514ca516a991c9c8587aae6,5f3302a8aea7430e3fba8764,APPROVED,2023-09-28T00:35:32.306000Z,2023-09-28T00:44:51.660000Z,2023-10-02T16:46:58.897000Z,2023-09-28T00:44:52.085193Z,560.0,CE2K9TTL,494,English,none just my native langauge,Undergraduate degree (BA/BSc/other),No,"Yes, I'm colourblind","Entrepreneurship, Sports, Video Games",29,Male,Asian,United Kingdom,United Kingdom,United Kingdom,English,No,Full-Time,
6514d56823abc4684f74934b,64136140e1cce438bf993257,APPROVED,2023-09-28T01:22:52.076000Z,2023-09-28T01:28:09.117000Z,2023-10-02T16:46:59.090000Z,2023-09-28T01:28:09.560609Z,318.0,CE2K9TTL,458,English,none just my native langauge,Undergraduate degree (BA/BSc/other),No,"Yes, I'm colourblind","Video Games, Sports, Politics",33,Male,White,United States,United States,United States,English,No,Full-Time,
6514e8990ec4950a5da700c3,645eecf7a8859a21fe1daf22,APPROVED,2023-09-28T02:44:46.777000Z,2023-09-28T02:55:57.366000Z,2023-10-02T16:46:59.729000Z,2023-09-28T02:55:57.804601Z,671.0,CE2K9TTL,747,English,none just my native langauge,Undergraduate degree (BA/BSc/other),No,"Yes, I'm colourblind","Economics, Politics, Entrepreneurship",65,Male,White,United States,United States,United States,English,No,Full-Time,
6514eae718a6a8e3c6aa0955,6293f40cb830603d3dbe5d9a,APPROVED,2023-09-28T02:54:35.082000Z,2023-09-28T03:00:20.381000Z,2023-10-02T16:46:59.932000Z,2023-09-28T03:00:20.895828Z,346.0,CE2K9TTL,2001,English,none just my native langauge,Graduate degree (MA/MSc/MPhil/other),No,"Yes, I'm colourblind","Music, Video Games, Sports",35,Male,White,United States,United States,United States,English,No,Full-Time,
6514eb1365fb9f2156096712,5c6f906672c0e50001d9332a,APPROVED,2023-09-28T02:55:19.156000Z,2023-09-28T02:59:19.342000Z,2023-10-02T16:47:00.160000Z,2023-09-28T02:59:19.794476Z,241.0,CE2K9TTL,1349,"English, Spanish",native language + one other language,Doctorate degree (PhD/other),No,"Yes, I'm colourblind","Music, Video Games, Science",31,Male,White,United States,United States,United States,English,No,Full-Time,
6514f7b0adb05ad7ba9075cc,614ff0e46917f9f167032206,APPROVED,2023-09-28T03:49:04.051000Z,2023-09-28T03:56:59.963000Z,2023-10-02T16:47:00.323000Z,2023-09-28T03:57:00.475938Z,476.0,CE2K9TTL,165,English,none just my native langauge,Undergraduate degree (BA/BSc/other),No,"Yes, I'm colourblind",Science,64,Male,White,Australia,Australia,Australia,English,DATA_EXPIRED,DATA_EXPIRED,
6514face7cccb118de149257,64307c41aa1212bc732f9dfc,APPROVED,2023-09-28T04:02:26.462000Z,2023-09-28T04:08:26.403000Z,2023-10-02T16:47:00.519000Z,2023-09-28T04:08:26.896764Z,360.0,CE2K9TTL,122,English,none just my native langauge,Technical/community college,No,"Yes, I'm colourblind","Politics, Sports, Entrepreneurship",64,Male,White,United States,United States,United States,English,No,"Not in paid work (e.g. homemaker', 'retired or disabled)",
6515046802be5b2c26f40ba8,5ee4a14b578f8a000b384376,APPROVED,2023-09-28T04:43:41.338000Z,2023-09-28T04:49:55.785000Z,2023-10-02T16:47:00.692000Z,2023-09-28T04:49:56.279645Z,375.0,CE2K9TTL,711,English,none just my native langauge,Undergraduate degree (BA/BSc/other),No,"Yes, I'm colourblind","Travelling, Video Games, Literature",48,Male,White,United Kingdom,United Kingdom,United Kingdom,English,No,Full-Time,
65150abe9f43517d59ec280a,5ca0de7d8001d50018c69031,APPROVED,2023-09-28T05:12:11.367000Z,2023-09-28T05:23:30.502000Z,2023-10-02T16:47:00.844000Z,2023-09-28T05:23:31.019447Z,680.0,CE2K9TTL,1117,English,none just my native langauge,Doctorate degree (PhD/other),No,"Yes, I'm colourblind","Music, Sports, Economics",32,Male,White,United Kingdom,United Kingdom,United Kingdom,English,DATA_EXPIRED,DATA_EXPIRED,
65150afed93c0ba4289075ee,63d79eb140827bcc78bcce66,APPROVED,2023-09-28T05:11:29.422000Z,2023-09-28T05:17:23.025000Z,2023-10-02T16:47:00.998000Z,2023-09-28T05:17:23.478405Z,354.0,CE2K9TTL,570,English,none just my native langauge,Undergraduate degree (BA/BSc/other),No,"Yes, I'm colourblind","Travelling, Music, Sports",37,Male,White,United Kingdom,United Kingdom,United Kingdom,English,No,Full-Time,
65150dc27ebb245f9df6487b,5820ab7820c34d0001e6dff2,APPROVED,2023-09-28T05:23:19.912000Z,2023-09-28T05:28:04.057000Z,2023-10-02T16:47:01.159000Z,2023-09-28T05:28:04.626400Z,285.0,CE2K9TTL,2179,English,native language + one other language,Undergraduate degree (BA/BSc/other),No,"Yes, I'm colourblind","Science, Video Games, Health & Fitness",32,Male,Asian,United States,United States,United States,English,No,Full-Time,
65151123fb0702326c45ebc5,5f776804a5ab6f298bf495a2,APPROVED,2023-09-28T05:37:42.061000Z,2023-09-28T05:44:43.345000Z,2023-10-02T16:47:01.319000Z,2023-09-28T05:44:43.911482Z,422.0,CE2K9TTL,65,"English, Hebrew",native language + one other language,Doctorate degree (PhD/other),No,"Yes, I'm colourblind","Video Games, Mathematics, Music",33,Male,White,Israel,Israel,Israel,English,No,Full-Time,
651515d80d2e699e06464231,62c53da662a6fb85b6c814a1,APPROVED,2023-09-28T05:57:47.099000Z,2023-09-28T06:03:55.834000Z,2023-10-02T16:47:01.503000Z,2023-09-28T06:03:56.452859Z,369.0,CE2K9TTL,236,English,none just my native langauge,Undergraduate degree (BA/BSc/other),No,"Yes, I'm colourblind","Health & Fitness, Video Games, Travelling",32,Male,White,United Kingdom,United Kingdom,United Kingdom,English,No,Full-Time,
65151925172d1a74aa749321,63f39a1df25de13147b90d08,APPROVED,2023-09-28T06:11:52.268000Z,2023-09-28T06:15:59.973000Z,2023-10-02T16:47:01.652000Z,2023-09-28T06:16:00.426895Z,248.0,CE2K9TTL,253,"English, German",native language + one other language,Undergraduate degree (BA/BSc/other),Yes,"Yes, I'm colourblind","Entrepreneurship, Psychology, Politics",21,Male,White,United Kingdom,United Kingdom,United Kingdom,English,Yes,Full-Time,
651519661f2aa8584da700d6,63e75088facdce331ef18d74,APPROVED,2023-09-28T06:12:57.059000Z,2023-09-28T06:21:55.437000Z,2023-10-02T16:47:01.800000Z,2023-09-28T06:21:55.893287Z,539.0,CE2K9TTL,556,English,none just my native langauge,High school diploma/A-levels,No,"Yes, I'm colourblind","Art, Politics, Travelling",44,Male,White,Australia,United Kingdom,United Kingdom,English,No,Full-Time,
651519fea173a4959572f590,63eb52da0490f2bb8056be48,APPROVED,2023-09-28T06:15:26.799000Z,2023-09-28T06:23:49.518000Z,2023-10-02T16:47:01.995000Z,2023-09-28T06:23:50.003325Z,503.0,CE2K9TTL,316,English,none just my native langauge,Undergraduate degree (BA/BSc/other),No,"Yes, I'm colourblind","Art, Video Games, Entrepreneurship",42,Male,White,United Kingdom,United Kingdom,United Kingdom,English,No,Part-Time,
65151aea1118245fe6e8f4df,5c5aac7092783400014b24ca,APPROVED,2023-09-28T06:19:22.750000Z,2023-09-28T06:27:58.120000Z,2023-10-02T16:47:02.235000Z,2023-09-28T06:28:05.270626Z,516.0,CE2K9TTL,82,English,none just my native langauge,Undergraduate degree (BA/BSc/other),No,"Yes, I'm colourblind","Travelling, Sports, Politics",32,Male,White,United Kingdom,United Kingdom,United Kingdom,English,No,Full-Time,
651521fa16511ce8761db36c,63d447dff5d5b197f0d02275,APPROVED,2023-09-28T06:49:37.422000Z,2023-09-28T06:56:46.125000Z,2023-10-02T16:47:02.418000Z,2023-09-28T06:56:46.576423Z,429.0,CE2K9TTL,592,English,none just my native langauge,Undergraduate degree (BA/BSc/other),No,"Yes, I'm colourblind","Politics, Health & Fitness, Sports",29,Male,White,United Kingdom,United Kingdom,United Kingdom,English,No,Full-Time,
651522bd42e1022e4987aafb,59518033c58c85000101df8f,APPROVED,2023-09-28T06:52:51.068000Z,2023-09-28T06:57:33.619000Z,2023-10-02T16:47:02.608000Z,2023-09-28T06:57:34.103228Z,283.0,CE2K9TTL,432,English,none just my native langauge,Doctorate degree (PhD/other),No,"Yes, I'm colourblind","Politics, Science, Health & Fitness",31,Male,White,United Kingdom,United Kingdom,United Kingdom,English,No,Full-Time,
651523d9af51c910a7aa093e,56114aa67ffc8a000f81148d,APPROVED,2023-09-28T06:57:32.549000Z,2023-09-28T07:02:30.154000Z,2023-10-02T16:47:02.827000Z,2023-09-28T07:02:30.664039Z,298.0,CE2K9TTL,2674,English,none just my native langauge,Doctorate degree (PhD/other),No,"Yes, I'm colourblind","Art, Travelling, Music",52,Male,White,United Kingdom,United Kingdom,United Kingdom,English,No,Full-Time,
651524fbd27ba16cddb26623,63d6607ac75addc076b9ce5e,APPROVED,2023-09-28T07:02:23.349000Z,2023-09-28T07:08:33.727000Z,2023-10-02T16:47:03.002000Z,2023-09-28T07:08:34.172323Z,371.0,CE2K9TTL,211,English,none just my native langauge,Undergraduate degree (BA/BSc/other),No,"Yes, I'm colourblind","Health & Fitness, Art, Literature",31,Male,White,United Kingdom,United Kingdom,United Kingdom,English,No,Full-Time,
65152597e199ed437f04117a,64f6c82c1940a94c6aa1e9b3,APPROVED,2023-09-28T07:04:59.934000Z,2023-09-28T07:13:42.008000Z,2023-10-02T16:47:03.197000Z,2023-09-28T07:13:42.726577Z,523.0,CE2K9TTL,17,English,none just my native langauge,High school diploma/A-levels,Yes,"Yes, I'm colourblind","Video Games, Philosophy, Entrepreneurship",22,Male,Mixed,Canada,Canada,Canada,English,No,Full-Time,
6515269863b9774056f648a4,65047b9d7f27362d177b824b,APPROVED,2023-09-28T07:09:15.471000Z,2023-09-28T07:23:58.133000Z,2023-10-02T16:47:03.391000Z,2023-09-28T07:23:58.594226Z,883.0,CE2K9TTL,55,English,none just my native langauge,High school diploma/A-levels,No,"Yes, I'm colourblind","Literature, Sports, Video Games",27,Male,White,United States,United States,United States,English,No,Full-Time,
6515287f0298b55754749370,63d79d9bdcff357d2f18fff0,APPROVED,2023-09-28T07:17:22.705000Z,2023-09-28T07:21:08.488000Z,2023-10-02T16:47:03.613000Z,2023-09-28T07:21:09.081469Z,226.0,CE2K9TTL,544,"English, Hindi, Punjabi",none just my native langauge,Undergraduate degree (BA/BSc/other),No,"Yes, I'm colourblind","Health & Fitness, Sports, Travelling",31,Male,Asian,United Kingdom,United Kingdom,United Kingdom,English,No,Full-Time,
65152bd0540284c94c9d5092,5dd012a97b6a661093d36b8e,APPROVED,2023-09-28T07:31:30.786000Z,2023-09-28T07:50:57.789000Z,2023-10-02T16:47:03.798000Z,2023-09-28T07:50:58.830350Z,1168.0,CE2K9TTL,950,English,none just my native langauge,Undergraduate degree (BA/BSc/other),No,"Yes, I'm colourblind","Video Games, Psychology, Sociology",26,Male,Mixed,United Kingdom,United Kingdom,United Kingdom,English,No,Full-Time,
651530d216a0dc4221f40ba8,650b2464cd025d05b6a75aed,APPROVED,2023-09-28T07:52:56.711000Z,2023-09-28T07:59:05.844000Z,2023-10-02T16:47:03.971000Z,2023-09-28T07:59:06.318044Z,370.0,CE2K9TTL,13,English,none just my native langauge,Graduate degree (MA/MSc/MPhil/other),No,"Yes, I'm colourblind","Politics, Sports, Travelling",38,Male,White,United Kingdom,United Kingdom,United Kingdom,English,No,Full-Time,
65153180af649e6a9cbbda89,63e51d45dc45fc301d4ea52b,APPROVED,2023-09-28T07:55:44.845000Z,2023-09-28T07:59:38.227000Z,2023-10-02T16:47:04.162000Z,2023-09-28T07:59:38.752053Z,234.0,CE2K9TTL,210,"English, Dutch",native language + one other language,Undergraduate degree (BA/BSc/other),No,"Yes, I'm colourblind","Mathematics, Science, Video Games",19,Male,White,United Kingdom,United Kingdom,United Kingdom,English,Yes,Full-Time,
651531e024145c404b6ee88a,650aef0883195e21592237ec,APPROVED,2023-09-28T07:58:16.267000Z,2023-09-28T08:18:40.027000Z,2023-10-02T16:47:04.345000Z,2023-09-28T08:18:40.554834Z,1224.0,CE2K9TTL,15,English,native language + one other language,Graduate degree (MA/MSc/MPhil/other),Yes,"Yes, I'm colourblind","Music, Sports, Entrepreneurship",33,Male,Black,Nigeria,United Kingdom,Nigeria,English,Yes,Full-Time,
65153248a8e03b1094927786,63f7c60b1e096c2df51e3071,APPROVED,2023-09-28T07:59:04.225000Z,2023-09-28T08:03:26.144000Z,2023-10-02T16:47:04.522000Z,2023-09-28T08:03:26.581756Z,262.0,is:CE2K9TTL,454,English,none just my native langauge,High school diploma/A-levels,No,"Yes, I'm colourblind","Sports, Travelling, Psychology",41,Male,White,United Kingdom,United Kingdom,United Kingdom,English,No,Full-Time,
6515337eca223f6d41b15cc0,63f77f79278126e103659cf4,APPROVED,2023-09-28T08:04:57.868000Z,2023-09-28T08:11:45.660000Z,2023-10-02T16:47:04.675000Z,2023-09-28T08:11:46.568884Z,408.0,CE2K9TTL,401,English,none just my native langauge,Undergraduate degree (BA/BSc/other),No,"Yes, I'm colourblind","Sports, Video Games, Entrepreneurship",27,Male,White,United Kingdom,United Kingdom,United Kingdom,English,No,Full-Time,
651537975bb148f9191e5de2,5b20bb8668a5ed000173e0b4,APPROVED,2023-09-28T08:21:45.691000Z,2023-09-28T08:26:15.393000Z,2023-10-02T16:47:04.832000Z,2023-09-28T08:26:15.997175Z,270.0,CE2K9TTL,1603,English,none just my native langauge,Undergraduate degree (BA/BSc/other),No,"Yes, I'm colourblind","Sports, Music, Video Games",28,Male,White,United States,United States,United States,English,No,Unemployed (and job seeking),
65153c2c46bce8e36745ebd0,63ea44a0adefd2af8e13015c,APPROVED,2023-09-28T08:42:17.140000Z,2023-09-28T08:43:31.603000Z,2023-10-02T16:47:05.036000Z,2023-09-28T08:43:32.051924Z,75.0,NOCODE,231,"English, Hindi, Tamil",native language + three or more other languages,Graduate degree (MA/MSc/MPhil/other),No,"Yes, I'm colourblind","Psychology, Travelling, Entrepreneurship",33,Male,Asian,India,United Kingdom,India,English,No,Full-Time,
65153df1fbdaa61ae8821bab,628ba7f30dfb8cb47abc2b40,APPROVED,2023-09-28T08:49:17.889000Z,2023-09-28T08:59:36.403000Z,2023-10-02T16:47:05.218000Z,2023-09-28T08:59:36.913999Z,619.0,CE2K9TTL,732,English,none just my native langauge,Undergraduate degree (BA/BSc/other),No,"Yes, I'm colourblind","Music, Sports, Travelling",41,Male,White,United Kingdom,United Kingdom,United Kingdom,English,DATA_EXPIRED,DATA_EXPIRED,
65153e4d37bafd9262b98b4a,63d13c076dd249ca3a6bffbb,APPROVED,2023-09-28T08:50:21.614000Z,2023-09-28T08:56:33.969000Z,2023-10-02T16:47:05.403000Z,2023-09-28T08:56:34.482578Z,373.0,CE2K9TTL,607,"Chinese, English",native language + one other language,Undergraduate degree (BA/BSc/other),No,"Yes, I'm colourblind","Health & Fitness, Travelling, Sports",41,Male,Asian,United Kingdom,United Kingdom,United Kingdom,English,No,Full-Time,
65153f5d523fa91888c9344b,63d13e0a872c3f8a47956a39,APPROVED,2023-09-28T08:55:04.642000Z,2023-09-28T09:05:10.701000Z,2023-10-02T16:47:05.555000Z,2023-09-28T09:05:45.426638Z,607.0,CE2K9TTL,55,English,none just my native langauge,Undergraduate degree (BA/BSc/other),No,"Yes, I'm colourblind","Video Games, Travelling, Politics",32,Male,White,United Kingdom,United Kingdom,United Kingdom,English,No,DATA_EXPIRED,
651542df611bab15fd8452bf,642d957d5818c3b551dcb514,APPROVED,2023-09-28T09:09:55.984000Z,2023-09-28T09:16:26.389000Z,2023-10-02T16:47:05.791000Z,2023-09-28T09:16:26.893254Z,391.0,CE2K9TTL,227,English,none just my native langauge,Undergraduate degree (BA/BSc/other),No,"Yes, I'm colourblind","Music, Politics, Travelling",44,Male,White,United Kingdom,United Kingdom,United Kingdom,English,No,Full-Time,
651543953c220191853fb4e2,5f3d295755f8ed04b8a4dcbd,APPROVED,2023-09-28T09:12:56.124000Z,2023-09-28T09:22:13.876000Z,2023-10-02T16:47:05.945000Z,2023-09-28T09:22:14.450677Z,558.0,CE2K9TTL,89,English,none just my native langauge,Graduate degree (MA/MSc/MPhil/other),No,"Yes, I'm colourblind","Video Games, Sports, Science",28,Male,Mixed,United Kingdom,United Kingdom,United Kingdom,English,DATA_EXPIRED,DATA_EXPIRED,
65154a4f76e8cbe4385d3523,63f018abf8a9cc18acee5799,APPROVED,2023-09-28T09:41:39.558000Z,2023-09-28T09:58:01.724000Z,2023-10-02T16:47:06.137000Z,2023-09-28T09:58:02.214200Z,983.0,is:CE2K9TTL,294,English,none just my native langauge,Technical/community college,Yes,"Yes, I'm colourblind",Video Games,30,Male,White,United States,United States,United States,English,DATA_EXPIRED,DATA_EXPIRED,
65154b72ae90fc8ce354caed,5e31e1632878161c9923f90e,APPROVED,2023-09-28T09:46:37.637000Z,2023-09-28T10:09:30.391000Z,2023-10-02T16:47:06.306000Z,2023-09-28T10:09:30.965901Z,1373.0,CE2K9TTL,271,English,none just my native langauge,Doctorate degree (PhD/other),No,"Yes, I'm colourblind","Art, Music, Science",76,Male,White,United Kingdom,United Kingdom,United Kingdom,English,DATA_EXPIRED,DATA_EXPIRED,
65154e3825112ff6e5f530c6,65046a5b83113a5454de0d84,APPROVED,2023-09-28T09:58:21.097000Z,2023-09-28T10:12:48.579000Z,2023-10-02T16:47:06.469000Z,2023-09-28T10:12:49.118522Z,868.0,CE2K9TTL,15,English,native language + one other language,Undergraduate degree (BA/BSc/other),Yes,"Yes, I'm colourblind","Art, Health & Fitness, Literature",34,Male,Black,Nigeria,United Kingdom,Nigeria,English,No,Part-Time,
65154ea90a58bc7fafe4c859,63d16db590b1cad99178a991,APPROVED,2023-09-28T10:08:50.960000Z,2023-09-28T10:17:54.972000Z,2023-10-02T16:47:06.670000Z,2023-09-28T10:17:55.470720Z,545.0,CE2K9TTL,298,English,none just my native langauge,Graduate degree (MA/MSc/MPhil/other),No,"Yes, I'm colourblind","Economics, Health & Fitness, Science",27,Male,Black,United Kingdom,United Kingdom,United Kingdom,English,No,Full-Time,
651556096628a8e1f31a2f4b,63d3fa5f9ca6d38022920258,APPROVED,2023-09-28T10:31:40.194000Z,2023-09-28T10:35:47.026000Z,2023-10-02T16:47:06.859000Z,2023-09-28T10:35:47.508496Z,247.0,CE2K9TTL,207,English,none just my native langauge,High school diploma/A-levels,No,"Yes, I'm colourblind","Economics, Politics, Travelling",20,Male,White,United States,United Kingdom,United Kingdom,English,Yes,Other,
651559eecad0dbb06c0688eb,5abdef1be1099600016a49d5,APPROVED,2023-09-28T10:48:14.214000Z,2023-09-28T10:54:15.553000Z,2023-10-02T16:47:07.034000Z,2023-09-28T10:54:16.019801Z,362.0,CE2K9TTL,215,English,none just my native langauge,High school diploma/A-levels,No,"Yes, I'm colourblind","Video Games, Health & Fitness, Sports",52,Male,White,United Kingdom,United Kingdom,United Kingdom,English,DATA_EXPIRED,DATA_EXPIRED,
65155d5920dbf58ab7dfaf14,640f4e73468a5f639101e483,APPROVED,2023-09-28T11:02:55.286000Z,2023-09-28T11:33:08.840000Z,2023-10-02T16:47:07.255000Z,2023-09-28T11:33:09.556944Z,1814.0,CE2K9TTL,826,English,none just my native langauge,Graduate degree (MA/MSc/MPhil/other),No,"Yes, I'm colourblind","Psychology, Sociology, Sports",56,Male,White,United States,United States,United States,English,Yes,Full-Time,
651560147258a3548a0c2daa,5f315cecbe54fd0d2b853c89,APPROVED,2023-09-28T11:14:31.019000Z,2023-09-28T11:20:12.223000Z,2023-10-02T16:47:07.434000Z,2023-09-28T11:20:12.813094Z,342.0,CE2K9TTL,319,English,none just my native langauge,Undergraduate degree (BA/BSc/other),No,"Yes, I'm colourblind","Politics, Sports, Music",27,Male,White,United Kingdom,United Kingdom,United Kingdom,English,No,Full-Time,
65156277259aee58ae734ac2,63ec8f5a027af23c30842450,APPROVED,2023-09-28T11:24:43.185000Z,2023-09-28T11:30:03.561000Z,2023-10-02T16:47:07.600000Z,2023-09-28T11:30:04.020856Z,321.0,CE2K9TTL,267,English,none just my native langauge,Undergraduate degree (BA/BSc/other),No,"Yes, I'm colourblind","Health & Fitness, Music, Politics",30,Male,White,United Kingdom,United Kingdom,United Kingdom,English,No,Full-Time,
651570bc57e29af301a01124,5bf001c94863520001b1ca03,APPROVED,2023-09-28T12:25:35.426000Z,2023-09-28T12:30:56.255000Z,2023-10-02T16:47:07.769000Z,2023-09-28T12:30:57.279841Z,321.0,CE2K9TTL,451,English,native language + one other language,High school diploma/A-levels,No,"Yes, I'm colourblind","Video Games, Science, Psychology",40,Male,White,United Kingdom,United Kingdom,United Kingdom,English,DATA_EXPIRED,DATA_EXPIRED,
6515760b5651a2d95fa1f90b,64d54c5c5e692e1ecb0a1793,APPROVED,2023-09-28T12:49:17.999000Z,2023-09-28T13:00:58.294000Z,2023-10-02T16:47:07.951000Z,2023-09-28T13:02:45.991882Z,701.0,CE2K9TTL,35,English,none just my native langauge,Technical/community college,No,"Yes, I'm colourblind","Literature, Music, Politics",55,Male,White,United States,United States,United States,English,No,Full-Time,
65159a3a77e88cd592defa62,648a1f02e406361ac6ed6b51,APPROVED,2023-09-28T15:22:42.182000Z,2023-09-28T15:29:55.510000Z,2023-10-02T16:47:08.124000Z,2023-09-28T15:29:56.647485Z,434.0,CE2K9TTL,466,English,none just my native langauge,Graduate degree (MA/MSc/MPhil/other),No,"Yes, I'm colourblind","Art, Literature, Entrepreneurship",73,Male,White,United States,United States,United States,English,No,"Not in paid work (e.g. homemaker', 'retired or disabled)",
65159fa8b57f325df8eee74d,605a61833c69e6bf7a623dc3,APPROVED,2023-09-28T15:45:48.610000Z,2023-09-28T15:50:18.715000Z,2023-10-02T16:47:08.311000Z,2023-09-28T15:50:19.592861Z,271.0,CE2K9TTL,936,"English, French",native language + one other language,Undergraduate degree (BA/BSc/other),Yes,"Yes, I'm colourblind","Economics, Science, Video Games",25,Male,White,United States,United States,United States,English,DATA_EXPIRED,DATA_EXPIRED,
6515a23b1d33c042291ea7c5,63d6756d6b06005c43c7c88e,APPROVED,2023-09-28T15:56:46.781000Z,2023-09-28T16:02:06.768000Z,2023-10-02T16:47:08.530000Z,2023-09-28T16:02:09.133906Z,320.0,CE2K9TTL,109,English,none just my native langauge,Graduate degree (MA/MSc/MPhil/other),No,"Yes, I'm colourblind","Entrepreneurship, Economics, Video Games",40,Male,Asian,United Kingdom,United Kingdom,United Kingdom,English,No,DATA_EXPIRED,
6515adcdb07806b61e9822dd,63ed34dbabf4b9bf03455481,APPROVED,2023-09-28T16:46:07.654000Z,2023-09-28T17:02:11.314000Z,2023-10-02T16:47:08.701000Z,2023-09-28T17:02:11.869301Z,964.0,CE2K9TTL,479,"English, Japanese, Swahili, Urdu, Hindi",native language + three or more other languages,Undergraduate degree (BA/BSc/other),No,"Yes, I'm colourblind","Video Games, Science, Sports",28,Male,Asian,United Kingdom,United Kingdom,United Kingdom,English,No,DATA_EXPIRED,
6515b046d49fedb0527702b2,5ccd7ddc629bea0013d89f42,APPROVED,2023-09-28T16:56:41.133000Z,2023-09-28T17:01:50.562000Z,2023-10-02T16:47:08.888000Z,2023-09-28T17:01:52.507195Z,310.0,CE2K9TTL,17,English,none just my native langauge,High school diploma/A-levels,No,"Yes, I'm colourblind","Science, Health & Fitness, Sports",19,Male,White,United Kingdom,United Kingdom,United Kingdom,English,Yes,Unemployed (and job seeking),
6515b41c2763794d01bac4ae,64ed2750464c77e6b6fca2c8,APPROVED,2023-09-28T17:13:25.630000Z,2023-09-28T17:20:13.781000Z,2023-10-02T16:47:09.058000Z,2023-09-28T17:20:14.415682Z,409.0,CE2K9TTL,5,English,none just my native langauge,Undergraduate degree (BA/BSc/other),No,"Yes, I'm colourblind","Video Games, Health & Fitness, Science",33,Male,White,New Zealand,New Zealand,New Zealand,English,Yes,Full-Time,
6515b9392f16ef657120bb11,63b6c0863cac38cef51210a4,APPROVED,2023-09-28T17:34:56.204000Z,2023-09-28T17:52:53.979000Z,2023-10-02T16:47:09.252000Z,2023-09-28T17:52:54.436381Z,1078.0,CE2K9TTL,858,English,none just my native langauge,High school diploma/A-levels,Yes,"Yes, I'm colourblind","Philosophy, Science, Video Games",34,Male,White,United States,United States,United States,English,No,Unemployed (and job seeking),
6515ba9945cedfdde1e171a4,63d8966cb1c8fda2f6006864,APPROVED,2023-09-28T17:41:20.925000Z,2023-09-28T17:55:33.703000Z,2023-10-02T16:47:09.464000Z,2023-09-28T17:55:34.522945Z,853.0,CE2K9TTL,392,"English, Italian",native language + one other language,Graduate degree (MA/MSc/MPhil/other),No,"Yes, I'm colourblind","Health & Fitness, Psychology, Economics",37,Male,White,United Kingdom,United Kingdom,United Kingdom,English,DATA_EXPIRED,Full-Time,
6515bf2f4b3dabfacc8ede2e,599c56736b939900012da52c,APPROVED,2023-09-28T18:00:18.885000Z,2023-09-28T18:10:28.657000Z,2023-10-02T16:47:09.649000Z,2023-09-28T18:10:29.192218Z,610.0,CE2K9TTL,84,English,none just my native langauge,High school diploma/A-levels,No,"Yes, I'm colourblind","Travelling, Music, Video Games",31,Male,White,United States,United States,United States,English,No,Full-Time,
6515c2582763794d01bac6f8,63d3ff13c170f19987725d18,APPROVED,2023-09-28T18:13:47.178000Z,2023-09-28T18:18:21.658000Z,2023-10-02T16:47:09.854000Z,2023-09-28T18:18:22.469428Z,275.0,CE2K9TTL,287,English,none just my native langauge,Secondary education (e.g. GED/GCSE),Yes,"Yes, I'm colourblind","Music, Philosophy, Video Games",24,Male,White,United States,United States,United States,English,No,Full-Time,
6515c773b3d3acb7a1df023d,6081a85abf2e62aedccc90f2,APPROVED,2023-09-28T18:35:34.774000Z,2023-09-28T18:42:35.289000Z,2023-10-02T16:47:10.051000Z,2023-09-28T18:42:35.771187Z,421.0,CE2K9TTL,77,English,none just my native langauge,High school diploma/A-levels,No,"Yes, I'm colourblind","Entrepreneurship, Video Games, Marketing",31,Male,White,United Kingdom,United Kingdom,United Kingdom,English,No,Part-Time,
6515d1e03389d3cf3fc33524,6448501a005e0fe9d154fa89,APPROVED,2023-09-28T19:20:03.473000Z,2023-09-28T19:28:14.092000Z,2023-10-02T16:47:10.244000Z,2023-09-28T19:28:14.627027Z,491.0,CE2K9TTL,279,English,none just my native langauge,Undergraduate degree (BA/BSc/other),No,"Yes, I'm colourblind","Video Games, Science, Music",27,Male,White,United Kingdom,United Kingdom,United Kingdom,English,No,Full-Time,
6515d8c1e5b8c8b3d564072b,5c190fe2f32daf0001e6edd7,APPROVED,2023-09-28T19:49:24.718000Z,2023-09-28T19:55:54.770000Z,2023-10-02T16:47:10.444000Z,2023-09-28T19:55:55.235798Z,391.0,CE2K9TTL,129,English,none just my native langauge,Graduate degree (MA/MSc/MPhil/other),No,"Yes, I'm colourblind","Sports, Music, Video Games",29,Male,White,United Kingdom,United Kingdom,United Kingdom,English,No,Full-Time,
6515e38c0d0989d59fa024ca,5cc33788666a7c0017b159df,APPROVED,2023-09-28T20:35:26.475000Z,2023-09-28T20:48:01.245000Z,2023-10-02T16:47:10.591000Z,2023-09-28T20:48:01.993665Z,755.0,CE2K9TTL,227,English,none just my native langauge,Secondary education (e.g. GED/GCSE),No,"Yes, I'm colourblind","Music, Philosophy, Video Games",23,Male,Asian,United States,United States,United States,English,No,Unemployed (and job seeking),
6515e6eeea696e8add25db92,5831f08ebfb3b400015a6ad4,APPROVED,2023-09-28T20:50:00.606000Z,2023-09-28T20:58:47.662000Z,2023-10-02T16:47:10.755000Z,2023-09-28T20:58:48.561570Z,528.0,CE2K9TTL,4016,English,none just my native langauge,Undergraduate degree (BA/BSc/other),No,"Yes, I'm colourblind","Sports, Entrepreneurship, Health & Fitness",57,Male,White,United States,United States,United States,English,DATA_EXPIRED,DATA_EXPIRED,
6515f87137f79ecec0b604de,60cb595e2d3b6bed7644024f,APPROVED,2023-09-28T22:04:37.030000Z,2023-09-28T22:10:04.460000Z,2023-10-02T16:47:10.904000Z,2023-09-28T22:10:05.769203Z,328.0,CE2K9TTL,111,English,none just my native langauge,Technical/community college,Yes,"Yes, I'm colourblind","Art, Politics, Video Games",34,Male,White,United States,United States,United States,English,No,"Not in paid work (e.g. homemaker', 'retired or disabled)",
6514997a3b9d939a8fd99d4a,6414254cd69f0656e81ae28c,RETURNED,2023-09-27T21:07:10.671000Z,,,,,,826,CONSENT_REVOKED,CONSENT_REVOKED,,,CONSENT_REVOKED,CONSENT_REVOKED,CONSENT_REVOKED,CONSENT_REVOKED,CONSENT_REVOKED,CONSENT_REVOKED,CONSENT_REVOKED,CONSENT_REVOKED,CONSENT_REVOKED,CONSENT_REVOKED,CONSENT_REVOKED,Not Applicable
65149fe2cbd1f2849aeca835,602160dd499ff3105e0635ef,RETURNED,2023-09-27T21:34:31.743000Z,,,,,,375,CONSENT_REVOKED,CONSENT_REVOKED,,,CONSENT_REVOKED,CONSENT_REVOKED,CONSENT_REVOKED,CONSENT_REVOKED,CONSENT_REVOKED,CONSENT_REVOKED,CONSENT_REVOKED,CONSENT_REVOKED,CONSENT_REVOKED,CONSENT_REVOKED,CONSENT_REVOKED,Not Applicable
6514a0ee1e32bc21134e3f2d,63d40acabb1c70df419c1267,RETURNED,2023-09-27T21:38:57.501000Z,,,,,,732,CONSENT_REVOKED,CONSENT_REVOKED,,,CONSENT_REVOKED,CONSENT_REVOKED,CONSENT_REVOKED,CONSENT_REVOKED,CONSENT_REVOKED,CONSENT_REVOKED,CONSENT_REVOKED,CONSENT_REVOKED,CONSENT_REVOKED,CONSENT_REVOKED,CONSENT_REVOKED,Not Applicable
6514acfb809aa5806ca2b278,611402ce42f8e534b0609399,RETURNED,2023-09-27T22:30:23.664000Z,,,,,,632,CONSENT_REVOKED,CONSENT_REVOKED,,,CONSENT_REVOKED,CONSENT_REVOKED,CONSENT_REVOKED,CONSENT_REVOKED,CONSENT_REVOKED,CONSENT_REVOKED,CONSENT_REVOKED,CONSENT_REVOKED,CONSENT_REVOKED,CONSENT_REVOKED,CONSENT_REVOKED,Not Applicable
6514b1e8511db1fb13cec0e5,63f265ed3f8f2a159b5c793b,RETURNED,2023-09-27T22:51:26.908000Z,,,,,,2253,CONSENT_REVOKED,CONSENT_REVOKED,,,CONSENT_REVOKED,CONSENT_REVOKED,CONSENT_REVOKED,CONSENT_REVOKED,CONSENT_REVOKED,CONSENT_REVOKED,CONSENT_REVOKED,CONSENT_REVOKED,CONSENT_REVOKED,CONSENT_REVOKED,CONSENT_REVOKED,Not Applicable
6514c350ce39eedf8caabb62,63e538c7a895648cdadd5f1e,RETURNED,2023-09-28T00:05:39.930000Z,,,,,,641,CONSENT_REVOKED,CONSENT_REVOKED,,,CONSENT_REVOKED,CONSENT_REVOKED,CONSENT_REVOKED,CONSENT_REVOKED,CONSENT_REVOKED,CONSENT_REVOKED,CONSENT_REVOKED,CONSENT_REVOKED,CONSENT_REVOKED,CONSENT_REVOKED,CONSENT_REVOKED,Not Applicable
6514d900068b080f07ebbe47,61466b4a45ab46341768e35b,RETURNED,2023-09-28T01:38:14.520000Z,,,,,,455,CONSENT_REVOKED,CONSENT_REVOKED,,,CONSENT_REVOKED,CONSENT_REVOKED,CONSENT_REVOKED,CONSENT_REVOKED,CONSENT_REVOKED,CONSENT_REVOKED,CONSENT_REVOKED,CONSENT_REVOKED,CONSENT_REVOKED,CONSENT_REVOKED,CONSENT_REVOKED,Not Applicable
65150ca5dfb7ec55bdb15c9b,5c4b099c5a1824000127e264,TIMED-OUT,2023-09-28T05:18:29.912000Z,,,,17159902.0,,342,English,none just my native langauge,,,"Yes, I'm colourblind","Sports, Music, Entrepreneurship",44,Male,White,United Kingdom,United Kingdom,United Kingdom,English,No,Full-Time,Not Applicable
651510535be5df02a0096707,5dedf76558776a4a4a845c68,RETURNED,2023-09-28T05:34:15.128000Z,,,,,,3210,CONSENT_REVOKED,CONSENT_REVOKED,,,CONSENT_REVOKED,CONSENT_REVOKED,CONSENT_REVOKED,CONSENT_REVOKED,CONSENT_REVOKED,CONSENT_REVOKED,CONSENT_REVOKED,CONSENT_REVOKED,CONSENT_REVOKED,CONSENT_REVOKED,CONSENT_REVOKED,Not Applicable
651511201a32870b58cec102,5bf52a327ea49f0001ba78d0,RETURNED,2023-09-28T05:37:40.036000Z,,,,,,206,CONSENT_REVOKED,CONSENT_REVOKED,,,CONSENT_REVOKED,CONSENT_REVOKED,CONSENT_REVOKED,CONSENT_REVOKED,CONSENT_REVOKED,CONSENT_REVOKED,CONSENT_REVOKED,CONSENT_REVOKED,CONSENT_REVOKED,CONSENT_REVOKED,CONSENT_REVOKED,Not Applicable
65151e8f5209054e2fb2661b,5b168549f6cef00001428386,RETURNED,2023-09-28T06:34:58.981000Z,,,,,,1181,CONSENT_REVOKED,CONSENT_REVOKED,,,CONSENT_REVOKED,CONSENT_REVOKED,CONSENT_REVOKED,CONSENT_REVOKED,CONSENT_REVOKED,CONSENT_REVOKED,CONSENT_REVOKED,CONSENT_REVOKED,CONSENT_REVOKED,CONSENT_REVOKED,CONSENT_REVOKED,Not Applicable
6515240ca94ae44b48a700d7,5e56584b888eb7000a1acb2b,RETURNED,2023-09-28T06:58:22.110000Z,,,,,,2709,CONSENT_REVOKED,CONSENT_REVOKED,,,CONSENT_REVOKED,CONSENT_REVOKED,CONSENT_REVOKED,CONSENT_REVOKED,CONSENT_REVOKED,CONSENT_REVOKED,CONSENT_REVOKED,CONSENT_REVOKED,CONSENT_REVOKED,CONSENT_REVOKED,CONSENT_REVOKED,Not Applicable
65152a104e133bd427ec280c,650dfa21ca79219349fcdff7,RETURNED,2023-09-28T07:24:04.694000Z,,,,,,429,CONSENT_REVOKED,CONSENT_REVOKED,,,CONSENT_REVOKED,CONSENT_REVOKED,CONSENT_REVOKED,CONSENT_REVOKED,CONSENT_REVOKED,CONSENT_REVOKED,CONSENT_REVOKED,CONSENT_REVOKED,CONSENT_REVOKED,CONSENT_REVOKED,CONSENT_REVOKED,Not Applicable
6515300ace5be109c6f6487a,63d3f99c57f6b09e77ce7c82,RETURNED,2023-09-28T07:49:33.386000Z,,,,,,870,CONSENT_REVOKED,CONSENT_REVOKED,,,CONSENT_REVOKED,CONSENT_REVOKED,CONSENT_REVOKED,CONSENT_REVOKED,CONSENT_REVOKED,CONSENT_REVOKED,CONSENT_REVOKED,CONSENT_REVOKED,CONSENT_REVOKED,CONSENT_REVOKED,CONSENT_REVOKED,Not Applicable
6515ad698bb5632f9c1b382a,65030c934b75df5103647253,RETURNED,2023-09-28T16:44:29.788000Z,,,,,,116,CONSENT_REVOKED,CONSENT_REVOKED,,,CONSENT_REVOKED,CONSENT_REVOKED,CONSENT_REVOKED,CONSENT_REVOKED,CONSENT_REVOKED,CONSENT_REVOKED,CONSENT_REVOKED,CONSENT_REVOKED,CONSENT_REVOKED,CONSENT_REVOKED,CONSENT_REVOKED,Not Applicable
6515c30f6a93e9fc09a11489,60799c99d0e2e5af00503b69,RETURNED,2023-09-28T18:16:51.955000Z,,,,,,2037,CONSENT_REVOKED,CONSENT_REVOKED,,,CONSENT_REVOKED,CONSENT_REVOKED,CONSENT_REVOKED,CONSENT_REVOKED,CONSENT_REVOKED,CONSENT_REVOKED,CONSENT_REVOKED,CONSENT_REVOKED,CONSENT_REVOKED,CONSENT_REVOKED,CONSENT_REVOKED,Not Applicable
6514939ad33a6b8b73e8f528,63cefcdc3f87b5a8b88eba2f,APPROVED,2023-09-27T20:43:36.980000Z,2023-09-27T20:51:38.768000Z,2023-10-02T16:46:52.257000Z,2023-09-27T20:51:39.405000Z,482.0,CE2K9TTL,111,English,none just my native langauge,,,"Yes, I'm colourblind","Politics, Sports, Health & Fitness",26,Male,White,United Kingdom,United Kingdom,United Kingdom,English,DATA_EXPIRED,DATA_EXPIRED,Not Applicable
651494ac415b0cb1cda783df,63e51c2e943e72306dfa8cdc,APPROVED,2023-09-27T20:46:40.356000Z,2023-09-27T20:54:21.991000Z,2023-10-02T16:46:52.450000Z,2023-09-27T20:54:22.789000Z,462.0,CE2K9TTL,365,"English, French",native language + one other language,,,"Yes, I'm colourblind","Art, Health & Fitness",24,Male,White,United Kingdom,United Kingdom,United Kingdom,English,DATA_EXPIRED,DATA_EXPIRED,Not Applicable
65149868592540374f45ebdb,63dd37970407f565167e5361,APPROVED,2023-09-27T21:02:40.143000Z,2023-09-27T21:08:08.848000Z,2023-10-02T16:46:52.649000Z,2023-09-27T21:09:13.299000Z,329.0,CE2K9TTL,574,English,none just my native langauge,,,"Yes, I'm colourblind","Sports, Video Games, Psychology",20,Male,Mixed,United Kingdom,United Kingdom,United Kingdom,English,Yes,Unemployed (and job seeking),Not Applicable
651498ab26d27d7dd8ca0ffc,63d79eee3050f200940fd28d,APPROVED,2023-09-27T21:03:52.328000Z,2023-09-27T21:12:15.911000Z,2023-10-02T16:46:52.844000Z,2023-09-27T21:12:16.708000Z,504.0,CE2K9TTL,901,English,none just my native langauge,,,"Yes, I'm colourblind","Travelling, Sports, Music",46,Male,White,United Kingdom,United Kingdom,United Kingdom,English,No,Part-Time,Not Applicable
651499c43ebe8e29839075ed,6287cd51ee7abcc38dc156f2,APPROVED,2023-09-27T21:08:25.789000Z,2023-09-27T21:14:32.666000Z,2023-10-02T16:46:53.020000Z,2023-09-27T21:14:33.649000Z,367.0,CE2K9TTL,153,English,none just my native langauge,,,"Yes, I'm colourblind","Entrepreneurship, Sports, Travelling",33,Male,White,United Kingdom,United Kingdom,United Kingdom,English,DATA_EXPIRED,DATA_EXPIRED,Not Applicable
65149ac604536dd6c20855b1,644150ada063f0646fa94580,APPROVED,2023-09-27T21:12:42.049000Z,2023-09-27T21:19:01.488000Z,2023-10-02T16:46:53.194000Z,2023-09-27T21:19:02.241000Z,380.0,CE2K9TTL,572,English,none just my native langauge,,,"Yes, I'm colourblind","Video Games, Music, Health & Fitness",24,Male,White,United Kingdom,United Kingdom,United Kingdom,English,No,Unemployed (and job seeking),Not Applicable
65149b3a1abaa3a5a64a0005,63d3fb4fd3c313dca0920312,APPROVED,2023-09-27T21:14:40.483000Z,2023-09-27T21:23:07.011000Z,2023-10-02T16:46:53.371000Z,2023-09-27T21:23:07.843000Z,507.0,CE2K9TTL,391,English,none just my native langauge,,,"Yes, I'm colourblind","Health & Fitness, Politics, Sports",35,Male,White,United Kingdom,United Kingdom,United Kingdom,English,DATA_EXPIRED,DATA_EXPIRED,Not Applicable
65149bfa31d3db6ef1b26609,5c288e65867f660001ae8f36,APPROVED,2023-09-27T21:17:49.686000Z,2023-09-27T21:24:10.770000Z,2023-10-02T16:46:53.549000Z,2023-09-27T21:24:11.531000Z,382.0,CE2K9TTL,957,English,none just my native langauge,,,"Yes, I'm colourblind","Sports, Music, Travelling",33,Male,White,United Kingdom,United Kingdom,United Kingdom,English,No,Full-Time,Not Applicable
65149c70b1b895e6fc6ee88c,63d4315d46c8643186d488f7,APPROVED,2023-09-27T21:19:47.398000Z,2023-09-27T21:26:44.842000Z,2023-10-02T16:46:53.744000Z,2023-09-27T21:26:45.744000Z,418.0,CE2K9TTL,695,English,none just my native langauge,,,"Yes, I'm colourblind","Health & Fitness, Science, Video Games",41,Male,White,United Kingdom,United Kingdom,United Kingdom,English,No,"Not in paid work (e.g. homemaker', 'retired or disabled)",Not Applicable
65149d902fdae1acb613b258,6509ad3e10014974dfe2f77c,APPROVED,2023-09-27T21:24:37.306000Z,2023-09-27T21:33:44.564000Z,2023-10-02T16:46:53.936000Z,2023-09-27T21:33:45.678000Z,548.0,CE2K9TTL,198,English,none just my native langauge,,,"Yes, I'm colourblind","Economics, Video Games, Sports",37,Male,White,Canada,Canada,Canada,English,No,Full-Time,Not Applicable
6514a05a03eaf7efcbdec67b,5b9b7d4608c0fc0001472a30,APPROVED,2023-09-27T21:36:29.748000Z,2023-09-27T21:43:54.514000Z,2023-10-02T16:46:54.104000Z,2023-09-27T21:44:22.077000Z,445.0,CE2K9TTL,555,English,none just my native langauge,,,"Yes, I'm colourblind","Politics, Sports, Music",53,Male,White,United Kingdom,United Kingdom,United Kingdom,English,DATA_EXPIRED,DATA_EXPIRED,Not Applicable
6514a3e5c6110ad65a14924c,573116d21efe74000e308d26,APPROVED,2023-09-27T21:51:36.941000Z,2023-09-27T21:56:00.896000Z,2023-10-02T16:46:54.266000Z,2023-09-27T21:56:02.868000Z,264.0,CE2K9TTL,469,English,none just my native langauge,,,"Yes, I'm colourblind","Psychology, Music, Entrepreneurship",33,Male,White,Canada,Canada,Canada,English,No,Full-Time,Not Applicable
6514a4215846cccb639277aa,615dd79ed16dba94e3f7b2ef,APPROVED,2023-09-27T21:52:37.690000Z,2023-09-27T21:58:32.255000Z,2023-10-02T16:46:54.419000Z,2023-09-27T21:58:33.026000Z,355.0,CE2K9TTL,2736,English,none just my native langauge,,,"Yes, I'm colourblind","Economics, Science, Video Games",31,Male,White,United States,United States,United States,English,Yes,Full-Time,Not Applicable
6514a5fcf285e64010f40bcf,63d3ff7455fe68b811ef6b57,APPROVED,2023-09-27T22:00:30.967000Z,2023-09-27T22:04:43.001000Z,2023-10-02T16:46:54.601000Z,2023-09-27T22:06:35.699000Z,253.0,CE2K9TTL,1064,English,none just my native langauge,,,"Yes, I'm colourblind","Music, Video Games, Travelling",19,Male,White,United Kingdom,United Kingdom,United Kingdom,English,Yes,Unemployed (and job seeking),Not Applicable
6514a757d6ff4e7b9ccec10f,5dec6a96da522335df62a1b5,APPROVED,2023-09-27T22:06:24.490000Z,2023-09-27T22:16:54.038000Z,2023-10-02T16:46:54.764000Z,2023-09-27T22:16:54.819000Z,630.0,CE2K9TTL,977,English,none just my native langauge,,,"Yes, I'm colourblind","Video Games, Art, Music",31,Male,White,Canada,Canada,Canada,English,No,Full-Time,Not Applicable
6514a78dee27710a1dd74500,6293c7cef1af3c7badc3e25b,APPROVED,2023-09-27T22:07:12.771000Z,2023-09-27T22:11:11.656000Z,2023-10-02T16:46:54.927000Z,2023-09-27T22:11:12.424000Z,239.0,CE2K9TTL,743,English,none just my native langauge,,,"Yes, I'm colourblind","Video Games, Sociology, Mathematics",30,Male,White,United States,United States,United States,English,No,Full-Time,Not Applicable
6514a902e0c6346040be4c5b,6401a92fa70fe5c6eebb1aec,APPROVED,2023-09-27T22:13:24.450000Z,2023-09-27T22:16:55.533000Z,2023-10-02T16:46:55.092000Z,2023-09-27T22:16:56.325000Z,212.0,CE2K9TTL,688,DATA_EXPIRED,DATA_EXPIRED,,,DATA_EXPIRED,DATA_EXPIRED,DATA_EXPIRED,DATA_EXPIRED,DATA_EXPIRED,DATA_EXPIRED,DATA_EXPIRED,DATA_EXPIRED,DATA_EXPIRED,DATA_EXPIRED,DATA_EXPIRED,Not Applicable
6514aa06bdaebb65b8b265f1,6344febaa4f84c624010aa31,APPROVED,2023-09-27T22:24:27.133000Z,2023-09-27T22:58:21.266000Z,2023-10-02T16:46:55.293000Z,2023-09-27T22:58:24.308000Z,2035.0,CE2K9TTL,2468,"Spanish, English",native language + one other language,,,"Yes, I'm colourblind","Sports, Music, Video Games",25,Male,Other,United States,United States,United States,English,Yes,Full-Time,Not Applicable
6514aa5ca9a7da0c7d08559b,63d1679775944f49f3af5290,APPROVED,2023-09-27T22:19:54.110000Z,2023-09-27T22:22:24.106000Z,2023-10-02T16:46:55.522000Z,2023-09-27T22:22:25.507000Z,150.0,C83SZB70,1547,English,none just my native langauge,,,"Yes, I'm colourblind","Politics, Economics, Sports",48,Male,Black,United States,United States,United States,English,No,"Not in paid work (e.g. homemaker', 'retired or disabled)",Not Applicable
6514aa812d1bf89210c56275,62c3b1a4336684ef3487547e,APPROVED,2023-09-27T22:19:48.301000Z,2023-09-27T22:23:47.200000Z,2023-10-02T16:46:55.675000Z,2023-09-27T22:23:48.683000Z,239.0,CE2K9TTL,2342,English,none just my native langauge,,,"Yes, I'm colourblind","Sports, Travelling",29,Male,White,United States,United States,United States,English,No,Full-Time,Not Applicable
6514ab2535cf4938a0a067ed,6413f13b9b3129923f190e1e,APPROVED,2023-09-27T22:22:34.882000Z,2023-09-27T22:28:52.557000Z,2023-10-02T16:46:55.913000Z,2023-09-27T22:28:53.348000Z,378.0,CE2K9TTL,1654,English,none just my native langauge,,,"Yes, I'm colourblind","Entrepreneurship, Politics, Science",42,Male,White,United States,United States,United States,English,DATA_EXPIRED,DATA_EXPIRED,Not Applicable
6514ab917069109a0e9a6fbc,6409085e3b56647bcd71fdc3,APPROVED,2023-09-27T22:24:21.855000Z,2023-09-27T22:35:19.402000Z,2023-10-02T16:46:56.080000Z,2023-09-27T22:35:20.200000Z,658.0,CE2K9TTL,1443,DATA_EXPIRED,DATA_EXPIRED,,,DATA_EXPIRED,DATA_EXPIRED,DATA_EXPIRED,DATA_EXPIRED,DATA_EXPIRED,DATA_EXPIRED,DATA_EXPIRED,DATA_EXPIRED,DATA_EXPIRED,DATA_EXPIRED,DATA_EXPIRED,Not Applicable
6514abb51193eec8a4a2b2a6,63d9c4ea4b5efb771f895e11,APPROVED,2023-09-27T22:24:56.362000Z,2023-09-27T22:31:11.806000Z,2023-10-02T16:46:56.256000Z,2023-09-27T22:31:13.941000Z,376.0,CE2K9TTL,1236,English,none just my native langauge,,,"Yes, I'm colourblind","Science, Travelling, Politics",52,Male,White,United States,United States,United States,English,No,Full-Time,Not Applicable
6514ac2b21cac9dbd8c56272,64457bc906c125cebd4bf66b,APPROVED,2023-09-27T22:26:54.967000Z,2023-09-27T22:32:41.571000Z,2023-10-02T16:46:56.423000Z,2023-09-27T22:32:42.360000Z,347.0,CE2K9TTL,706,English,none just my native langauge,,,"Yes, I'm colourblind","Travelling, Literature, Music",75,Male,White,United Kingdom,United Kingdom,United Kingdom,English,No,"Not in paid work (e.g. homemaker', 'retired or disabled)",Not Applicable
6514ac977a17f258dc1db372,6441c37f5666c66e67eba833,APPROVED,2023-09-27T22:28:42.153000Z,2023-09-27T22:40:14.138000Z,2023-10-02T16:46:56.575000Z,2023-09-27T22:40:14.961000Z,692.0,CE2K9TTL,2204,English,native language + one other language,,,"Yes, I'm colourblind",Science,26,Male,Black,United States,United States,United States,English,No,Full-Time,Not Applicable
6514ae01160b70029f1db347,6474a86474b12fd778ae530f,APPROVED,2023-09-27T22:34:50.521000Z,2023-09-27T22:42:48.630000Z,2023-10-02T16:46:56.776000Z,2023-09-27T22:42:53.363000Z,479.0,CE2K9TTL,2719,English,none just my native langauge,,,"Yes, I'm colourblind","Health & Fitness, Music, Science",68,Male,White,United States,United States,United States,English,No,"Not in paid work (e.g. homemaker', 'retired or disabled)",Not Applicable
6514ae8aa1a8dc97ac0c83c3,5d7336e98176400015e87da9,APPROVED,2023-09-27T22:37:02.824000Z,2023-09-27T22:43:56.194000Z,2023-10-02T16:46:56.914000Z,2023-09-27T22:43:57.375000Z,414.0,CE2K9TTL,667,English,none just my native langauge,,,"Yes, I'm colourblind","Economics, Health & Fitness, Psychology",26,Male,Black,United States,United States,United States,English,DATA_EXPIRED,DATA_EXPIRED,Not Applicable
6514b2ecd3c9e4258e394174,5e9ce0a46976671ceda6082a,APPROVED,2023-09-27T22:55:47.049000Z,2023-09-27T23:02:54.395000Z,2023-10-02T16:46:57.118000Z,2023-09-27T23:02:57.844000Z,428.0,CE2K9TTL,3700,English,none just my native langauge,,,"Yes, I'm colourblind","Video Games, Economics, Politics",40,Male,White,United States,United States,United States,English,DATA_EXPIRED,Full-Time,Not Applicable
6514b846e7a222e47ecec0e2,647c63a4b86409f3df84337b,APPROVED,2023-09-27T23:18:36.038000Z,2023-09-27T23:25:38.765000Z,2023-10-02T16:46:57.302000Z,2023-09-27T23:25:40.184000Z,423.0,CE2K9TTL,356,English,none just my native langauge,,,"Yes, I'm colourblind","Sports, Travelling, Music",57,Male,White,United Kingdom,United Kingdom,United Kingdom,English,DATA_EXPIRED,DATA_EXPIRED,Not Applicable
6514b97c475efc699ca38189,6288200662bdd110ddecad7a,APPROVED,2023-09-27T23:23:42.723000Z,2023-09-27T23:30:36.459000Z,2023-10-02T16:46:57.508000Z,2023-09-27T23:30:37.729000Z,414.0,CE2K9TTL,4243,English,none just my native langauge,,,"Yes, I'm colourblind","Literature, Video Games, Psychology",35,Male,Asian,Korea,United States,United States,English,No,Full-Time,Not Applicable
6514b9fbde8f9a7db3bbda56,6400d8fbeba2f9f8eb604b9a,APPROVED,2023-09-27T23:25:49.870000Z,2023-09-27T23:30:05.615000Z,2023-10-02T16:46:57.721000Z,2023-09-27T23:30:06.403000Z,256.0,CE2K9TTL,3250,English,none just my native langauge,,,"Yes, I'm colourblind","Video Games, Music, Mathematics",40,Male,Asian,United States,United States,United States,English,Yes,Full-Time,Not Applicable
6514be57265a0ca4417fe0aa,60f43c3a0fd9723feba1af38,APPROVED,2023-09-27T23:44:28.524000Z,2023-09-27T23:52:39.189000Z,2023-10-02T16:46:57.914000Z,2023-09-27T23:52:40.689000Z,491.0,CE2K9TTL,7126,"French, English",native language + one other language,,,"Yes, I'm colourblind","Health & Fitness, Travelling, Politics",53,Male,White,France,United States,United States,English,DATA_EXPIRED,Full-Time,Not Applicable
6514bfd55d7b4525eaed913c,5cf58c09370a0800017d209d,APPROVED,2023-09-27T23:50:48.117000Z,2023-09-27T23:58:17.358000Z,2023-10-02T16:46:58.098000Z,2023-09-27T23:58:18.056000Z,450.0,CE2K9TTL,660,English,none just my native langauge,,,"Yes, I'm colourblind","Entrepreneurship, Psychology, Philosophy",26,Male,Mixed,United Kingdom,United Kingdom,United Kingdom,English,No,Part-Time,Not Applicable
6514c128daf32878f050fae2,5d0c1a934eb063000140ad67,APPROVED,2023-09-27T23:56:24.272000Z,2023-09-28T00:06:33.670000Z,2023-10-02T16:46:58.298000Z,2023-09-28T00:14:07.101000Z,610.0,CE2K9TTL,447,English,none just my native langauge,,,"Yes, I'm colourblind","Travelling, Video Games, Sports",46,Male,White,Canada,Canada,Canada,English,No,Full-Time,Not Applicable
6514c50da3769501a01e5dda,63d1453d6642f3be4e140681,APPROVED,2023-09-28T00:13:04.812000Z,2023-09-28T00:17:17.099000Z,2023-10-02T16:46:58.505000Z,2023-09-28T00:17:17.931000Z,253.0,CE2K9TTL,312,"English, Hindi, Nepali",native language + two other languages,,,"Yes, I'm colourblind","Music, Science, Sports",19,Male,Asian,United States,United States,United States,English,Yes,Part-Time,Not Applicable
6514c8005ddde4001bf648a0,601b28841ca7bb2f8edaa293,APPROVED,2023-09-28T00:26:25.199000Z,2023-09-28T00:33:24.023000Z,2023-10-02T16:46:58.688000Z,2023-09-28T00:33:24.714000Z,419.0,CE2K9TTL,3109,English,none just my native langauge,,,"Yes, I'm colourblind","Music, Video Games, Health & Fitness",32,Male,Mixed,United States,United States,United States,English,No,DATA_EXPIRED,Not Applicable
6514ca516a991c9c8587aae6,5f3302a8aea7430e3fba8764,APPROVED,2023-09-28T00:35:32.306000Z,2023-09-28T00:44:51.660000Z,2023-10-02T16:46:58.897000Z,2023-09-28T00:44:52.356000Z,560.0,CE2K9TTL,693,English,none just my native langauge,,,"Yes, I'm colourblind","Entrepreneurship, Sports, Video Games",29,Male,Asian,United Kingdom,United Kingdom,United Kingdom,English,DATA_EXPIRED,DATA_EXPIRED,Not Applicable
6514d56823abc4684f74934b,64136140e1cce438bf993257,APPROVED,2023-09-28T01:22:52.076000Z,2023-09-28T01:28:09.117000Z,2023-10-02T16:46:59.090000Z,2023-09-28T01:28:09.924000Z,318.0,CE2K9TTL,716,English,none just my native langauge,,,"Yes, I'm colourblind","Video Games, Sports, Politics",34,Male,White,United States,United States,United States,English,DATA_EXPIRED,DATA_EXPIRED,Not Applicable
6514e8990ec4950a5da700c3,645eecf7a8859a21fe1daf22,APPROVED,2023-09-28T02:44:46.777000Z,2023-09-28T02:55:57.366000Z,2023-10-02T16:46:59.729000Z,2023-09-28T02:55:58.104000Z,671.0,CE2K9TTL,1072,English,none just my native langauge,,,"Yes, I'm colourblind","Economics, Politics, Entrepreneurship",66,Male,White,United States,United States,United States,English,No,Full-Time,Not Applicable
6514eae718a6a8e3c6aa0955,6293f40cb830603d3dbe5d9a,APPROVED,2023-09-28T02:54:35.082000Z,2023-09-28T03:00:20.381000Z,2023-10-02T16:46:59.932000Z,2023-09-28T03:00:21.151000Z,346.0,CE2K9TTL,2442,English,none just my native langauge,,,"Yes, I'm colourblind","Music, Video Games, Sports",35,Male,White,United States,United States,United States,English,No,Full-Time,Not Applicable
6514eb1365fb9f2156096712,5c6f906672c0e50001d9332a,APPROVED,2023-09-28T02:55:19.156000Z,2023-09-28T02:59:19.342000Z,2023-10-02T16:47:00.160000Z,2023-09-28T02:59:25.110000Z,241.0,CE2K9TTL,2784,"English, Spanish",native language + one other language,,,"Yes, I'm colourblind","Video Games, Music, Science",31,Male,White,United States,United States,United States,English,No,Full-Time,Not Applicable
6514f7b0adb05ad7ba9075cc,614ff0e46917f9f167032206,APPROVED,2023-09-28T03:49:04.051000Z,2023-09-28T03:56:59.963000Z,2023-10-02T16:47:00.323000Z,2023-09-28T03:57:00.814000Z,476.0,CE2K9TTL,199,English,none just my native langauge,,,"Yes, I'm colourblind",Science,65,Male,White,Australia,Australia,Australia,English,No,"Not in paid work (e.g. homemaker', 'retired or disabled)",Not Applicable
6514face7cccb118de149257,64307c41aa1212bc732f9dfc,APPROVED,2023-09-28T04:02:26.462000Z,2023-09-28T04:08:26.403000Z,2023-10-02T16:47:00.519000Z,2023-09-28T04:08:27.230000Z,360.0,CE2K9TTL,1322,English,none just my native langauge,,,"Yes, I'm colourblind","Politics, Sports, Entrepreneurship",64,Male,White,United States,United States,United States,English,No,"Not in paid work (e.g. homemaker', 'retired or disabled)",Not Applicable
6515046802be5b2c26f40ba8,5ee4a14b578f8a000b384376,APPROVED,2023-09-28T04:43:41.338000Z,2023-09-28T04:49:55.785000Z,2023-10-02T16:47:00.692000Z,2023-09-28T04:49:56.570000Z,375.0,CE2K9TTL,1454,English,none just my native langauge,,,"Yes, I'm colourblind","Travelling, Video Games, Literature",48,Male,White,United Kingdom,United Kingdom,United Kingdom,English,No,Full-Time,Not Applicable
65150abe9f43517d59ec280a,5ca0de7d8001d50018c69031,APPROVED,2023-09-28T05:12:11.367000Z,2023-09-28T05:23:30.502000Z,2023-10-02T16:47:00.844000Z,2023-09-28T05:23:31.307000Z,680.0,CE2K9TTL,1456,English,none just my native langauge,,,"Yes, I'm colourblind","Music, Sports, Economics",32,Male,White,United Kingdom,United Kingdom,United Kingdom,English,DATA_EXPIRED,DATA_EXPIRED,Not Applicable
65150afed93c0ba4289075ee,63d79eb140827bcc78bcce66,APPROVED,2023-09-28T05:11:29.422000Z,2023-09-28T05:17:23.025000Z,2023-10-02T16:47:00.998000Z,2023-09-28T05:17:23.801000Z,354.0,CE2K9TTL,1017,English,none just my native langauge,,,"Yes, I'm colourblind","Travelling, Music, Sports",37,Male,White,United Kingdom,United Kingdom,United Kingdom,English,No,Full-Time,Not Applicable
65150dc27ebb245f9df6487b,5820ab7820c34d0001e6dff2,APPROVED,2023-09-28T05:23:19.912000Z,2023-09-28T05:28:04.057000Z,2023-10-02T16:47:01.159000Z,2023-09-28T05:28:04.996000Z,285.0,CE2K9TTL,3305,English,native language + one other language,,,"Yes, I'm colourblind","Science, Video Games, Health & Fitness",32,Male,Asian,United States,United States,United States,English,No,Full-Time,Not Applicable
65151123fb0702326c45ebc5,5f776804a5ab6f298bf495a2,APPROVED,2023-09-28T05:37:42.061000Z,2023-09-28T05:44:43.345000Z,2023-10-02T16:47:01.319000Z,2023-09-28T05:44:44.309000Z,422.0,CE2K9TTL,93,"English, Hebrew",native language + one other language,,,"Yes, I'm colourblind","Video Games, Mathematics, Music",34,Male,White,Israel,Israel,Israel,English,DATA_EXPIRED,DATA_EXPIRED,Not Applicable
651515d80d2e699e06464231,62c53da662a6fb85b6c814a1,APPROVED,2023-09-28T05:57:47.099000Z,2023-09-28T06:03:55.834000Z,2023-10-02T16:47:01.503000Z,2023-09-28T06:03:56.747000Z,369.0,CE2K9TTL,494,English,none just my native langauge,,,"Yes, I'm colourblind","Health & Fitness, Video Games, Travelling",32,Male,White,United Kingdom,United Kingdom,United Kingdom,English,No,Full-Time,Not Applicable
65151925172d1a74aa749321,63f39a1df25de13147b90d08,APPROVED,2023-09-28T06:11:52.268000Z,2023-09-28T06:15:59.973000Z,2023-10-02T16:47:01.652000Z,2023-09-28T06:16:00.753000Z,248.0,CE2K9TTL,260,"English, German",native language + one other language,,,"Yes, I'm colourblind","Entrepreneurship, Psychology, Politics",22,Male,White,United Kingdom,United Kingdom,United Kingdom,English,DATA_EXPIRED,DATA_EXPIRED,Not Applicable
651519661f2aa8584da700d6,63e75088facdce331ef18d74,APPROVED,2023-09-28T06:12:57.059000Z,2023-09-28T06:21:55.437000Z,2023-10-02T16:47:01.800000Z,2023-09-28T06:21:56.291000Z,539.0,CE2K9TTL,626,English,none just my native langauge,,,"Yes, I'm colourblind","Art, Politics, Travelling",45,Male,White,Australia,United Kingdom,United Kingdom,English,DATA_EXPIRED,DATA_EXPIRED,Not Applicable
651519fea173a4959572f590,63eb52da0490f2bb8056be48,APPROVED,2023-09-28T06:15:26.799000Z,2023-09-28T06:23:49.518000Z,2023-10-02T16:47:01.995000Z,2023-09-28T06:23:50.296000Z,503.0,CE2K9TTL,519,English,none just my native langauge,,,"Yes, I'm colourblind","Art, Video Games, Entrepreneurship",42,Male,White,United Kingdom,United Kingdom,United Kingdom,English,No,Other,Not Applicable
65151aea1118245fe6e8f4df,5c5aac7092783400014b24ca,APPROVED,2023-09-28T06:19:22.750000Z,2023-09-28T06:27:58.120000Z,2023-10-02T16:47:02.235000Z,2023-09-28T06:28:05.625000Z,516.0,CE2K9TTL,109,English,none just my native langauge,,,"Yes, I'm colourblind","Sports, Travelling, Politics",32,Male,White,United Kingdom,United Kingdom,United Kingdom,English,DATA_EXPIRED,DATA_EXPIRED,Not Applicable
651521fa16511ce8761db36c,63d447dff5d5b197f0d02275,APPROVED,2023-09-28T06:49:37.422000Z,2023-09-28T06:56:46.125000Z,2023-10-02T16:47:02.418000Z,2023-09-28T06:56:46.898000Z,429.0,CE2K9TTL,1154,English,none just my native langauge,,,"Yes, I'm colourblind","Politics, Health & Fitness, Sports",30,Male,White,United Kingdom,United Kingdom,United Kingdom,English,No,Full-Time,Not Applicable
651522bd42e1022e4987aafb,59518033c58c85000101df8f,APPROVED,2023-09-28T06:52:51.068000Z,2023-09-28T06:57:33.619000Z,2023-10-02T16:47:02.608000Z,2023-09-28T06:57:34.441000Z,283.0,CE2K9TTL,437,English,none just my native langauge,,,"Yes, I'm colourblind","Politics, Science, Health & Fitness",32,Male,White,United Kingdom,United Kingdom,United Kingdom,English,DATA_EXPIRED,DATA_EXPIRED,Not Applicable
651523d9af51c910a7aa093e,56114aa67ffc8a000f81148d,APPROVED,2023-09-28T06:57:32.549000Z,2023-09-28T07:02:30.154000Z,2023-10-02T16:47:02.827000Z,2023-09-28T07:02:31.008000Z,298.0,CE2K9TTL,3080,English,none just my native langauge,,,"Yes, I'm colourblind","Art, Travelling, Music",52,Male,White,United Kingdom,United Kingdom,United Kingdom,English,No,Full-Time,Not Applicable
651524fbd27ba16cddb26623,63d6607ac75addc076b9ce5e,APPROVED,2023-09-28T07:02:23.349000Z,2023-09-28T07:08:33.727000Z,2023-10-02T16:47:03.002000Z,2023-09-28T07:08:34.491000Z,371.0,CE2K9TTL,354,English,none just my native langauge,,,"Yes, I'm colourblind","Health & Fitness, Art, Literature",31,Male,White,United Kingdom,United Kingdom,United Kingdom,English,DATA_EXPIRED,DATA_EXPIRED,Not Applicable
65152597e199ed437f04117a,64f6c82c1940a94c6aa1e9b3,APPROVED,2023-09-28T07:04:59.934000Z,2023-09-28T07:13:42.008000Z,2023-10-02T16:47:03.197000Z,2023-09-28T07:13:43.112000Z,523.0,CE2K9TTL,40,English,none just my native langauge,,,"Yes, I'm colourblind","Video Games, Philosophy, Entrepreneurship",22,Male,Mixed,Canada,Canada,Canada,English,No,Full-Time,Not Applicable
6515269863b9774056f648a4,65047b9d7f27362d177b824b,APPROVED,2023-09-28T07:09:15.471000Z,2023-09-28T07:23:58.133000Z,2023-10-02T16:47:03.391000Z,2023-09-28T07:23:58.984000Z,883.0,CE2K9TTL,66,English,none just my native langauge,,,"Yes, I'm colourblind","Literature, Sports, Video Games",27,Male,White,United States,United States,United States,English,DATA_EXPIRED,DATA_EXPIRED,Not Applicable
6515287f0298b55754749370,63d79d9bdcff357d2f18fff0,APPROVED,2023-09-28T07:17:22.705000Z,2023-09-28T07:21:08.488000Z,2023-10-02T16:47:03.613000Z,2023-09-28T07:21:09.422000Z,226.0,CE2K9TTL,995,"English, Hindi, Punjabi",none just my native langauge,,,"Yes, I'm colourblind","Health & Fitness, Sports, Travelling",31,Male,Asian,United Kingdom,United Kingdom,United Kingdom,English,No,Due to start a new job within the next month,Not Applicable
65152bd0540284c94c9d5092,5dd012a97b6a661093d36b8e,APPROVED,2023-09-28T07:31:30.786000Z,2023-09-28T07:50:57.789000Z,2023-10-02T16:47:03.798000Z,2023-09-28T07:50:59.143000Z,1168.0,CE2K9TTL,1334,English,none just my native langauge,,,"Yes, I'm colourblind","Video Games, Psychology, Sociology",26,Male,Mixed,United Kingdom,United Kingdom,United Kingdom,English,No,Full-Time,Not Applicable
651530d216a0dc4221f40ba8,650b2464cd025d05b6a75aed,APPROVED,2023-09-28T07:52:56.711000Z,2023-09-28T07:59:05.844000Z,2023-10-02T16:47:03.971000Z,2023-09-28T07:59:06.606000Z,370.0,CE2K9TTL,234,English,none just my native langauge,,,"Yes, I'm colourblind","Politics, Sports, Travelling",39,Male,White,United Kingdom,United Kingdom,United Kingdom,English,DATA_EXPIRED,DATA_EXPIRED,Not Applicable
65153180af649e6a9cbbda89,63e51d45dc45fc301d4ea52b,APPROVED,2023-09-28T07:55:44.845000Z,2023-09-28T07:59:38.227000Z,2023-10-02T16:47:04.162000Z,2023-09-28T07:59:39.086000Z,234.0,CE2K9TTL,286,"English, Dutch",native language + one other language,,,"Yes, I'm colourblind","Mathematics, Science, Video Games",19,Male,White,United Kingdom,United Kingdom,United Kingdom,English,DATA_EXPIRED,DATA_EXPIRED,Not Applicable
651531e024145c404b6ee88a,650aef0883195e21592237ec,APPROVED,2023-09-28T07:58:16.267000Z,2023-09-28T08:18:40.027000Z,2023-10-02T16:47:04.345000Z,2023-09-28T08:18:40.879000Z,1224.0,CE2K9TTL,192,DATA_EXPIRED,DATA_EXPIRED,,,DATA_EXPIRED,DATA_EXPIRED,DATA_EXPIRED,DATA_EXPIRED,DATA_EXPIRED,DATA_EXPIRED,DATA_EXPIRED,DATA_EXPIRED,DATA_EXPIRED,DATA_EXPIRED,DATA_EXPIRED,Not Applicable
65153248a8e03b1094927786,63f7c60b1e096c2df51e3071,APPROVED,2023-09-28T07:59:04.225000Z,2023-09-28T08:03:26.144000Z,2023-10-02T16:47:04.522000Z,2023-09-28T08:03:26.922000Z,262.0,is:CE2K9TTL,890,English,none just my native langauge,,,"Yes, I'm colourblind","Sports, Travelling, Psychology",41,Male,White,United Kingdom,United Kingdom,United Kingdom,English,No,Full-Time,Not Applicable
6515337eca223f6d41b15cc0,63f77f79278126e103659cf4,APPROVED,2023-09-28T08:04:57.868000Z,2023-09-28T08:11:45.660000Z,2023-10-02T16:47:04.675000Z,2023-09-28T08:11:46.919000Z,408.0,CE2K9TTL,786,English,none just my native langauge,,,"Yes, I'm colourblind","Sports, Video Games, Entrepreneurship",28,Male,White,United Kingdom,United Kingdom,United Kingdom,English,No,Full-Time,Not Applicable
651537975bb148f9191e5de2,5b20bb8668a5ed000173e0b4,APPROVED,2023-09-28T08:21:45.691000Z,2023-09-28T08:26:15.393000Z,2023-10-02T16:47:04.832000Z,2023-09-28T08:26:16.292000Z,270.0,CE2K9TTL,1977,English,none just my native langauge,,,"Yes, I'm colourblind","Sports, Music, Video Games",28,Male,White,United States,United States,United States,English,No,Part-Time,Not Applicable
65153c2c46bce8e36745ebd0,63ea44a0adefd2af8e13015c,APPROVED,2023-09-28T08:42:17.140000Z,2023-09-28T08:43:31.603000Z,2023-10-02T16:47:05.036000Z,2023-09-28T08:43:32.380000Z,75.0,NOCODE,397,"English, Hindi, Tamil",native language + three or more other languages,,,"Yes, I'm colourblind","Psychology, Travelling, Entrepreneurship",33,Male,Asian,India,United Kingdom,India,English,No,Full-Time,Not Applicable
65153df1fbdaa61ae8821bab,628ba7f30dfb8cb47abc2b40,APPROVED,2023-09-28T08:49:17.889000Z,2023-09-28T08:59:36.403000Z,2023-10-02T16:47:05.218000Z,2023-09-28T08:59:37.430000Z,619.0,CE2K9TTL,1189,English,none just my native langauge,,,"Yes, I'm colourblind","Music, Sports, Travelling",42,Male,White,United Kingdom,United Kingdom,United Kingdom,English,No,Full-Time,Not Applicable
65153e4d37bafd9262b98b4a,63d13c076dd249ca3a6bffbb,APPROVED,2023-09-28T08:50:21.614000Z,2023-09-28T08:56:33.969000Z,2023-10-02T16:47:05.403000Z,2023-09-28T08:56:34.823000Z,373.0,CE2K9TTL,1021,"Chinese, English",native language + one other language,,,"Yes, I'm colourblind","Health & Fitness, Travelling, Sports",41,Male,Asian,United Kingdom,United Kingdom,United Kingdom,English,No,Full-Time,Not Applicable
65153f5d523fa91888c9344b,63d13e0a872c3f8a47956a39,APPROVED,2023-09-28T08:55:04.642000Z,2023-09-28T09:05:10.701000Z,2023-10-02T16:47:05.555000Z,2023-09-28T09:05:55.834000Z,607.0,CE2K9TTL,67,English,none just my native langauge,,,"Yes, I'm colourblind","Video Games, Travelling, Politics",33,Male,White,United Kingdom,United Kingdom,United Kingdom,English,DATA_EXPIRED,DATA_EXPIRED,Not Applicable
651542df611bab15fd8452bf,642d957d5818c3b551dcb514,APPROVED,2023-09-28T09:09:55.984000Z,2023-09-28T09:16:26.389000Z,2023-10-02T16:47:05.791000Z,2023-09-28T09:16:27.209000Z,391.0,CE2K9TTL,629,English,none just my native langauge,,,"Yes, I'm colourblind","Music, Politics, Travelling",45,Male,White,United Kingdom,United Kingdom,United Kingdom,English,No,Full-Time,Not Applicable
651543953c220191853fb4e2,5f3d295755f8ed04b8a4dcbd,APPROVED,2023-09-28T09:12:56.124000Z,2023-09-28T09:22:13.876000Z,2023-10-02T16:47:05.945000Z,2023-09-28T09:22:14.798000Z,558.0,CE2K9TTL,93,English,none just my native langauge,,,"Yes, I'm colourblind","Video Games, Sports, Science",29,Male,Mixed,United Kingdom,United Kingdom,United Kingdom,English,DATA_EXPIRED,DATA_EXPIRED,Not Applicable
65154a4f76e8cbe4385d3523,63f018abf8a9cc18acee5799,APPROVED,2023-09-28T09:41:39.558000Z,2023-09-28T09:58:01.724000Z,2023-10-02T16:47:06.137000Z,2023-09-28T09:58:02.533000Z,983.0,is:CE2K9TTL,360,English,none just my native langauge,,,"Yes, I'm colourblind",Video Games,31,Male,White,United States,United States,United States,English,DATA_EXPIRED,DATA_EXPIRED,Not Applicable
65154b72ae90fc8ce354caed,5e31e1632878161c9923f90e,APPROVED,2023-09-28T09:46:37.637000Z,2023-09-28T10:09:30.391000Z,2023-10-02T16:47:06.306000Z,2023-09-28T10:09:31.242000Z,1373.0,CE2K9TTL,420,English,none just my native langauge,,,"Yes, I'm colourblind","Art, Music, Science",77,Male,White,United Kingdom,United Kingdom,United Kingdom,English,DATA_EXPIRED,"Not in paid work (e.g. homemaker', 'retired or disabled)",Not Applicable
65154e3825112ff6e5f530c6,65046a5b83113a5454de0d84,APPROVED,2023-09-28T09:58:21.097000Z,2023-09-28T10:12:48.579000Z,2023-10-02T16:47:06.469000Z,2023-09-28T10:12:49.373000Z,868.0,CE2K9TTL,308,English,native language + one other language,,,"Yes, I'm colourblind","Art, Health & Fitness, Literature",35,Male,Black,Nigeria,United Kingdom,Nigeria,English,Yes,DATA_EXPIRED,Not Applicable
65154ea90a58bc7fafe4c859,63d16db590b1cad99178a991,APPROVED,2023-09-28T10:08:50.960000Z,2023-09-28T10:17:54.972000Z,2023-10-02T16:47:06.670000Z,2023-09-28T10:17:56.287000Z,545.0,CE2K9TTL,375,English,none just my native langauge,,,"Yes, I'm colourblind","Economics, Health & Fitness, Science",27,Male,Black,United Kingdom,United Kingdom,United Kingdom,English,No,Full-Time,Not Applicable
651556096628a8e1f31a2f4b,63d3fa5f9ca6d38022920258,APPROVED,2023-09-28T10:31:40.194000Z,2023-09-28T10:35:47.026000Z,2023-10-02T16:47:06.859000Z,2023-09-28T10:35:47.804000Z,247.0,CE2K9TTL,483,English,none just my native langauge,,,"Yes, I'm colourblind","Economics, Politics, Travelling",21,Male,White,United States,United Kingdom,United Kingdom,English,Yes,"Not in paid work (e.g. homemaker', 'retired or disabled)",Not Applicable
651559eecad0dbb06c0688eb,5abdef1be1099600016a49d5,APPROVED,2023-09-28T10:48:14.214000Z,2023-09-28T10:54:15.553000Z,2023-10-02T16:47:07.034000Z,2023-09-28T10:54:16.316000Z,362.0,CE2K9TTL,266,English,none just my native langauge,,,"Yes, I'm colourblind","Video Games, Health & Fitness, Sports",53,Male,White,United Kingdom,United Kingdom,United Kingdom,English,DATA_EXPIRED,DATA_EXPIRED,Not Applicable
65155d5920dbf58ab7dfaf14,640f4e73468a5f639101e483,APPROVED,2023-09-28T11:02:55.286000Z,2023-09-28T11:33:08.840000Z,2023-10-02T16:47:07.255000Z,2023-09-28T11:33:09.871000Z,1814.0,CE2K9TTL,1224,English,none just my native langauge,,,"Yes, I'm colourblind","Psychology, Sociology, Sports",57,Male,White,United States,United States,United States,English,Yes,Full-Time,Not Applicable
651560147258a3548a0c2daa,5f315cecbe54fd0d2b853c89,APPROVED,2023-09-28T11:14:31.019000Z,2023-09-28T11:20:12.223000Z,2023-10-02T16:47:07.434000Z,2023-09-28T11:20:13.098000Z,342.0,CE2K9TTL,481,English,none just my native langauge,,,"Yes, I'm colourblind","Politics, Sports, Music",27,Male,White,United Kingdom,United Kingdom,United Kingdom,English,No,Full-Time,Not Applicable
65156277259aee58ae734ac2,63ec8f5a027af23c30842450,APPROVED,2023-09-28T11:24:43.185000Z,2023-09-28T11:30:03.561000Z,2023-10-02T16:47:07.600000Z,2023-09-28T11:30:04.290000Z,321.0,CE2K9TTL,594,English,none just my native langauge,,,"Yes, I'm colourblind","Health & Fitness, Music, Politics",31,Male,White,United Kingdom,United Kingdom,United Kingdom,English,No,Full-Time,Not Applicable
651570bc57e29af301a01124,5bf001c94863520001b1ca03,APPROVED,2023-09-28T12:25:35.426000Z,2023-09-28T12:30:56.255000Z,2023-10-02T16:47:07.769000Z,2023-09-28T12:30:57.603000Z,321.0,CE2K9TTL,479,English,native language + one other language,,,"Yes, I'm colourblind","Video Games, Science, Psychology",40,Male,White,United Kingdom,United Kingdom,United Kingdom,English,DATA_EXPIRED,DATA_EXPIRED,Not Applicable
6515760b5651a2d95fa1f90b,64d54c5c5e692e1ecb0a1793,APPROVED,2023-09-28T12:49:17.999000Z,2023-09-28T13:00:58.294000Z,2023-10-02T16:47:07.951000Z,2023-09-28T13:03:10.549000Z,701.0,CE2K9TTL,150,English,none just my native langauge,,,"Yes, I'm colourblind","Literature, Music, Politics",56,Male,White,United States,United States,United States,English,No,Full-Time,Not Applicable
65159a3a77e88cd592defa62,648a1f02e406361ac6ed6b51,APPROVED,2023-09-28T15:22:42.182000Z,2023-09-28T15:29:55.510000Z,2023-10-02T16:47:08.124000Z,2023-09-28T15:29:57.007000Z,434.0,CE2K9TTL,507,English,none just my native langauge,,,"Yes, I'm colourblind","Art, Literature, Entrepreneurship",73,Male,White,United States,United States,United States,English,No,Part-Time,Not Applicable
65159fa8b57f325df8eee74d,605a61833c69e6bf7a623dc3,APPROVED,2023-09-28T15:45:48.610000Z,2023-09-28T15:50:18.715000Z,2023-10-02T16:47:08.311000Z,2023-09-28T15:50:20.065000Z,271.0,CE2K9TTL,1127,"English, French",native language + one other language,,,"Yes, I'm colourblind","Economics, Science, Video Games",26,Male,White,United States,United States,United States,English,DATA_EXPIRED,DATA_EXPIRED,Not Applicable
6515a23b1d33c042291ea7c5,63d6756d6b06005c43c7c88e,APPROVED,2023-09-28T15:56:46.781000Z,2023-09-28T16:02:06.768000Z,2023-10-02T16:47:08.530000Z,2023-09-28T16:02:09.524000Z,320.0,CE2K9TTL,139,English,none just my native langauge,,,"Yes, I'm colourblind","Entrepreneurship, Economics, Video Games",41,Male,Asian,United Kingdom,United Kingdom,United Kingdom,English,No,Full-Time,Not Applicable
6515adcdb07806b61e9822dd,63ed34dbabf4b9bf03455481,APPROVED,2023-09-28T16:46:07.654000Z,2023-09-28T17:02:11.314000Z,2023-10-02T16:47:08.701000Z,2023-09-28T17:02:12.170000Z,964.0,CE2K9TTL,598,"English, Japanese, Swahili, Urdu, Hindi",native language + three or more other languages,,,"Yes, I'm colourblind","Video Games, Science, Sports",29,Male,Asian,United Kingdom,United Kingdom,United Kingdom,English,DATA_EXPIRED,DATA_EXPIRED,Not Applicable
6515b046d49fedb0527702b2,5ccd7ddc629bea0013d89f42,APPROVED,2023-09-28T16:56:41.133000Z,2023-09-28T17:01:50.562000Z,2023-10-02T16:47:08.888000Z,2023-09-28T17:01:52.796000Z,310.0,CE2K9TTL,26,English,none just my native langauge,,,"Yes, I'm colourblind","Science, Health & Fitness, Sports",19,Male,White,United Kingdom,United Kingdom,United Kingdom,English,DATA_EXPIRED,DATA_EXPIRED,Not Applicable
6515b41c2763794d01bac4ae,64ed2750464c77e6b6fca2c8,APPROVED,2023-09-28T17:13:25.630000Z,2023-09-28T17:20:13.781000Z,2023-10-02T16:47:09.058000Z,2023-09-28T17:20:14.729000Z,409.0,CE2K9TTL,71,English,none just my native langauge,,,"Yes, I'm colourblind","Video Games, Health & Fitness, Science",33,Male,White,New Zealand,New Zealand,New Zealand,English,Yes,Full-Time,Not Applicable
6515b9392f16ef657120bb11,63b6c0863cac38cef51210a4,APPROVED,2023-09-28T17:34:56.204000Z,2023-09-28T17:52:53.979000Z,2023-10-02T16:47:09.252000Z,2023-09-28T17:52:54.803000Z,1078.0,CE2K9TTL,1469,English,none just my native langauge,,,"Yes, I'm colourblind","Philosophy, Science, Video Games",35,Male,White,United States,United States,United States,English,No,Unemployed (and job seeking),Not Applicable
6515ba9945cedfdde1e171a4,63d8966cb1c8fda2f6006864,APPROVED,2023-09-28T17:41:20.925000Z,2023-09-28T17:55:33.703000Z,2023-10-02T16:47:09.464000Z,2023-09-28T17:55:34.817000Z,853.0,CE2K9TTL,754,"English, Italian",native language + one other language,,,"Yes, I'm colourblind","Health & Fitness, Psychology, Economics",37,Male,White,United Kingdom,United Kingdom,United Kingdom,English,No,Full-Time,Not Applicable
6515bf2f4b3dabfacc8ede2e,599c56736b939900012da52c,APPROVED,2023-09-28T18:00:18.885000Z,2023-09-28T18:10:28.657000Z,2023-10-02T16:47:09.649000Z,2023-09-28T18:10:29.482000Z,610.0,CE2K9TTL,171,English,none just my native langauge,,,"Yes, I'm colourblind","Travelling, Music, Video Games",31,Male,White,United States,United States,United States,English,DATA_EXPIRED,DATA_EXPIRED,Not Applicable
6515c2582763794d01bac6f8,63d3ff13c170f19987725d18,APPROVED,2023-09-28T18:13:47.178000Z,2023-09-28T18:18:21.658000Z,2023-10-02T16:47:09.854000Z,2023-09-28T18:18:25.804000Z,275.0,CE2K9TTL,343,English,none just my native langauge,,,"Yes, I'm colourblind","Music, Philosophy, Video Games",24,Male,White,United States,United States,United States,English,No,Full-Time,Not Applicable
6515c773b3d3acb7a1df023d,6081a85abf2e62aedccc90f2,APPROVED,2023-09-28T18:35:34.774000Z,2023-09-28T18:42:35.289000Z,2023-10-02T16:47:10.051000Z,2023-09-28T18:42:36.128000Z,421.0,CE2K9TTL,86,English,none just my native langauge,,,"Yes, I'm colourblind","Entrepreneurship, Video Games, Marketing",31,Male,White,United Kingdom,United Kingdom,United Kingdom,English,DATA_EXPIRED,DATA_EXPIRED,Not Applicable
6515d1e03389d3cf3fc33524,6448501a005e0fe9d154fa89,APPROVED,2023-09-28T19:20:03.473000Z,2023-09-28T19:28:14.092000Z,2023-10-02T16:47:10.244000Z,2023-09-28T19:28:14.929000Z,491.0,CE2K9TTL,461,English,none just my native langauge,,,"Yes, I'm colourblind","Video Games, Science, Music",27,Male,White,United Kingdom,United Kingdom,United Kingdom,English,No,Full-Time,Not Applicable
6515d8c1e5b8c8b3d564072b,5c190fe2f32daf0001e6edd7,APPROVED,2023-09-28T19:49:24.718000Z,2023-09-28T19:55:54.770000Z,2023-10-02T16:47:10.444000Z,2023-09-28T19:55:55.549000Z,391.0,CE2K9TTL,180,English,none just my native langauge,,,"Yes, I'm colourblind","Sports, Music, Video Games",30,Male,White,United Kingdom,United Kingdom,United Kingdom,English,No,Full-Time,Not Applicable
6515e38c0d0989d59fa024ca,5cc33788666a7c0017b159df,APPROVED,2023-09-28T20:35:26.475000Z,2023-09-28T20:48:01.245000Z,2023-10-02T16:47:10.591000Z,2023-09-28T20:48:02.347000Z,755.0,CE2K9TTL,445,English,none just my native langauge,,,"Yes, I'm colourblind","Music, Philosophy, Video Games",24,Male,Asian,United States,United States,United States,English,Yes,Unemployed (and job seeking),Not Applicable
6515e6eeea696e8add25db92,5831f08ebfb3b400015a6ad4,APPROVED,2023-09-28T20:50:00.606000Z,2023-09-28T20:58:47.662000Z,2023-10-02T16:47:10.755000Z,2023-09-28T20:58:48.831000Z,528.0,CE2K9TTL,5016,English,none just my native langauge,,,"Yes, I'm colourblind","Sports, Entrepreneurship, Health & Fitness",57,Male,White,United States,United States,United States,English,DATA_EXPIRED,DATA_EXPIRED,Not Applicable
6515f87137f79ecec0b604de,60cb595e2d3b6bed7644024f,APPROVED,2023-09-28T22:04:37.030000Z,2023-09-28T22:10:04.460000Z,2023-10-02T16:47:10.904000Z,2023-09-28T22:10:06.909000Z,328.0,CE2K9TTL,152,English,none just my native langauge,,,"Yes, I'm colourblind","Art, Politics, Video Games",34,Male,White,United States,United States,United States,English,DATA_EXPIRED,DATA_EXPIRED,Not Applicable
