Submission id,Participant id,Status,Custom study tncs accepted at,Started at,Completed at,Reviewed at,Archived at,Time taken,Completion code,Total approvals,Fluent languages,Colourblindness,Hobbies - categories,Age,Sex,Ethnicity simplified,Country of birth,Country of residence,Nationality,Language,Student status,Employment status
6276f8b7d2da991302bd4494,5fe36a68fd725a00113de0f1,APPROVED,Not Applicable,2022-05-07T22:54:48.819000Z,2022-05-07T23:20:28.574000Z,2022-05-09T15:27:23.843000Z,,1540.0,175F631D,187,"English, Portuguese, Spanish","Yes, I'm colourblind","Literature, Video Games, Travelling",32,Male,Mixed,Brazil,Spain,Spain,Portuguese,Yes,Full-Time
6276f8e8398a992f9c187d84,5b3d6a9ec2aa1000017781a0,APPROVED,Not Applicable,2022-05-07T22:55:36.228000Z,2022-05-07T23:22:32.639000Z,2022-05-09T15:27:23.976000Z,,1617.0,175F631D,1388,"Spanish, English","Yes, I'm colourblind","Mathematics, Sports, Music",68,Male,White,United Kingdom,Chile,United Kingdom,English,No,Full-Time
6276f922ce608833f61a1349,5ba0cc4dbabc5b00015e42f3,APPROVED,Not Applicable,2022-05-07T22:56:37.261000Z,2022-05-07T23:16:47.432000Z,2022-05-09T15:27:24.140000Z,,1211.0,175F631D,620,English,"Yes, I'm colourblind","Science, Music, Video Games",43,Male,White,Portugal,Portugal,Portugal,Portuguese,No,Full-Time
6276f945dd040db07adf8d18,59e790e2ac0af70001b36ad9,APPROVED,Not Applicable,2022-05-07T22:57:14.015000Z,2022-05-07T23:13:25.867000Z,2022-05-09T15:27:24.346000Z,,972.0,175F631D,713,"English, Italian","Yes, I'm colourblind","Sports, Health & Fitness, Video Games",33,Male,White,Italy,Italy,Italy,Italian,No,Full-Time
6276f9627019a0434b759c4e,59d9395703203500011acfcd,APPROVED,Not Applicable,2022-05-07T22:57:38.977000Z,2022-05-07T23:21:45.358000Z,2022-05-09T15:27:24.479000Z,,1447.0,175F631D,425,"English, Polish","Yes, I'm colourblind","Art, Video Games, Music",32,Female,White,Poland,Poland,Poland,Polish,No,Full-Time
6276f9a464a79f6a706add54,5c19b6e25ead950001bdb5a8,APPROVED,Not Applicable,2022-05-07T22:58:44.254000Z,2022-05-07T23:19:18.567000Z,2022-05-09T15:27:24.607000Z,,1235.0,175F631D,448,"Spanish, English","Yes, I'm colourblind","Literature, Science, Video Games",26,Male,Mixed,Mexico,Mexico,Mexico,Spanish,No,Part-Time
6276f9dfedf3651dbeeea3ec,5ff0c10d9bf07d463b719e0e,TIMED-OUT,Not Applicable,2022-05-07T23:04:19.699000Z,,,,61073989.0,,181,"English, Portuguese","Yes, I'm colourblind","Art, Music, Video Games",21,Male,White,Portugal,Portugal,Portugal,Portuguese,DATA_EXPIRED,DATA_EXPIRED
6276fad631aac522f1436022,5dfe7de0bf3d4eb1cc979a7a,RETURNED,Not Applicable,2022-05-07T23:03:50.250000Z,,,,,,418,CONSENT_REVOKED,CONSENT_REVOKED,CONSENT_REVOKED,CONSENT_REVOKED,CONSENT_REVOKED,CONSENT_REVOKED,CONSENT_REVOKED,CONSENT_REVOKED,CONSENT_REVOKED,CONSENT_REVOKED,CONSENT_REVOKED,CONSENT_REVOKED
6276fb1165d2a249658a3077,611e30b0e1ebed5af8580f67,APPROVED,Not Applicable,2022-05-07T23:04:58.160000Z,2022-05-07T23:19:57.949000Z,2022-05-09T15:27:24.787000Z,,900.0,175F631D,61,"English, Finnish, Afrikaans","Yes, I'm colourblind","Music, Travelling, Video Games",30,Female,White,South Africa,South Africa,South Africa,English,No,DATA_EXPIRED
6276fb55883ce10bde8d15c9,5d1aa8b2e1c05200018b570d,APPROVED,Not Applicable,2022-05-07T23:06:03.607000Z,2022-05-07T23:27:40.488000Z,2022-05-09T15:27:24.919000Z,,1297.0,175F631D,420,DATA_EXPIRED,DATA_EXPIRED,DATA_EXPIRED,DATA_EXPIRED,DATA_EXPIRED,DATA_EXPIRED,DATA_EXPIRED,DATA_EXPIRED,DATA_EXPIRED,DATA_EXPIRED,DATA_EXPIRED,DATA_EXPIRED
6276fb7923f9820683e31190,6153ae1e87ecf23bc773fd2d,APPROVED,Not Applicable,2022-05-07T23:06:33.143000Z,2022-05-07T23:19:43.717000Z,2022-05-09T15:27:25.072000Z,,791.0,175F631D,366,"English, Portuguese","Yes, I'm colourblind","Video Games, Health & Fitness, Science",23,Male,White,Portugal,Portugal,Portugal,Portuguese,No,Full-Time
6276fb81f6e48ceb1f113431,5c4d8a8734ee9300011d1dfa,APPROVED,Not Applicable,2022-05-07T23:06:47.604000Z,2022-05-07T23:23:24.996000Z,2022-05-09T15:27:25.223000Z,,998.0,175F631D,312,"Italian, English, Spanish","Yes, I'm colourblind","Video Games, Science",26,Male,White,Italy,Germany,Italy,Italian,No,Full-Time
6276fbba8604b248d473ed49,56dad6c711d0c5000b2b695b,APPROVED,Not Applicable,2022-05-07T23:07:44.703000Z,2022-05-07T23:34:49.477000Z,2022-05-09T15:27:25.382000Z,,1625.0,175F631D,1041,"English, French","Yes, I'm colourblind","Science, Mathematics",45,Male,White,Canada,Canada,Canada,French,No,Full-Time
6276fbdfcfccc231a0f0646e,616d1e53a356e5d661f2883d,TIMED-OUT,Not Applicable,2022-05-07T23:08:24.074000Z,,,,61073747.0,,161,DATA_EXPIRED,DATA_EXPIRED,DATA_EXPIRED,DATA_EXPIRED,DATA_EXPIRED,DATA_EXPIRED,DATA_EXPIRED,DATA_EXPIRED,DATA_EXPIRED,DATA_EXPIRED,DATA_EXPIRED,DATA_EXPIRED
6276fcacabddb538268affdc,5f1fc5b5f0adf01ed9d74ba1,APPROVED,Not Applicable,2022-05-07T23:11:40.637000Z,2022-05-07T23:32:27.327000Z,2022-05-09T15:27:25.526000Z,,1247.0,175F631D,607,"Swedish, English","Yes, I'm colourblind","Art, Video Games, Music",32,Male,White,Sweden,Sweden,Sweden,Swedish,DATA_EXPIRED,DATA_EXPIRED
6276fcd29917f09c01d0818d,61546f2e7f85f7098d7c0a9c,APPROVED,Not Applicable,2022-05-07T23:12:18.499000Z,2022-05-07T23:34:56.809000Z,2022-05-09T15:27:25.707000Z,,1359.0,175F631D,261,"Polish, English, German, Russian","Yes, I'm colourblind","Art, Music, Video Games",20,Male,White,Poland,Poland,Poland,Polish,No,Full-Time
6276fcdefdd822a5bb32f519,614c42908447ed39ec42efd5,APPROVED,Not Applicable,2022-05-07T23:12:51.677000Z,2022-05-07T23:39:42.531000Z,2022-05-09T15:27:25.863000Z,,1611.0,175F631D,301,"Portuguese, English","Yes, I'm colourblind","Travelling, Literature, Psychology",23,Female,White,Portugal,Portugal,Portugal,Portuguese,Yes,Part-Time
6276fd0cc9a3d7f3b12cf22c,6150d88aa2b17d699c6ba42f,TIMED-OUT,Not Applicable,2022-05-07T23:13:22.302000Z,,,,61073450.0,,132,"Afrikaans, English","Yes, I'm colourblind","Sports, Video Games, Politics",30,Male,Black,South Africa,South Africa,South Africa,English,DATA_EXPIRED,Full-Time
6276fd19c9a3d7f3b12cf22d,605b39ae0ae3413bae16c4d7,APPROVED,Not Applicable,2022-05-07T23:15:52.211000Z,2022-05-07T23:51:10.375000Z,2022-05-09T15:27:26.040000Z,,2119.0,175F631D,246,English,"Yes, I'm colourblind","Entrepreneurship, Literature, Music",24,Female,Black,Zimbabwe,South Africa,Zimbabwe,English,Yes,Unemployed (and job seeking)
6276fd2ab189ff665f101aae,605ddb3c61e1ce50865c3874,APPROVED,Not Applicable,2022-05-07T23:14:01.219000Z,2022-05-07T23:36:43.416000Z,2022-05-09T15:27:26.222000Z,,1363.0,175F631D,202,"Portuguese, English","Yes, I'm colourblind","Music, Health & Fitness, Sports",25,Male,White,Portugal,Portugal,Portugal,Portuguese,DATA_EXPIRED,DATA_EXPIRED
6276fd3ff702c99e52fd7786,5f3dc15f3f4f6a1e4390d10a,APPROVED,Not Applicable,2022-05-07T23:14:12.527000Z,2022-05-07T23:28:00.806000Z,2022-05-09T15:27:26.335000Z,,829.0,175F631D,161,English,"Yes, I'm colourblind","Philosophy, Video Games, Literature",40,Male,White,United States,United States,United States,English,No,Full-Time
6276fe12abddb538268affe7,5dde4e9f355822db81d74885,APPROVED,Not Applicable,2022-05-07T23:17:38.291000Z,2022-05-07T23:36:04.800000Z,2022-05-09T15:27:26.501000Z,,1107.0,175F631D,421,English,DATA_EXPIRED,"Science, Music, Video Games",31,Male,White,Canada,Canada,Canada,English,DATA_EXPIRED,DATA_EXPIRED
6276fe5e4f2b119d55807df4,602691763444df34d0917731,APPROVED,Not Applicable,2022-05-07T23:19:07.427000Z,2022-05-07T23:53:51.678000Z,2022-05-09T15:27:26.643000Z,,2085.0,175F631D,86,DATA_EXPIRED,DATA_EXPIRED,DATA_EXPIRED,DATA_EXPIRED,DATA_EXPIRED,DATA_EXPIRED,DATA_EXPIRED,DATA_EXPIRED,DATA_EXPIRED,DATA_EXPIRED,DATA_EXPIRED,DATA_EXPIRED
6276ff5c4660accda090dc95,5f9eb8c1c1dc8505f5f1bcd4,APPROVED,Not Applicable,2022-05-07T23:23:08.996000Z,2022-05-07T23:46:25.480000Z,2022-05-09T15:27:26.838000Z,,1397.0,175F631D,447,"English, Hungarian","Yes, I'm colourblind","Music, Video Games, Travelling",25,Male,White,Hungary,Hungary,Hungary,Hungarian,Yes,"Not in paid work (e.g. homemaker', 'retired or disabled)"
6276ff9e137deb1f39f37a3e,5f1669cf3136a01c1bdac33a,APPROVED,Not Applicable,2022-05-07T23:24:16.889000Z,2022-05-07T23:40:05.031000Z,2022-05-09T15:27:27.062000Z,,949.0,175F631D,343,"Spanish, English","Yes, I'm colourblind","Video Games, Politics, Art",23,Male,Mixed,Chile,Chile,Chile,Spanish,DATA_EXPIRED,DATA_EXPIRED
6276ffbaaf12d863b6b674ab,603f82cb2fafec01e1d6470a,APPROVED,Not Applicable,2022-05-07T23:24:45.757000Z,2022-05-07T23:39:23.731000Z,2022-05-09T15:27:27.218000Z,,878.0,175F631D,809,English,"Yes, I'm colourblind","Health & Fitness, Travelling, Psychology",59,Female,White,United Kingdom,United Kingdom,United Kingdom,English,No,Full-Time
6277003fa96465c0f9b2c0cc,5b339152afe1d00001c6c509,RETURNED,Not Applicable,2022-05-07T23:32:57.981000Z,,,,,,617,CONSENT_REVOKED,CONSENT_REVOKED,CONSENT_REVOKED,CONSENT_REVOKED,CONSENT_REVOKED,CONSENT_REVOKED,CONSENT_REVOKED,CONSENT_REVOKED,CONSENT_REVOKED,CONSENT_REVOKED,CONSENT_REVOKED,CONSENT_REVOKED
6277007f484e409e616d32d5,5d66849f0e3ff20016f36599,APPROVED,Not Applicable,2022-05-07T23:27:59.182000Z,2022-05-07T23:38:46.434000Z,2022-05-09T15:27:27.469000Z,,648.0,175F631D,449,"Spanish, English","Yes, I'm colourblind","Literature, Video Games, Philosophy",32,Male,White,Spain,Spain,Spain,Spanish,Yes,Unemployed (and job seeking)
627705ed77b836f798b6af71,606902f6e4f5453b7c5ad1bf,APPROVED,Not Applicable,2022-05-07T23:51:09.803000Z,2022-05-08T00:19:40.207000Z,2022-05-09T15:27:27.728000Z,,1711.0,175F631D,168,"Portuguese, English","Yes, I'm colourblind","Art, Mathematics, Music",22,Male,White,Portugal,Portugal,Portugal,Portuguese,No,Part-Time
6277062c4ed3fc418c8f2dc3,5bb5ddb068558a000125ab50,APPROVED,Not Applicable,2022-05-07T23:52:14.781000Z,2022-05-08T00:07:15.396000Z,2022-05-09T15:27:27.885000Z,,901.0,175F631D,1365,English,"Yes, I'm colourblind","Travelling, Video Games, Literature",35,Male,White,United Kingdom,United Kingdom,United Kingdom,English,Yes,Part-Time
6277066f2fe375bea91d86ce,614f85801e1e9ee811ad29c4,APPROVED,Not Applicable,2022-05-07T23:53:22.825000Z,2022-05-08T00:08:24.075000Z,2022-05-09T15:27:28.054000Z,,902.0,175F631D,630,"English, German","Yes, I'm colourblind","Literature, Science, Video Games",39,Male,White,Germany,Germany,Germany,German,No,Full-Time
627706ab380a62185635ff24,5ff3397d7e067a860bd69413,APPROVED,Not Applicable,2022-05-07T23:54:58.841000Z,2022-05-08T00:11:59.055000Z,2022-05-09T15:27:28.200000Z,,1021.0,175F631D,191,"English, German, Polish","Yes, I'm colourblind","Marketing, Sports, Video Games",22,Male,White,Poland,Poland,Poland,Polish,Yes,Part-Time
62770806ac072d50ce658ed0,5ee92dd4fff7862b8e96aec2,APPROVED,Not Applicable,2022-05-08T00:00:26.738000Z,2022-05-08T00:20:03.931000Z,2022-05-09T15:27:28.372000Z,,1178.0,175F631D,237,"English, Portuguese, Spanish","Yes, I'm colourblind","Sports, Travelling, Health & Fitness",22,Male,White,Portugal,Portugal,Portugal,Portuguese,DATA_EXPIRED,DATA_EXPIRED
627708e57de06a3e21bdb3a3,61080ed5ad0443de6c2125a3,APPROVED,Not Applicable,2022-05-08T00:03:49.216000Z,2022-05-08T00:24:08.693000Z,2022-05-09T15:27:28.584000Z,,1220.0,175F631D,172,English,"Yes, I'm colourblind","Art, Music, Video Games",31,Female,White,Canada,Canada,Canada,English,No,Full-Time
62770980b83ac7047591743e,595c19a78c7f1a00013bd40f,APPROVED,Not Applicable,2022-05-08T00:06:33.858000Z,2022-05-08T00:26:17.266000Z,2022-05-09T15:27:28.717000Z,,1184.0,175F631D,1781,English,"Yes, I'm colourblind",Economics,45,Male,White,United Kingdom,United Kingdom,United Kingdom,English,DATA_EXPIRED,DATA_EXPIRED
6277098831a5807caf730599,605ab9d5c01d0b0fc69930c5,APPROVED,Not Applicable,2022-05-08T00:06:32.660000Z,2022-05-08T00:51:59.844000Z,2022-05-09T15:27:28.888000Z,,2728.0,175F631D,2265,English,"Yes, I'm colourblind","Philosophy, Politics, Video Games",36,Male,White,United Kingdom,United Kingdom,United Kingdom,English,Yes,Full-Time
627709bf45feb408ca5f7dc1,60e0bf29c82295dfeed33944,RETURNED,Not Applicable,2022-05-08T00:17:27.879000Z,,,,,,1455,CONSENT_REVOKED,CONSENT_REVOKED,CONSENT_REVOKED,CONSENT_REVOKED,CONSENT_REVOKED,CONSENT_REVOKED,CONSENT_REVOKED,CONSENT_REVOKED,CONSENT_REVOKED,CONSENT_REVOKED,CONSENT_REVOKED,CONSENT_REVOKED
62770bd232766e8d5654b194,60475ddafab5d221cd809494,APPROVED,Not Applicable,2022-05-08T00:16:21.166000Z,2022-05-08T00:42:38.570000Z,2022-05-09T15:27:29.106000Z,,1578.0,175F631D,158,"German, English","Yes, I'm colourblind","Health & Fitness, Sports, Psychology",31,Male,White,Germany,Austria,Germany,German,DATA_EXPIRED,DATA_EXPIRED
62770d78d0c0764a57ef59f6,6234e0d21fd4424ca06648fc,APPROVED,Not Applicable,2022-05-08T00:23:23.670000Z,2022-05-08T00:40:06.172000Z,2022-05-09T15:27:29.269000Z,,1003.0,175F631D,396,English,"Yes, I'm colourblind","Science, Art, Travelling",36,Female,Mixed,United States,United States,United States,English,DATA_EXPIRED,DATA_EXPIRED
6277117c60c20f6140ae38dd,611cb646fc99d84182086c18,APPROVED,Not Applicable,2022-05-08T00:40:41.126000Z,2022-05-08T01:06:14.570000Z,2022-05-09T15:27:29.417000Z,,1534.0,175F631D,241,DATA_EXPIRED,DATA_EXPIRED,DATA_EXPIRED,DATA_EXPIRED,DATA_EXPIRED,DATA_EXPIRED,DATA_EXPIRED,DATA_EXPIRED,DATA_EXPIRED,DATA_EXPIRED,DATA_EXPIRED,DATA_EXPIRED
627711e7ab20267323378b3a,5edad1e39a8cdd16ed155b20,APPROVED,Not Applicable,2022-05-08T00:42:15.224000Z,2022-05-08T01:10:21.537000Z,2022-05-09T15:27:29.579000Z,,1687.0,175F631D,264,DATA_EXPIRED,DATA_EXPIRED,DATA_EXPIRED,DATA_EXPIRED,DATA_EXPIRED,DATA_EXPIRED,DATA_EXPIRED,DATA_EXPIRED,DATA_EXPIRED,DATA_EXPIRED,DATA_EXPIRED,DATA_EXPIRED
627712f8c33eb942d64085f6,613a7d067a00c792ee41f36d,APPROVED,Not Applicable,2022-05-08T00:46:48.058000Z,2022-05-08T01:23:09.836000Z,2022-05-09T15:27:29.739000Z,,2182.0,175F631D,287,"Spanish, English","Yes, I'm colourblind","Video Games, Science, Sports",23,Male,Mixed,Mexico,Mexico,Mexico,Spanish,DATA_EXPIRED,DATA_EXPIRED
627713b98b851cd1b90c4e6a,5fa09ce3f99e1611b5b1b9d7,APPROVED,Not Applicable,2022-05-08T00:50:04.997000Z,2022-05-08T01:08:35.618000Z,2022-05-09T15:27:29.875000Z,,1111.0,175F631D,282,"English, Greek","Yes, I'm colourblind","Sports, Video Games, Music",32,Male,White,Greece,Greece,Greece,Greek,DATA_EXPIRED,DATA_EXPIRED
62771558f1cc551e3873ad8c,5ed315edeed1c218661eb147,APPROVED,Not Applicable,2022-05-08T00:57:09.011000Z,2022-05-08T01:27:56.039000Z,2022-05-09T15:27:30.070000Z,,1848.0,175F631D,780,"Italian, English, French, German, Spanish","No, I have no issues seeing colours","Travelling, Science, Art",47,Female,White,Italy,Italy,Italy,Italian,No,Part-Time
627715d993ceb8193f16ac2a,5ea5dd6605b5170963934a65,APPROVED,Not Applicable,2022-05-08T00:59:08.277000Z,2022-05-08T01:11:34.536000Z,2022-05-09T15:27:30.276000Z,,747.0,175F631D,1507,English,"Yes, I'm colourblind","Video Games, Science, Literature",54,Male,White,United States,United States,United States,English,No,"Not in paid work (e.g. homemaker', 'retired or disabled)"
627718ec3c3156653acb9109,611bbe8d8ab04d00533aa84b,APPROVED,Not Applicable,2022-05-08T01:12:16.458000Z,2022-05-08T01:39:00.920000Z,2022-05-09T15:27:30.506000Z,,1605.0,175F631D,405,English,"Yes, I'm colourblind","Entrepreneurship, Health & Fitness, Sports",46,Male,White,United Kingdom,United Kingdom,United Kingdom,English,No,DATA_EXPIRED
62771ed4ca16bf7394196999,5f581e67a65b023913f667e8,APPROVED,Not Applicable,2022-05-08T01:37:28.291000Z,2022-05-08T02:05:30.409000Z,2022-05-09T15:27:30.652000Z,,1683.0,175F631D,772,English,"Yes, I'm colourblind","Art, Literature, Psychology",48,Male,White,United Kingdom,United Kingdom,United Kingdom,English,No,"Not in paid work (e.g. homemaker', 'retired or disabled)"
627720de1703b8e4480191e3,5eb16a92589b0406aedfc167,APPROVED,Not Applicable,2022-05-08T01:46:26.799000Z,2022-05-08T02:08:54.750000Z,2022-05-09T15:27:30.876000Z,,1348.0,175F631D,402,"English, Polish","Yes, I'm colourblind","Video Games, Music, Art",22,Male,White,Poland,Poland,Poland,Polish,Yes,Unemployed (and job seeking)
62772158310f27bcd7d37528,60c901574862da7a4941ab1c,APPROVED,Not Applicable,2022-05-08T01:48:11.100000Z,2022-05-08T02:13:48.903000Z,2022-05-09T15:27:31.040000Z,,1538.0,175F631D,78,"English, Greek","Yes, I'm colourblind","Music, Video Games, Health & Fitness",24,Male,White,Greece,Greece,Greece,Greek,Yes,Unemployed (and job seeking)
6277216bf8693d82116f2ad7,6159ec427ccfe8fb5f4dc7d0,TIMED-OUT,Not Applicable,2022-05-08T01:48:33.160000Z,,,,61064146.0,,86,English,"Yes, I'm colourblind","Music, Travelling, Art",24,Female,Black,South Africa,South Africa,South Africa,English,DATA_EXPIRED,DATA_EXPIRED
627722b2afa82bc066d8a0f8,5e86bb36c9511600093497fa,APPROVED,Not Applicable,2022-05-08T01:54:00.590000Z,2022-05-08T02:23:28.921000Z,2022-05-09T15:27:31.216000Z,,1769.0,175F631D,99,DATA_EXPIRED,DATA_EXPIRED,DATA_EXPIRED,DATA_EXPIRED,DATA_EXPIRED,DATA_EXPIRED,DATA_EXPIRED,DATA_EXPIRED,DATA_EXPIRED,DATA_EXPIRED,DATA_EXPIRED,DATA_EXPIRED
627722c0dc058c3ceb5241dd,5d9a74f72aae4c031a29af9b,APPROVED,Not Applicable,2022-05-08T01:55:03.433000Z,2022-05-08T02:09:49.853000Z,2022-05-09T15:27:31.406000Z,,887.0,175F631D,720,"English, Spanish","Yes, I'm colourblind","Music, Sports, Travelling",27,Male,Mixed,Mexico,Mexico,Mexico,Spanish,No,Full-Time
6277248af8693d82116f2aea,605f064127eec9cb4494b4d9,APPROVED,Not Applicable,2022-05-08T02:01:49.027000Z,2022-05-08T02:13:28.214000Z,2022-05-09T15:27:31.533000Z,,700.0,175F631D,1608,English,"Yes, I'm colourblind","Music, Science, Video Games",35,Male,White,United Kingdom,United Kingdom,United Kingdom,English,No,Full-Time
62772b6f2db25b53032df08b,60c3ffe6d7f1a8c25d490fab,APPROVED,Not Applicable,2022-05-08T02:31:30.678000Z,2022-05-08T03:01:14.127000Z,2022-05-09T15:27:31.680000Z,,1784.0,175F631D,728,English,"Yes, I'm colourblind","Entrepreneurship, Marketing, Music",57,Male,White,United Kingdom,United Kingdom,United Kingdom,English,DATA_EXPIRED,DATA_EXPIRED
62772fe953ef577304778e83,615f3f3f17f43c27c5ba2273,APPROVED,Not Applicable,2022-05-08T02:50:17.292000Z,2022-05-08T03:09:41.040000Z,2022-05-09T15:27:31.853000Z,,1164.0,175F631D,246,English,"Yes, I'm colourblind","Literature, Travelling, Entrepreneurship",36,Female,Black,South Africa,South Africa,South Africa,English,No,DATA_EXPIRED
627736715a57af4a35c4d123,611e8be405de1e23f7232157,APPROVED,Not Applicable,2022-05-08T03:18:09.818000Z,2022-05-08T03:41:39.692000Z,2022-05-09T15:27:32.032000Z,,1410.0,175F631D,531,"English, Spanish","Yes, I'm colourblind","Entrepreneurship, Video Games, Travelling",44,Male,White,Mexico,Mexico,Mexico,Spanish,Yes,Unemployed (and job seeking)
6277373312c4c1676d52a1a9,6134d8a566bc3dffe880e879,APPROVED,Not Applicable,2022-05-08T03:21:26.346000Z,2022-05-08T03:36:30.356000Z,2022-05-09T15:27:32.261000Z,,905.0,175F631D,7357,English,"Yes, I'm colourblind","Sports, Music, Entrepreneurship",66,Female,White,United States,United States,United States,English,No,Full-Time
62773766629369393a21936c,6229fff149374541c22a95bf,APPROVED,Not Applicable,2022-05-08T03:22:19.062000Z,2022-05-08T03:44:15.132000Z,2022-05-09T15:27:32.438000Z,,1317.0,175F631D,5096,English,"Yes, I'm colourblind","Health & Fitness, Music, Science",69,Male,White,United States,United States,United States,English,No,"Not in paid work (e.g. homemaker', 'retired or disabled)"
6277387aedfb84672058a7fd,57edb2f6045a690001bf1e7d,APPROVED,Not Applicable,2022-05-08T03:26:50.520000Z,2022-05-08T03:46:52.806000Z,2022-05-09T15:27:32.600000Z,,1203.0,175F631D,241,"English, German, Polish","Yes, I'm colourblind","Politics, Science, Psychology",34,Male,White,United Kingdom,United Kingdom,United Kingdom,English,DATA_EXPIRED,DATA_EXPIRED
62773b9079ab51ae6750bf74,5f454fc543b5c9111aaedb33,APPROVED,Not Applicable,2022-05-08T03:40:00.977000Z,2022-05-08T03:54:25.376000Z,2022-05-09T15:27:32.813000Z,,865.0,175F631D,1706,English,"Yes, I'm colourblind","Sports, Travelling, Psychology",40,Male,White,United Kingdom,United Kingdom,United Kingdom,English,No,Full-Time
62773d15d622a4d329e69133,601ae5ee8c799e3ef21c7816,APPROVED,Not Applicable,2022-05-08T03:46:31.846000Z,2022-05-08T04:09:46.901000Z,2022-05-09T15:27:32.985000Z,,1396.0,175F631D,694,"Dutch, English, French, Spanish","Yes, I'm colourblind","Travelling, Art",46,Male,White,Belgium,Belgium,Belgium,Dutch,No,Full-Time
62773da0cf10cf6fd946352c,60871d7dcbf3bd9bf2c40be8,APPROVED,Not Applicable,2022-05-08T03:48:48.383000Z,2022-05-08T04:28:25.676000Z,2022-05-09T15:27:33.130000Z,,2378.0,175F631D,487,"English, Greek","Yes, I'm colourblind","Politics, Science, Economics",66,Male,White,Greece,Greece,Greece,Greek,No,"Not in paid work (e.g. homemaker', 'retired or disabled)"
62773df2180b2f509caf7a11,5cf6413fca49dd0019155ce0,TIMED-OUT,Not Applicable,2022-05-08T03:50:16.226000Z,,,,61056845.0,,538,"English, French","Yes, I'm colourblind","Science, Travelling, Sports",32,Male,Black,Cameroon,United States,Cameroon,English,DATA_EXPIRED,DATA_EXPIRED
62773f267df830d853e5f496,60fd957e79d70d6be755ad8c,APPROVED,Not Applicable,2022-05-08T03:55:21.071000Z,2022-05-08T04:08:01.922000Z,2022-05-09T15:27:33.293000Z,,761.0,175F631D,485,English,"Yes, I'm colourblind","Psychology, Politics, Video Games",26,Female,White,United States,United States,United States,English,No,Full-Time
627741eaeeae546619a75af2,616ea5cef017f0d08a36900f,APPROVED,Not Applicable,2022-05-08T04:07:14.139000Z,2022-05-08T04:32:47.294000Z,2022-05-09T15:27:33.478000Z,,1534.0,175F631D,203,English,"Yes, I'm colourblind","Health & Fitness, Travelling, Art",24,Female,Black,South Africa,South Africa,South Africa,English,DATA_EXPIRED,DATA_EXPIRED
6277430c4df454b9a4d16620,611e5af17471f998568b95e7,APPROVED,Not Applicable,2022-05-08T04:12:01.983000Z,2022-05-08T04:32:35.676000Z,2022-05-09T15:27:33.641000Z,,1234.0,175F631D,217,English,"Yes, I'm colourblind","Marketing, Entrepreneurship, Sports",32,Male,Black,Swaziland,South Africa,South Africa,English,Yes,Full-Time
6277484e6be41b22adc48cbc,6172b64023526bce5eabfafc,APPROVED,Not Applicable,2022-05-08T04:34:29.169000Z,2022-05-08T05:02:01.142000Z,2022-05-09T15:27:33.798000Z,,1652.0,175F631D,136,English,"Yes, I'm colourblind","Marketing, Sociology, Travelling",32,Female,Black,Zimbabwe,South Africa,Zimbabwe,English,Yes,DATA_EXPIRED
62774ab2d556a6c654d3a312,6133efe4e9ef54497a4ec20f,TIMED-OUT,Not Applicable,2022-05-08T04:44:34.405000Z,,,,61053589.0,,17,"Afrikaans, English","Yes, I'm colourblind","Psychology, Science, Health & Fitness",30,Female,Black,South Africa,South Africa,South Africa,English,No,Due to start a new job within the next month
62774be9e14dca6a26d763cf,6104d7762d4afcf67943b45f,APPROVED,Not Applicable,2022-05-08T04:49:45.267000Z,2022-05-08T05:00:51.800000Z,2022-05-09T15:27:34.020000Z,,667.0,175F631D,195,"Italian, English","Yes, I'm colourblind","Literature, Music, Video Games",26,Male,White,Italy,Italy,Italy,Italian,No,Full-Time
62774c4b0429577f735b6eb4,60e6fa95f0d5e55625421e9a,APPROVED,Not Applicable,2022-05-08T04:51:45.508000Z,2022-05-08T05:23:02.490000Z,2022-05-09T15:27:34.152000Z,,1877.0,175F631D,516,English,"Yes, I'm colourblind","Entrepreneurship, Politics, Music",46,Female,Black,South Africa,South Africa,South Africa,English,Yes,Part-Time
62774e415c917d8f10981706,6048695a8b3e151a8d349b1b,APPROVED,Not Applicable,2022-05-08T04:59:53.684000Z,2022-05-08T05:16:28.881000Z,2022-05-09T15:27:34.298000Z,,996.0,175F631D,72,English,"Yes, I'm colourblind","Literature, Health & Fitness, Music",24,Female,Black,South Africa,South Africa,South Africa,English,DATA_EXPIRED,DATA_EXPIRED
62774ea24f05e3ceabfe1859,6166a0369608888c95f35a74,APPROVED,Not Applicable,2022-05-08T05:01:26.988000Z,2022-05-08T05:27:02.436000Z,2022-05-09T15:27:34.562000Z,,1536.0,175F631D,542,English,"Yes, I'm colourblind","Music, Politics, Sports",44,Male,Black,South Africa,South Africa,South Africa,English,No,Full-Time
627752f8ac44f36defe75dd5,5bd7971b0aac450001f951aa,TIMED-OUT,Not Applicable,2022-05-08T05:19:55.949000Z,,,,61051469.0,,6074,English,"Yes, I'm colourblind","Music, Psychology, Sociology",58,Female,White,United States,United States,United States,English,No,"Not in paid work (e.g. homemaker', 'retired or disabled)"
627752f97c81d9d46e9861a3,59e39cc9c0d35a0001294f20,APPROVED,Not Applicable,2022-05-08T05:19:59.687000Z,2022-05-08T05:58:39.636000Z,2022-05-09T15:27:34.742000Z,,2320.0,175F631D,3211,English,"Yes, I'm colourblind","Science, Literature, Music",70,Male,White,United Kingdom,United Kingdom,United Kingdom,English,No,"Not in paid work (e.g. homemaker', 'retired or disabled)"
627753260ace7acc0f0288bd,60fa3a6bc340239742618f33,APPROVED,Not Applicable,2022-05-08T05:20:47.355000Z,2022-05-08T05:48:44.973000Z,2022-05-09T15:27:34.927000Z,,1678.0,175F631D,63,English,"Yes, I'm colourblind","Economics, Music, Travelling",33,Female,Black,South Africa,South Africa,South Africa,English,DATA_EXPIRED,DATA_EXPIRED
627753716d83c3aee63deb43,5c837ecaa01a2400014bad3b,APPROVED,Not Applicable,2022-05-08T05:21:59.119000Z,2022-05-08T05:59:07.313000Z,2022-05-09T15:27:35.067000Z,,2229.0,175F631D,956,DATA_EXPIRED,DATA_EXPIRED,DATA_EXPIRED,DATA_EXPIRED,DATA_EXPIRED,DATA_EXPIRED,DATA_EXPIRED,DATA_EXPIRED,DATA_EXPIRED,DATA_EXPIRED,DATA_EXPIRED,DATA_EXPIRED
627755190e0388103320b000,5cff2e1decc4ee0018d200e8,APPROVED,Not Applicable,2022-05-08T05:30:03.292000Z,2022-05-08T05:45:49.860000Z,2022-05-09T15:27:35.193000Z,,947.0,175F631D,368,"Spanish, English","Yes, I'm colourblind","Video Games, Politics, Sociology",25,Male,Mixed,Mexico,Mexico,Mexico,Spanish,DATA_EXPIRED,DATA_EXPIRED
627756ca51a8f096c61ff6b2,5e3771ec1c0a777104418d79,APPROVED,Not Applicable,2022-05-08T05:36:19.167000Z,2022-05-08T05:55:08.918000Z,2022-05-09T15:27:35.386000Z,,1130.0,175F631D,1056,"French, English","Yes, I'm colourblind","Health & Fitness, Psychology",64,Male,White,Canada,Canada,Canada,English,No,Part-Time
62775712807cedca406a1bd9,612b3134d6e373bd9f73afbf,APPROVED,Not Applicable,2022-05-08T05:37:28.661000Z,2022-05-08T06:01:55.751000Z,2022-05-09T15:27:35.536000Z,,1468.0,175F631D,128,English,"Yes, I'm colourblind","Health & Fitness, Travelling, Entrepreneurship",23,Female,Black,South Africa,South Africa,South Africa,English,Yes,Full-Time
62775738bc550ef003f685fb,5c022a94d183df000141f1e2,APPROVED,Not Applicable,2022-05-08T05:38:00.037000Z,2022-05-08T05:55:37.303000Z,2022-05-09T15:27:35.705000Z,,1058.0,175F631D,3632,English,"Yes, I'm colourblind","Science, Sports, Entrepreneurship",53,Male,White,United States,United States,United States,English,No,Full-Time
627757bc185e19612007891b,610b0a1bf2434edb31592209,APPROVED,Not Applicable,2022-05-08T05:40:11.995000Z,2022-05-08T06:12:15.602000Z,2022-05-09T15:27:35.830000Z,,1924.0,175F631D,98,"English, Spanish","Yes, I'm colourblind","Music, Sports, Science",22,Male,White,Mexico,Mexico,Mexico,Spanish,DATA_EXPIRED,DATA_EXPIRED
627757efd354afa51f7a602e,5d0ca909a37d8b0018913ca4,APPROVED,Not Applicable,2022-05-08T05:41:55.924000Z,2022-05-08T05:55:25.562000Z,2022-05-09T15:27:35.965000Z,,810.0,175F631D,1704,English,"Yes, I'm colourblind","Music, Sports, Literature",86,Male,White,United Kingdom,United Kingdom,United Kingdom,English,DATA_EXPIRED,DATA_EXPIRED
62775892185e19612007891e,5d4310bbd8e961001b825ca4,APPROVED,Not Applicable,2022-05-08T05:43:49.461000Z,2022-05-08T05:58:47.772000Z,2022-05-09T15:27:36.176000Z,,899.0,175F631D,3204,English,"Yes, I'm colourblind","Sports, Politics, Travelling",65,Male,White,United Kingdom,United Kingdom,United Kingdom,English,No,Full-Time
627758a98d3c6869813603dd,5d02695334bace00012a468c,APPROVED,Not Applicable,2022-05-08T05:44:12.722000Z,2022-05-08T06:07:22.535000Z,2022-05-09T15:27:36.389000Z,,1390.0,175F631D,452,"Hebrew, English","Yes, I'm colourblind","Economics, Music, Travelling",26,Male,Asian,Israel,Israel,Israel,Hebrew,Yes,Full-Time
627758d4f9ad257a83cf47be,5bf116a61e78580001dc4842,APPROVED,Not Applicable,2022-05-08T05:44:54.465000Z,2022-05-08T06:07:43.102000Z,2022-05-09T15:27:36.575000Z,,1369.0,175F631D,4260,"Chinese, English","Yes, I'm colourblind","Science, Economics, Health & Fitness",24,Male,Asian,United States,United States,United States,Chinese,DATA_EXPIRED,DATA_EXPIRED
62775a709ff79765830efefd,59d395800118340001369be1,APPROVED,Not Applicable,2022-05-08T05:51:47.709000Z,2022-05-08T06:07:59.012000Z,2022-05-09T15:27:36.737000Z,,972.0,175F631D,2249,"English, French","Yes, I'm colourblind","Sports, Marketing, Music",32,Male,White,United Kingdom,United Kingdom,United Kingdom,English,No,DATA_EXPIRED
62775a938d3c6869813603e2,5d3a5858f7ddf70001353ae4,APPROVED,Not Applicable,2022-05-08T05:52:19.120000Z,2022-05-08T06:09:43.996000Z,2022-05-09T15:27:36.925000Z,,1045.0,175F631D,610,English,"Yes, I'm colourblind","Science, Philosophy, Health & Fitness",33,Male,White,New Zealand,New Zealand,New Zealand,English,No,Full-Time
62775aa9db9b0bcf9f7d4b9e,611912de5a969fac0879abe0,TIMED-OUT,Not Applicable,2022-05-08T05:52:51.185000Z,,,,61049496.0,,281,English,"Yes, I'm colourblind","Music, Video Games, Health & Fitness",38,Female,Black,South Africa,South Africa,South Africa,English,DATA_EXPIRED,Part-Time
62775e2b4a4432487d2e4856,614e155acfb658911e1b16f7,APPROVED,Not Applicable,2022-05-08T06:07:52.099000Z,2022-05-08T06:25:40.022000Z,2022-05-09T15:27:37.172000Z,,1068.0,175F631D,196,English,"Yes, I'm colourblind","Psychology, Travelling, Health & Fitness",37,Female,Black,South Africa,South Africa,South Africa,English,DATA_EXPIRED,Part-Time
62775f8859563376b91ee98d,5fb25a7e5960a87fb627c12b,APPROVED,Not Applicable,2022-05-08T06:13:32.483000Z,2022-05-08T06:37:06.504000Z,2022-05-09T15:27:37.313000Z,,1415.0,175F631D,1830,"French, Urdu, English","Yes, I'm colourblind","Art, Politics, Travelling",77,Male,White,United Kingdom,United Kingdom,United Kingdom,English,No,"Not in paid work (e.g. homemaker', 'retired or disabled)"
62775fc20b392a3626715095,60f5763eb0c6dde109026ff5,APPROVED,Not Applicable,2022-05-08T06:14:39.666000Z,2022-05-08T06:40:02.352000Z,2022-05-09T15:27:37.463000Z,,1523.0,175F631D,269,English,"Yes, I'm colourblind","Art, Music, Travelling",21,Female,Black,South Africa,South Africa,South Africa,English,Yes,Due to start a new job within the next month
62776065566b0da277f3733c,5f1af086e0ba3225821329c7,APPROVED,Not Applicable,2022-05-08T06:17:13.121000Z,2022-05-08T06:38:00.843000Z,2022-05-09T15:27:37.668000Z,,1248.0,175F631D,1170,English,"Yes, I'm colourblind","Health & Fitness, Music, Sports",33,Male,White,United Kingdom,United Kingdom,United Kingdom,English,No,Full-Time
627760adf0cb567e3602aa96,5ff4a242cbe069bc27d9278b,APPROVED,Not Applicable,2022-05-08T06:18:21.243000Z,2022-05-08T06:36:01.049000Z,2022-05-09T15:27:37.865000Z,,1060.0,175F631D,1331,"English, Italian","Yes, I'm colourblind","Science, Travelling, Mathematics",47,Male,White,Italy,Italy,Italy,Italian,No,Full-Time
627761e9b9f9c14aaba2982f,5ea00fd3dc4409000ab95048,APPROVED,Not Applicable,2022-05-08T06:23:41.460000Z,2022-05-08T06:46:29.159000Z,2022-05-09T15:27:38.060000Z,,1368.0,175F631D,1320,English,"Yes, I'm colourblind","Music, Politics",72,Male,White,United Kingdom,United Kingdom,United Kingdom,English,No,Part-Time
6277621fe509148725725f07,61176ed28c8935138ab6a64b,APPROVED,Not Applicable,2022-05-08T06:24:31.557000Z,2022-05-08T06:53:31.911000Z,2022-05-09T15:27:38.242000Z,,1741.0,175F631D,519,English,"Yes, I'm colourblind","Science, Music, Sports",28,Male,Black,South Africa,South Africa,South Africa,English,Yes,Full-Time
6277633b94254e92271eeef3,62679e64d9dccf21e99ea442,RETURNED,Not Applicable,2022-05-08T06:29:27.276000Z,,,,,,316,CONSENT_REVOKED,CONSENT_REVOKED,CONSENT_REVOKED,CONSENT_REVOKED,CONSENT_REVOKED,CONSENT_REVOKED,CONSENT_REVOKED,CONSENT_REVOKED,CONSENT_REVOKED,CONSENT_REVOKED,CONSENT_REVOKED,CONSENT_REVOKED
627763705742ae66efc69e8f,5f7becc19ffec41eeb3afdd4,APPROVED,Not Applicable,2022-05-08T06:30:15.092000Z,2022-05-08T06:43:46.281000Z,2022-05-09T15:27:38.401000Z,,812.0,175F631D,263,English,"Yes, I'm colourblind","Mathematics, Travelling",69,Male,White,New Zealand,New Zealand,New Zealand,English,No,"Not in paid work (e.g. homemaker', 'retired or disabled)"
62776402eb403038878db841,609bfaeea5897bb6de3dc16f,APPROVED,Not Applicable,2022-05-08T06:32:34.154000Z,2022-05-08T06:55:18.801000Z,2022-05-09T15:27:38.571000Z,,1365.0,175F631D,204,English,"Yes, I'm colourblind","Health & Fitness, Music, Travelling",49,Male,White,Ireland,Ireland,Ireland,English,No,"Not in paid work (e.g. homemaker', 'retired or disabled)"
6277644f3eba66e235f4f302,6041fb6a61119008783f2fef,APPROVED,Not Applicable,2022-05-08T06:33:51.147000Z,2022-05-08T06:53:14.458000Z,2022-05-09T15:27:38.758000Z,,1164.0,175F631D,351,"English, Polish","Yes, I'm colourblind","Psychology, Video Games, Music",21,Male,White,Poland,Poland,Poland,Polish,Yes,Other
6277647a64b9237d5f02f205,608aea6326ce92d7fe67d323,APPROVED,Not Applicable,2022-05-08T06:34:38.833000Z,2022-05-08T06:54:36.640000Z,2022-05-09T15:27:38.903000Z,,1198.0,175F631D,66,"Afrikaans, English","Yes, I'm colourblind","Entrepreneurship, Literature, Philosophy",26,Female,Black,South Africa,South Africa,South Africa,English,No,DATA_EXPIRED
6277660b9e8943548d50b1d9,59d3958ed552520001fe6dfc,APPROVED,Not Applicable,2022-05-08T06:41:23.368000Z,2022-05-08T07:10:44.359000Z,2022-05-09T15:27:39.166000Z,,1761.0,175F631D,893,English,"Yes, I'm colourblind","Science, Video Games, Health & Fitness",43,Male,White,United Kingdom,United Kingdom,United Kingdom,English,DATA_EXPIRED,DATA_EXPIRED
627766b81e9a567b65598546,612be9da0b989dd0d6eda5a2,APPROVED,Not Applicable,2022-05-08T06:44:43.972000Z,2022-05-08T07:02:34.870000Z,2022-05-09T15:27:39.380000Z,,1071.0,175F631D,148,DATA_EXPIRED,DATA_EXPIRED,DATA_EXPIRED,DATA_EXPIRED,DATA_EXPIRED,DATA_EXPIRED,DATA_EXPIRED,DATA_EXPIRED,DATA_EXPIRED,DATA_EXPIRED,DATA_EXPIRED,DATA_EXPIRED
627768379e99d15aa0ab76c0,60b1073cfd6d4ef92a3fed74,APPROVED,Not Applicable,2022-05-08T06:50:35.788000Z,2022-05-08T07:12:32.453000Z,2022-05-09T15:27:39.629000Z,,1317.0,175F631D,1747,English,"Yes, I'm colourblind","Music, Politics, Science",50,Male,White,United Kingdom,United Kingdom,United Kingdom,English,No,Full-Time
6277685efd4b559a1fe9ab8e,5e7b1409f898741063f7a2f1,APPROVED,Not Applicable,2022-05-08T06:51:10.675000Z,2022-05-08T07:12:36.967000Z,2022-05-09T15:27:39.863000Z,,1287.0,175F631D,340,"English, German, Italian, Polish","Yes, I'm colourblind","Sociology, Economics, Health & Fitness",22,Female,White,Poland,Poland,Poland,Polish,Yes,Unemployed (and job seeking)
627768dc460a5d653892cc44,60c6142639e06670d219098c,APPROVED,Not Applicable,2022-05-08T06:53:16.003000Z,2022-05-08T07:16:56.439000Z,2022-05-09T15:27:40.164000Z,,1421.0,175F631D,96,"English, French","Yes, I'm colourblind","Art, Philosophy, Science",24,Male,White,France,France,France,French,DATA_EXPIRED,DATA_EXPIRED
627769a26240db65716652cc,60deb63539c4fb727e50bd52,APPROVED,Not Applicable,2022-05-08T06:56:48.429000Z,2022-05-08T07:19:16.935000Z,2022-05-09T15:27:40.329000Z,,1349.0,175F631D,1250,English,"Yes, I'm colourblind","Entrepreneurship, Music, Psychology",51,Female,Mixed,Germany,United Kingdom,United Kingdom,English,No,"Not in paid work (e.g. homemaker', 'retired or disabled)"
627769c4e433e1ebae087c06,5a89648317ef35000170a7d0,TIMED-OUT,Not Applicable,2022-05-08T06:57:19.988000Z,,,,61045630.0,,520,English,"Yes, I'm colourblind",Literature,86,Male,White,United Kingdom,United Kingdom,United Kingdom,English,DATA_EXPIRED,DATA_EXPIRED
62776a4314e931ada60a65c3,615adff1a708c42439a715d9,APPROVED,Not Applicable,2022-05-08T06:59:20.482000Z,2022-05-08T07:30:09.576000Z,2022-05-09T15:27:40.479000Z,,1850.0,175F631D,225,English,"Yes, I'm colourblind","Economics, Entrepreneurship, Literature",29,Female,Black,South Africa,South Africa,South Africa,English,Yes,Unemployed (and job seeking)
62776a9af7d1dc217f01d2ea,5961076cee166f00019591bf,APPROVED,Not Applicable,2022-05-08T07:00:49.214000Z,2022-05-08T07:39:44.327000Z,2022-05-09T15:27:40.620000Z,,2336.0,175F631D,2285,English,"Yes, I'm colourblind","Art, Music, Video Games",26,Male,White,United Kingdom,United Kingdom,United Kingdom,English,No,DATA_EXPIRED
62776b53b3beeb79d4b1a0fb,60ede94675fd1c1166e71fef,APPROVED,Not Applicable,2022-05-08T07:03:47.481000Z,2022-05-08T07:25:16.069000Z,2022-05-09T15:27:40.820000Z,,1289.0,175F631D,42,English,"Yes, I'm colourblind","Health & Fitness, Science, Travelling",25,Female,Black,South Africa,South Africa,South Africa,English,Yes,Part-Time
62776c693fb650a67240ebd0,5c3b37f5f5ebd50001856319,APPROVED,Not Applicable,2022-05-08T07:08:38.863000Z,2022-05-08T07:27:04.855000Z,2022-05-09T15:27:40.999000Z,,1106.0,175F631D,316,"English, Polish","Yes, I'm colourblind",Video Games,33,Male,White,Poland,Poland,Poland,Polish,DATA_EXPIRED,DATA_EXPIRED
62776c8c52e759ea9ef685ae,60e1ae76ed80cb2d8c84b68b,APPROVED,Not Applicable,2022-05-08T07:09:35.021000Z,2022-05-08T07:45:50.159000Z,2022-05-09T15:27:41.151000Z,,2176.0,175F631D,36,"Afrikaans, English","Yes, I'm colourblind","Entrepreneurship, Literature, Music",26,Female,Black,South Africa,South Africa,South Africa,English,DATA_EXPIRED,DATA_EXPIRED
62777326bc695e73cfeafc31,5d31c201c88f0e001a4c3cb3,APPROVED,Not Applicable,2022-05-08T07:37:10.621000Z,2022-05-08T07:54:53.699000Z,2022-05-09T15:27:41.275000Z,,1064.0,175F631D,2315,English,"Yes, I'm colourblind",Video Games,62,Male,White,United Kingdom,United Kingdom,United Kingdom,English,No,Full-Time
